path,keywords,match_count,content_excerpt_copied
configs/base.yaml,final_week,13,False
configs/base_v2_2_2of4.yaml,final_week,13,False
configs/matrices/P7_final_week_frozen_10plus20seed.yaml,final_week,126,False
configs/matrices/v2_2/P4_temporal_validation_resolved.yaml,selected_config,106,False
configs/matrices/v2_2/P5_formal_resolved.yaml,selected_config,282,False
configs/matrices/v2_2/P6_formal_resolved.yaml,final_week|selected_config,78,False
configs/matrices/v2_2/P7_final_week_frozen_10plus20seed.yaml,final_week,126,False
logs/failed_launch_P4_v2_2_campaign.stderr.log,final_week,4,False
logs/P4_boost_P4_xgboost_fold4_s2025.stderr.log,final_week,1,False
logs/P4_boost_P4_xgboost_fold4_s42.stderr.log,final_week,1,False
logs/P4_v2_2_campaign.stderr.log,final_week,112,False
logs/P4_v2_2_campaign.stdout.log,final_week,1,False
logs/P5_gpu_light_probe.stderr.log,final_week,1,False
logs/P5_v2_2_campaign.stdout.log,final_week,1,False
logs/phase0_20260726_062734.log,final_week,7,False
logs/phase0_20260726_062811.log,final_week,7,False
logs/P2_v2_2_parallel_retry1/002_P2_retry_st_transformer_deterministic_fold4_seed42.stderr.log,final_week,2,False
logs/P2_v2_2_parallel_retry1/summary.json,final_week,8,False
logs/P2_v2_2_parallel_run1/002_P2_smoke_gru_fold4_seed42.stderr.log,final_week,3,False
logs/P2_v2_2_parallel_run1/004_P2_smoke_st_transformer_lite_fold4_seed42.stderr.log,final_week,3,False
logs/P2_v2_2_parallel_run1/summary.json,final_week,20,False
logs/P3_v2_2_parallel_run1/055_P3_st_transformer_lite_trial01.stderr.log,final_week,2,False
logs/P3_v2_2_parallel_run1/056_P3_st_transformer_lite_trial02.stderr.log,final_week,2,False
logs/P3_v2_2_parallel_run1/057_P3_st_transformer_lite_trial03.stderr.log,final_week,2,False
logs/P3_v2_2_parallel_run1/058_P3_st_transformer_lite_trial04.stderr.log,final_week,2,False
logs/P3_v2_2_parallel_run1/059_P3_st_transformer_lite_trial05.stderr.log,final_week,2,False
logs/P3_v2_2_parallel_run1/060_P3_st_transformer_lite_trial06.stderr.log,final_week,2,False
logs/P3_v2_2_parallel_run1/061_P3_st_transformer_lite_trial07.stderr.log,final_week,2,False
logs/P3_v2_2_parallel_run1/062_P3_st_transformer_lite_trial08.stderr.log,final_week,2,False
logs/P3_v2_2_parallel_run1/063_P3_st_transformer_lite_trial09.stderr.log,final_week,2,False
logs/P3_v2_2_parallel_run1/064_P3_st_transformer_lite_trial10.stderr.log,final_week,2,False
logs/P3_v2_2_parallel_run1/065_P3_st_transformer_lite_trial11.stderr.log,final_week,2,False
logs/P3_v2_2_parallel_run1/066_P3_st_transformer_lite_trial12.stderr.log,final_week,2,False
logs/P3_v2_2_parallel_run1/postfreeze_data_pipeline_tests.json,final_week,2,False
logs/P3_v2_2_parallel_run1/precompleted.json,final_week,3,False
logs/P3_v2_2_parallel_run1/summary.json,final_week,365,False
logs/P4_v2_2_parallel_run1/001_P4_persistence_fold2.stderr.log,final_week,1,False
logs/P4_v2_2_parallel_run1/002_P4_persistence_fold3.stderr.log,final_week,1,False
logs/P4_v2_2_parallel_run1/003_P4_persistence_fold4.stderr.log,final_week,1,False
logs/P4_v2_2_parallel_run1/004_P4_seasonal_ha_fold1.stderr.log,final_week,1,False
logs/P4_v2_2_parallel_run1/005_P4_seasonal_ha_fold2.stderr.log,final_week,1,False
logs/P4_v2_2_parallel_run1/006_P4_seasonal_ha_fold3.stderr.log,final_week,1,False
logs/P4_v2_2_parallel_run1/007_P4_seasonal_ha_fold4.stderr.log,final_week,1,False
logs/P4_v2_2_parallel_run1/008_P4_ridge_fold1.stderr.log,final_week,1,False
logs/P4_v2_2_parallel_run1/009_P4_ridge_fold2.stderr.log,final_week,1,False
logs/P4_v2_2_parallel_run1/010_P4_ridge_fold3.stderr.log,final_week,1,False
logs/P4_v2_2_parallel_run1/011_P4_ridge_fold4.stderr.log,final_week,1,False
logs/P4_v2_2_parallel_run1/012_P4_xgboost_fold1_s42.stderr.log,final_week,1,False
logs/P4_v2_2_parallel_run1/013_P4_xgboost_fold1_s2025.stderr.log,final_week,1,False
logs/P4_v2_2_parallel_run1/014_P4_xgboost_fold1_s2026.stderr.log,final_week,1,False
logs/P4_v2_2_parallel_run1/015_P4_xgboost_fold1_s3407.stderr.log,final_week,1,False
logs/P4_v2_2_parallel_run1/016_P4_xgboost_fold1_s202607.stderr.log,final_week,1,False
logs/P4_v2_2_parallel_run1/017_P4_xgboost_fold2_s42.stderr.log,final_week,1,False
logs/P4_v2_2_parallel_run1/018_P4_xgboost_fold2_s2025.stderr.log,final_week,1,False
logs/P4_v2_2_parallel_run1/019_P4_xgboost_fold2_s2026.stderr.log,final_week,1,False
logs/P4_v2_2_parallel_run1/020_P4_xgboost_fold2_s3407.stderr.log,final_week,1,False
logs/P4_v2_2_parallel_run1/021_P4_xgboost_fold2_s202607.stderr.log,final_week,1,False
logs/P4_v2_2_parallel_run1/022_P4_xgboost_fold3_s42.stderr.log,final_week,1,False
logs/P4_v2_2_parallel_run1/023_P4_xgboost_fold3_s2025.stderr.log,final_week,1,False
logs/P4_v2_2_parallel_run1/024_P4_xgboost_fold3_s2026.stderr.log,final_week,1,False
logs/P4_v2_2_parallel_run1/025_P4_xgboost_fold3_s3407.stderr.log,final_week,1,False
logs/P4_v2_2_parallel_run1/026_P4_xgboost_fold3_s202607.stderr.log,final_week,1,False
logs/P4_v2_2_parallel_run1/029_P4_xgboost_fold4_s2026.stderr.log,final_week,1,False
logs/P4_v2_2_parallel_run1/030_P4_xgboost_fold4_s3407.stderr.log,final_week,1,False
logs/P4_v2_2_parallel_run1/031_P4_xgboost_fold4_s202607.stderr.log,final_week,1,False
logs/P4_v2_2_parallel_run1/032_P4_gru_fold1_s42.stderr.log,final_week,1,False
logs/P4_v2_2_parallel_run1/033_P4_gru_fold1_s2025.stderr.log,final_week,1,False
logs/P4_v2_2_parallel_run1/034_P4_gru_fold1_s2026.stderr.log,final_week,1,False
logs/P4_v2_2_parallel_run1/035_P4_gru_fold1_s3407.stderr.log,final_week,1,False
logs/P4_v2_2_parallel_run1/036_P4_gru_fold1_s202607.stderr.log,final_week,1,False
logs/P4_v2_2_parallel_run1/037_P4_gru_fold2_s42.stderr.log,final_week,1,False
logs/P4_v2_2_parallel_run1/038_P4_gru_fold2_s2025.stderr.log,final_week,1,False
logs/P4_v2_2_parallel_run1/039_P4_gru_fold2_s2026.stderr.log,final_week,1,False
logs/P4_v2_2_parallel_run1/040_P4_gru_fold2_s3407.stderr.log,final_week,1,False
logs/P4_v2_2_parallel_run1/041_P4_gru_fold2_s202607.stderr.log,final_week,1,False
logs/P4_v2_2_parallel_run1/042_P4_gru_fold3_s42.stderr.log,final_week,1,False
logs/P4_v2_2_parallel_run1/043_P4_gru_fold3_s2025.stderr.log,final_week,1,False
logs/P4_v2_2_parallel_run1/044_P4_gru_fold3_s2026.stderr.log,final_week,1,False
logs/P4_v2_2_parallel_run1/045_P4_gru_fold3_s3407.stderr.log,final_week,1,False
logs/P4_v2_2_parallel_run1/046_P4_gru_fold3_s202607.stderr.log,final_week,1,False
logs/P4_v2_2_parallel_run1/047_P4_gru_fold4_s42.stderr.log,final_week,1,False
logs/P4_v2_2_parallel_run1/048_P4_gru_fold4_s2025.stderr.log,final_week,1,False
logs/P4_v2_2_parallel_run1/049_P4_gru_fold4_s2026.stderr.log,final_week,1,False
logs/P4_v2_2_parallel_run1/050_P4_gru_fold4_s3407.stderr.log,final_week,1,False
logs/P4_v2_2_parallel_run1/051_P4_gru_fold4_s202607.stderr.log,final_week,1,False
logs/P4_v2_2_parallel_run1/052_P4_tcn_fold1_s42.stderr.log,final_week,1,False
logs/P4_v2_2_parallel_run1/053_P4_tcn_fold1_s2025.stderr.log,final_week,1,False
logs/P4_v2_2_parallel_run1/054_P4_tcn_fold1_s2026.stderr.log,final_week,1,False
logs/P4_v2_2_parallel_run1/055_P4_tcn_fold1_s3407.stderr.log,final_week,1,False
logs/P4_v2_2_parallel_run1/056_P4_tcn_fold1_s202607.stderr.log,final_week,1,False
logs/P4_v2_2_parallel_run1/057_P4_tcn_fold2_s42.stderr.log,final_week,1,False
logs/P4_v2_2_parallel_run1/058_P4_tcn_fold2_s2025.stderr.log,final_week,1,False
logs/P4_v2_2_parallel_run1/059_P4_tcn_fold2_s2026.stderr.log,final_week,1,False
logs/P4_v2_2_parallel_run1/060_P4_tcn_fold2_s3407.stderr.log,final_week,1,False
logs/P4_v2_2_parallel_run1/061_P4_tcn_fold2_s202607.stderr.log,final_week,1,False
logs/P4_v2_2_parallel_run1/062_P4_tcn_fold3_s42.stderr.log,final_week,1,False
logs/P4_v2_2_parallel_run1/063_P4_tcn_fold3_s2025.stderr.log,final_week,1,False
logs/P4_v2_2_parallel_run1/064_P4_tcn_fold3_s2026.stderr.log,final_week,1,False
logs/P4_v2_2_parallel_run1/065_P4_tcn_fold3_s3407.stderr.log,final_week,1,False
logs/P4_v2_2_parallel_run1/066_P4_tcn_fold3_s202607.stderr.log,final_week,1,False
logs/P4_v2_2_parallel_run1/067_P4_tcn_fold4_s42.stderr.log,final_week,1,False
logs/P4_v2_2_parallel_run1/068_P4_tcn_fold4_s2025.stderr.log,final_week,1,False
logs/P4_v2_2_parallel_run1/069_P4_tcn_fold4_s2026.stderr.log,final_week,1,False
logs/P4_v2_2_parallel_run1/070_P4_tcn_fold4_s3407.stderr.log,final_week,1,False
logs/P4_v2_2_parallel_run1/071_P4_tcn_fold4_s202607.stderr.log,final_week,1,False
logs/P4_v2_2_parallel_run1/072_P4_st_transformer_lite_fold1_s42.stderr.log,final_week,3,False
logs/P4_v2_2_parallel_run1/073_P4_st_transformer_lite_fold1_s2025.stderr.log,final_week,3,False
logs/P4_v2_2_parallel_run1/074_P4_st_transformer_lite_fold1_s2026.stderr.log,final_week,3,False
logs/P4_v2_2_parallel_run1/075_P4_st_transformer_lite_fold1_s3407.stderr.log,final_week,3,False
logs/P4_v2_2_parallel_run1/076_P4_st_transformer_lite_fold1_s202607.stderr.log,final_week,3,False
logs/P4_v2_2_parallel_run1/077_P4_st_transformer_lite_fold2_s42.stderr.log,final_week,3,False
logs/P4_v2_2_parallel_run1/078_P4_st_transformer_lite_fold2_s2025.stderr.log,final_week,3,False
logs/P4_v2_2_parallel_run1/079_P4_st_transformer_lite_fold2_s2026.stderr.log,final_week,3,False
logs/P4_v2_2_parallel_run1/080_P4_st_transformer_lite_fold2_s3407.stderr.log,final_week,3,False
logs/P4_v2_2_parallel_run1/081_P4_st_transformer_lite_fold2_s202607.stderr.log,final_week,3,False
logs/P4_v2_2_parallel_run1/082_P4_st_transformer_lite_fold3_s42.stderr.log,final_week,3,False
logs/P4_v2_2_parallel_run1/083_P4_st_transformer_lite_fold3_s2025.stderr.log,final_week,3,False
logs/P4_v2_2_parallel_run1/084_P4_st_transformer_lite_fold3_s2026.stderr.log,final_week,3,False
logs/P4_v2_2_parallel_run1/085_P4_st_transformer_lite_fold3_s3407.stderr.log,final_week,3,False
logs/P4_v2_2_parallel_run1/086_P4_st_transformer_lite_fold3_s202607.stderr.log,final_week,3,False
logs/P4_v2_2_parallel_run1/087_P4_st_transformer_lite_fold4_s42.stderr.log,final_week,3,False
logs/P4_v2_2_parallel_run1/088_P4_st_transformer_lite_fold4_s2025.stderr.log,final_week,3,False
logs/P4_v2_2_parallel_run1/089_P4_st_transformer_lite_fold4_s2026.stderr.log,final_week,3,False
logs/P4_v2_2_parallel_run1/090_P4_st_transformer_lite_fold4_s3407.stderr.log,final_week,3,False
logs/P4_v2_2_parallel_run1/091_P4_st_transformer_lite_fold4_s202607.stderr.log,final_week,3,False
logs/P4_v2_2_parallel_run1/092_P4_crg_tcn_fold1_s42.stderr.log,final_week,1,False
logs/P4_v2_2_parallel_run1/093_P4_crg_tcn_fold1_s2025.stderr.log,final_week,1,False
logs/P4_v2_2_parallel_run1/094_P4_crg_tcn_fold1_s2026.stderr.log,final_week,1,False
logs/P4_v2_2_parallel_run1/095_P4_crg_tcn_fold1_s3407.stderr.log,final_week,1,False
logs/P4_v2_2_parallel_run1/096_P4_crg_tcn_fold1_s202607.stderr.log,final_week,1,False
logs/P4_v2_2_parallel_run1/097_P4_crg_tcn_fold2_s42.stderr.log,final_week,1,False
logs/P4_v2_2_parallel_run1/098_P4_crg_tcn_fold2_s2025.stderr.log,final_week,1,False
logs/P4_v2_2_parallel_run1/099_P4_crg_tcn_fold2_s2026.stderr.log,final_week,1,False
logs/P4_v2_2_parallel_run1/100_P4_crg_tcn_fold2_s3407.stderr.log,final_week,1,False
logs/P4_v2_2_parallel_run1/101_P4_crg_tcn_fold2_s202607.stderr.log,final_week,1,False
logs/P4_v2_2_parallel_run1/102_P4_crg_tcn_fold3_s42.stderr.log,final_week,1,False
logs/P4_v2_2_parallel_run1/103_P4_crg_tcn_fold3_s2025.stderr.log,final_week,1,False
logs/P4_v2_2_parallel_run1/104_P4_crg_tcn_fold3_s2026.stderr.log,final_week,1,False
logs/P4_v2_2_parallel_run1/105_P4_crg_tcn_fold3_s3407.stderr.log,final_week,1,False
logs/P4_v2_2_parallel_run1/106_P4_crg_tcn_fold3_s202607.stderr.log,final_week,1,False
logs/P4_v2_2_parallel_run1/107_P4_crg_tcn_fold4_s42.stderr.log,final_week,1,False
logs/P4_v2_2_parallel_run1/108_P4_crg_tcn_fold4_s2025.stderr.log,final_week,1,False
logs/P4_v2_2_parallel_run1/109_P4_crg_tcn_fold4_s2026.stderr.log,final_week,1,False
logs/P4_v2_2_parallel_run1/110_P4_crg_tcn_fold4_s3407.stderr.log,final_week,1,False
logs/P4_v2_2_parallel_run1/111_P4_crg_tcn_fold4_s202607.stderr.log,final_week,1,False
logs/P4_v2_2_parallel_run1/launch_plan.json,final_week,1,False
logs/P4_v2_2_parallel_run1/summary.json,final_week,447,False
logs/P4_v2_2_parallel_run1_failed_launch_20260726T154422/launch_plan.json,final_week,1,False
logs/P5_v2_2_gpu_light_boost/01_P5B_A0_tcn_fold3_s42.stderr.log,final_week,1,False
logs/P5_v2_2_gpu_light_boost/02_P5B_A0_tcn_fold3_s2025.stderr.log,final_week,1,False
logs/P5_v2_2_gpu_light_boost/03_P5B_A0_tcn_fold3_s2026.stderr.log,final_week,1,False
logs/P5_v2_2_gpu_light_boost/04_P5B_A0_tcn_fold3_s3407.stderr.log,final_week,1,False
logs/P5_v2_2_gpu_light_boost/05_P5B_A0_tcn_fold3_s202607.stderr.log,final_week,1,False
logs/P5_v2_2_gpu_light_boost/06_P5B_A0_tcn_fold4_s42.stderr.log,final_week,1,False
logs/P5_v2_2_gpu_light_boost/07_P5B_A0_tcn_fold4_s2025.stderr.log,final_week,1,False
logs/P5_v2_2_gpu_light_boost/08_P5B_A0_tcn_fold4_s2026.stderr.log,final_week,1,False
logs/P5_v2_2_gpu_light_boost/09_P5B_A0_tcn_fold4_s3407.stderr.log,final_week,1,False
logs/P5_v2_2_gpu_light_boost/10_P5B_A0_tcn_fold4_s202607.stderr.log,final_week,1,False
logs/P5_v2_2_gpu_light_boost/13_P5B_A1_light_tcn_fold3_s2026.stderr.log,final_week,1,False
logs/P5_v2_2_gpu_light_boost/14_P5B_A1_light_tcn_fold3_s3407.stderr.log,final_week,1,False
logs/P5_v2_2_gpu_light_boost/15_P5B_A1_light_tcn_fold3_s202607.stderr.log,final_week,1,False
logs/P5_v2_2_gpu_light_boost/16_P5B_A1_light_tcn_fold4_s42.stderr.log,final_week,1,False
logs/P5_v2_2_gpu_light_boost/17_P5B_A1_light_tcn_fold4_s2025.stderr.log,final_week,1,False
logs/P5_v2_2_gpu_light_boost/18_P5B_A1_light_tcn_fold4_s2026.stderr.log,final_week,1,False
logs/P5_v2_2_gpu_light_boost/19_P5B_A1_light_tcn_fold4_s3407.stderr.log,final_week,1,False
logs/P5_v2_2_gpu_light_boost/20_P5B_A1_light_tcn_fold4_s202607.stderr.log,final_week,1,False
logs/P5_v2_2_parallel_run1/001_P5A_xgboost_w2_fold3_end_s42.stderr.log,final_week,1,False
logs/P5_v2_2_parallel_run1/002_P5A_xgboost_w2_fold3_end_s2025.stderr.log,final_week,1,False
logs/P5_v2_2_parallel_run1/003_P5A_xgboost_w2_fold3_end_s2026.stderr.log,final_week,1,False
logs/P5_v2_2_parallel_run1/004_P5A_xgboost_w2_fold3_end_s3407.stderr.log,final_week,1,False
logs/P5_v2_2_parallel_run1/005_P5A_xgboost_w2_fold3_end_s202607.stderr.log,final_week,1,False
logs/P5_v2_2_parallel_run1/006_P5A_tcn_w2_fold3_end_s42.stderr.log,final_week,1,False
logs/P5_v2_2_parallel_run1/007_P5A_tcn_w2_fold3_end_s2025.stderr.log,final_week,1,False
logs/P5_v2_2_parallel_run1/008_P5A_tcn_w2_fold3_end_s2026.stderr.log,final_week,1,False
logs/P5_v2_2_parallel_run1/009_P5A_tcn_w2_fold3_end_s3407.stderr.log,final_week,1,False
logs/P5_v2_2_parallel_run1/010_P5A_tcn_w2_fold3_end_s202607.stderr.log,final_week,1,False
logs/P5_v2_2_parallel_run1/011_P5A_crg_tcn_w2_fold3_end_s42.stderr.log,final_week,1,False
logs/P5_v2_2_parallel_run1/012_P5A_crg_tcn_w2_fold3_end_s2025.stderr.log,final_week,1,False
logs/P5_v2_2_parallel_run1/013_P5A_crg_tcn_w2_fold3_end_s2026.stderr.log,final_week,1,False
logs/P5_v2_2_parallel_run1/014_P5A_crg_tcn_w2_fold3_end_s3407.stderr.log,final_week,1,False
logs/P5_v2_2_parallel_run1/015_P5A_crg_tcn_w2_fold3_end_s202607.stderr.log,final_week,1,False
logs/P5_v2_2_parallel_run1/016_P5A_seasonal_ha_w2_fold4_end.stderr.log,final_week,1,False
logs/P5_v2_2_parallel_run1/017_P5A_xgboost_w2_fold4_end_s42.stderr.log,final_week,1,False
logs/P5_v2_2_parallel_run1/018_P5A_xgboost_w2_fold4_end_s2025.stderr.log,final_week,1,False
logs/P5_v2_2_parallel_run1/019_P5A_xgboost_w2_fold4_end_s2026.stderr.log,final_week,1,False
logs/P5_v2_2_parallel_run1/020_P5A_xgboost_w2_fold4_end_s3407.stderr.log,final_week,1,False
logs/P5_v2_2_parallel_run1/021_P5A_xgboost_w2_fold4_end_s202607.stderr.log,final_week,1,False
logs/P5_v2_2_parallel_run1/022_P5A_tcn_w2_fold4_end_s42.stderr.log,final_week,1,False
logs/P5_v2_2_parallel_run1/023_P5A_tcn_w2_fold4_end_s2025.stderr.log,final_week,1,False
logs/P5_v2_2_parallel_run1/024_P5A_tcn_w2_fold4_end_s2026.stderr.log,final_week,1,False
logs/P5_v2_2_parallel_run1/025_P5A_tcn_w2_fold4_end_s3407.stderr.log,final_week,1,False
logs/P5_v2_2_parallel_run1/026_P5A_tcn_w2_fold4_end_s202607.stderr.log,final_week,1,False
logs/P5_v2_2_parallel_run1/027_P5A_crg_tcn_w2_fold4_end_s42.stderr.log,final_week,1,False
logs/P5_v2_2_parallel_run1/028_P5A_crg_tcn_w2_fold4_end_s2025.stderr.log,final_week,1,False
logs/P5_v2_2_parallel_run1/029_P5A_crg_tcn_w2_fold4_end_s2026.stderr.log,final_week,1,False
logs/P5_v2_2_parallel_run1/030_P5A_crg_tcn_w2_fold4_end_s3407.stderr.log,final_week,1,False
logs/P5_v2_2_parallel_run1/031_P5A_crg_tcn_w2_fold4_end_s202607.stderr.log,final_week,1,False
logs/P5_v2_2_parallel_run1/032_P5A_seasonal_ha_w4_fold3_end.stderr.log,final_week,1,False
logs/P5_v2_2_parallel_run1/033_P5A_xgboost_w4_fold3_end_s42.stderr.log,final_week,1,False
logs/P5_v2_2_parallel_run1/034_P5A_xgboost_w4_fold3_end_s2025.stderr.log,final_week,1,False
logs/P5_v2_2_parallel_run1/035_P5A_xgboost_w4_fold3_end_s2026.stderr.log,final_week,1,False
logs/P5_v2_2_parallel_run1/036_P5A_xgboost_w4_fold3_end_s3407.stderr.log,final_week,1,False
logs/P5_v2_2_parallel_run1/037_P5A_xgboost_w4_fold3_end_s202607.stderr.log,final_week,1,False
logs/P5_v2_2_parallel_run1/038_P5A_tcn_w4_fold3_end_s42.stderr.log,final_week,1,False
logs/P5_v2_2_parallel_run1/039_P5A_tcn_w4_fold3_end_s2025.stderr.log,final_week,1,False
logs/P5_v2_2_parallel_run1/040_P5A_tcn_w4_fold3_end_s2026.stderr.log,final_week,1,False
logs/P5_v2_2_parallel_run1/041_P5A_tcn_w4_fold3_end_s3407.stderr.log,final_week,1,False
logs/P5_v2_2_parallel_run1/042_P5A_tcn_w4_fold3_end_s202607.stderr.log,final_week,1,False
logs/P5_v2_2_parallel_run1/043_P5A_crg_tcn_w4_fold3_end_s42.stderr.log,final_week,1,False
logs/P5_v2_2_parallel_run1/044_P5A_crg_tcn_w4_fold3_end_s2025.stderr.log,final_week,1,False
logs/P5_v2_2_parallel_run1/045_P5A_crg_tcn_w4_fold3_end_s2026.stderr.log,final_week,1,False
logs/P5_v2_2_parallel_run1/046_P5A_crg_tcn_w4_fold3_end_s3407.stderr.log,final_week,1,False
logs/P5_v2_2_parallel_run1/047_P5A_crg_tcn_w4_fold3_end_s202607.stderr.log,final_week,1,False
logs/P5_v2_2_parallel_run1/048_P5A_seasonal_ha_w4_fold4_end.stderr.log,final_week,1,False
logs/P5_v2_2_parallel_run1/049_P5A_xgboost_w4_fold4_end_s42.stderr.log,final_week,1,False
logs/P5_v2_2_parallel_run1/050_P5A_xgboost_w4_fold4_end_s2025.stderr.log,final_week,1,False
logs/P5_v2_2_parallel_run1/051_P5A_xgboost_w4_fold4_end_s2026.stderr.log,final_week,1,False
logs/P5_v2_2_parallel_run1/052_P5A_xgboost_w4_fold4_end_s3407.stderr.log,final_week,1,False
logs/P5_v2_2_parallel_run1/053_P5A_xgboost_w4_fold4_end_s202607.stderr.log,final_week,1,False
logs/P5_v2_2_parallel_run1/054_P5A_tcn_w4_fold4_end_s42.stderr.log,final_week,1,False
logs/P5_v2_2_parallel_run1/055_P5A_tcn_w4_fold4_end_s2025.stderr.log,final_week,1,False
logs/P5_v2_2_parallel_run1/056_P5A_tcn_w4_fold4_end_s2026.stderr.log,final_week,1,False
logs/P5_v2_2_parallel_run1/057_P5A_tcn_w4_fold4_end_s3407.stderr.log,final_week,1,False
logs/P5_v2_2_parallel_run1/058_P5A_tcn_w4_fold4_end_s202607.stderr.log,final_week,1,False
logs/P5_v2_2_parallel_run1/059_P5A_crg_tcn_w4_fold4_end_s42.stderr.log,final_week,1,False
logs/P5_v2_2_parallel_run1/060_P5A_crg_tcn_w4_fold4_end_s2025.stderr.log,final_week,1,False
logs/P5_v2_2_parallel_run1/061_P5A_crg_tcn_w4_fold4_end_s2026.stderr.log,final_week,1,False
logs/P5_v2_2_parallel_run1/062_P5A_crg_tcn_w4_fold4_end_s3407.stderr.log,final_week,1,False
logs/P5_v2_2_parallel_run1/063_P5A_crg_tcn_w4_fold4_end_s202607.stderr.log,final_week,1,False
logs/P5_v2_2_parallel_run1/064_P5A_seasonal_ha_w6_fold3_end.stderr.log,final_week,1,False
logs/P5_v2_2_parallel_run1/065_P5A_xgboost_w6_fold3_end_s42.stderr.log,final_week,1,False
logs/P5_v2_2_parallel_run1/066_P5A_xgboost_w6_fold3_end_s2025.stderr.log,final_week,1,False
logs/P5_v2_2_parallel_run1/067_P5A_xgboost_w6_fold3_end_s2026.stderr.log,final_week,1,False
logs/P5_v2_2_parallel_run1/068_P5A_xgboost_w6_fold3_end_s3407.stderr.log,final_week,1,False
logs/P5_v2_2_parallel_run1/069_P5A_xgboost_w6_fold3_end_s202607.stderr.log,final_week,1,False
logs/P5_v2_2_parallel_run1/070_P5A_tcn_w6_fold3_end_s42.stderr.log,final_week,1,False
logs/P5_v2_2_parallel_run1/071_P5A_tcn_w6_fold3_end_s2025.stderr.log,final_week,1,False
logs/P5_v2_2_parallel_run1/072_P5A_tcn_w6_fold3_end_s2026.stderr.log,final_week,1,False
logs/P5_v2_2_parallel_run1/073_P5A_tcn_w6_fold3_end_s3407.stderr.log,final_week,1,False
logs/P5_v2_2_parallel_run1/074_P5A_tcn_w6_fold3_end_s202607.stderr.log,final_week,1,False
logs/P5_v2_2_parallel_run1/075_P5A_crg_tcn_w6_fold3_end_s42.stderr.log,final_week,1,False
logs/P5_v2_2_parallel_run1/076_P5A_crg_tcn_w6_fold3_end_s2025.stderr.log,final_week,1,False
logs/P5_v2_2_parallel_run1/077_P5A_crg_tcn_w6_fold3_end_s2026.stderr.log,final_week,1,False
logs/P5_v2_2_parallel_run1/078_P5A_crg_tcn_w6_fold3_end_s3407.stderr.log,final_week,1,False
logs/P5_v2_2_parallel_run1/079_P5A_crg_tcn_w6_fold3_end_s202607.stderr.log,final_week,1,False
logs/P5_v2_2_parallel_run1/080_P5A_seasonal_ha_w6_fold4_end.stderr.log,final_week,1,False
logs/P5_v2_2_parallel_run1/081_P5A_xgboost_w6_fold4_end_s42.stderr.log,final_week,1,False
logs/P5_v2_2_parallel_run1/082_P5A_xgboost_w6_fold4_end_s2025.stderr.log,final_week,1,False
logs/P5_v2_2_parallel_run1/083_P5A_xgboost_w6_fold4_end_s2026.stderr.log,final_week,1,False
logs/P5_v2_2_parallel_run1/084_P5A_xgboost_w6_fold4_end_s3407.stderr.log,final_week,1,False
logs/P5_v2_2_parallel_run1/085_P5A_xgboost_w6_fold4_end_s202607.stderr.log,final_week,1,False
logs/P5_v2_2_parallel_run1/086_P5A_tcn_w6_fold4_end_s42.stderr.log,final_week,1,False
logs/P5_v2_2_parallel_run1/087_P5A_tcn_w6_fold4_end_s2025.stderr.log,final_week,1,False
logs/P5_v2_2_parallel_run1/088_P5A_tcn_w6_fold4_end_s2026.stderr.log,final_week,1,False
logs/P5_v2_2_parallel_run1/089_P5A_tcn_w6_fold4_end_s3407.stderr.log,final_week,1,False
logs/P5_v2_2_parallel_run1/090_P5A_tcn_w6_fold4_end_s202607.stderr.log,final_week,1,False
logs/P5_v2_2_parallel_run1/091_P5A_crg_tcn_w6_fold4_end_s42.stderr.log,final_week,1,False
logs/P5_v2_2_parallel_run1/092_P5A_crg_tcn_w6_fold4_end_s2025.stderr.log,final_week,1,False
logs/P5_v2_2_parallel_run1/093_P5A_crg_tcn_w6_fold4_end_s2026.stderr.log,final_week,1,False
logs/P5_v2_2_parallel_run1/094_P5A_crg_tcn_w6_fold4_end_s3407.stderr.log,final_week,1,False
logs/P5_v2_2_parallel_run1/095_P5A_crg_tcn_w6_fold4_end_s202607.stderr.log,final_week,1,False
logs/P5_v2_2_parallel_run1/096_P5A_seasonal_ha_w8_fold3_end.stderr.log,final_week,1,False
logs/P5_v2_2_parallel_run1/097_P5A_xgboost_w8_fold3_end_s42.stderr.log,final_week,1,False
logs/P5_v2_2_parallel_run1/098_P5A_xgboost_w8_fold3_end_s2025.stderr.log,final_week,1,False
logs/P5_v2_2_parallel_run1/099_P5A_xgboost_w8_fold3_end_s2026.stderr.log,final_week,1,False
logs/P5_v2_2_parallel_run1/100_P5A_xgboost_w8_fold3_end_s3407.stderr.log,final_week,1,False
logs/P5_v2_2_parallel_run1/101_P5A_xgboost_w8_fold3_end_s202607.stderr.log,final_week,1,False
logs/P5_v2_2_parallel_run1/102_P5A_tcn_w8_fold3_end_s42.stderr.log,final_week,1,False
logs/P5_v2_2_parallel_run1/103_P5A_tcn_w8_fold3_end_s2025.stderr.log,final_week,1,False
logs/P5_v2_2_parallel_run1/104_P5A_tcn_w8_fold3_end_s2026.stderr.log,final_week,1,False
logs/P5_v2_2_parallel_run1/105_P5A_tcn_w8_fold3_end_s3407.stderr.log,final_week,1,False
logs/P5_v2_2_parallel_run1/106_P5A_tcn_w8_fold3_end_s202607.stderr.log,final_week,1,False
logs/P5_v2_2_parallel_run1/107_P5A_crg_tcn_w8_fold3_end_s42.stderr.log,final_week,1,False
logs/P5_v2_2_parallel_run1/108_P5A_crg_tcn_w8_fold3_end_s2025.stderr.log,final_week,1,False
logs/P5_v2_2_parallel_run1/109_P5A_crg_tcn_w8_fold3_end_s2026.stderr.log,final_week,1,False
logs/P5_v2_2_parallel_run1/110_P5A_crg_tcn_w8_fold3_end_s3407.stderr.log,final_week,1,False
logs/P5_v2_2_parallel_run1/111_P5A_crg_tcn_w8_fold3_end_s202607.stderr.log,final_week,1,False
logs/P5_v2_2_parallel_run1/112_P5A_seasonal_ha_w8_fold4_end.stderr.log,final_week,1,False
logs/P5_v2_2_parallel_run1/113_P5A_xgboost_w8_fold4_end_s42.stderr.log,final_week,1,False
logs/P5_v2_2_parallel_run1/114_P5A_xgboost_w8_fold4_end_s2025.stderr.log,final_week,1,False
logs/P5_v2_2_parallel_run1/115_P5A_xgboost_w8_fold4_end_s2026.stderr.log,final_week,1,False
logs/P5_v2_2_parallel_run1/116_P5A_xgboost_w8_fold4_end_s3407.stderr.log,final_week,1,False
logs/P5_v2_2_parallel_run1/117_P5A_xgboost_w8_fold4_end_s202607.stderr.log,final_week,1,False
logs/P5_v2_2_parallel_run1/118_P5A_tcn_w8_fold4_end_s42.stderr.log,final_week,1,False
logs/P5_v2_2_parallel_run1/119_P5A_tcn_w8_fold4_end_s2025.stderr.log,final_week,1,False
logs/P5_v2_2_parallel_run1/120_P5A_tcn_w8_fold4_end_s2026.stderr.log,final_week,1,False
logs/P5_v2_2_parallel_run1/121_P5A_tcn_w8_fold4_end_s3407.stderr.log,final_week,1,False
logs/P5_v2_2_parallel_run1/122_P5A_tcn_w8_fold4_end_s202607.stderr.log,final_week,1,False
logs/P5_v2_2_parallel_run1/123_P5A_crg_tcn_w8_fold4_end_s42.stderr.log,final_week,1,False
logs/P5_v2_2_parallel_run1/124_P5A_crg_tcn_w8_fold4_end_s2025.stderr.log,final_week,1,False
logs/P5_v2_2_parallel_run1/125_P5A_crg_tcn_w8_fold4_end_s2026.stderr.log,final_week,1,False
logs/P5_v2_2_parallel_run1/126_P5A_crg_tcn_w8_fold4_end_s3407.stderr.log,final_week,1,False
logs/P5_v2_2_parallel_run1/127_P5A_crg_tcn_w8_fold4_end_s202607.stderr.log,final_week,1,False
logs/P5_v2_2_parallel_run1/128_P5A_seasonal_ha_wall_fold3_end.stderr.log,final_week,1,False
logs/P5_v2_2_parallel_run1/129_P5A_xgboost_wall_fold3_end_s42.stderr.log,final_week,1,False
logs/P5_v2_2_parallel_run1/130_P5A_xgboost_wall_fold3_end_s2025.stderr.log,final_week,1,False
logs/P5_v2_2_parallel_run1/131_P5A_xgboost_wall_fold3_end_s2026.stderr.log,final_week,1,False
logs/P5_v2_2_parallel_run1/132_P5A_xgboost_wall_fold3_end_s3407.stderr.log,final_week,1,False
logs/P5_v2_2_parallel_run1/133_P5A_xgboost_wall_fold3_end_s202607.stderr.log,final_week,1,False
logs/P5_v2_2_parallel_run1/134_P5A_tcn_wall_fold3_end_s42.stderr.log,final_week,1,False
logs/P5_v2_2_parallel_run1/135_P5A_tcn_wall_fold3_end_s2025.stderr.log,final_week,1,False
logs/P5_v2_2_parallel_run1/136_P5A_tcn_wall_fold3_end_s2026.stderr.log,final_week,1,False
logs/P5_v2_2_parallel_run1/137_P5A_tcn_wall_fold3_end_s3407.stderr.log,final_week,1,False
logs/P5_v2_2_parallel_run1/138_P5A_tcn_wall_fold3_end_s202607.stderr.log,final_week,1,False
logs/P5_v2_2_parallel_run1/139_P5A_crg_tcn_wall_fold3_end_s42.stderr.log,final_week,1,False
logs/P5_v2_2_parallel_run1/140_P5A_crg_tcn_wall_fold3_end_s2025.stderr.log,final_week,1,False
logs/P5_v2_2_parallel_run1/141_P5A_crg_tcn_wall_fold3_end_s2026.stderr.log,final_week,1,False
logs/P5_v2_2_parallel_run1/142_P5A_crg_tcn_wall_fold3_end_s3407.stderr.log,final_week,1,False
logs/P5_v2_2_parallel_run1/143_P5A_crg_tcn_wall_fold3_end_s202607.stderr.log,final_week,1,False
logs/P5_v2_2_parallel_run1/144_P5A_seasonal_ha_wall_fold4_end.stderr.log,final_week,1,False
logs/P5_v2_2_parallel_run1/145_P5A_xgboost_wall_fold4_end_s42.stderr.log,final_week,1,False
logs/P5_v2_2_parallel_run1/146_P5A_xgboost_wall_fold4_end_s2025.stderr.log,final_week,1,False
logs/P5_v2_2_parallel_run1/147_P5A_xgboost_wall_fold4_end_s2026.stderr.log,final_week,1,False
logs/P5_v2_2_parallel_run1/148_P5A_xgboost_wall_fold4_end_s3407.stderr.log,final_week,1,False
logs/P5_v2_2_parallel_run1/149_P5A_xgboost_wall_fold4_end_s202607.stderr.log,final_week,1,False
logs/P5_v2_2_parallel_run1/150_P5A_tcn_wall_fold4_end_s42.stderr.log,final_week,1,False
logs/P5_v2_2_parallel_run1/151_P5A_tcn_wall_fold4_end_s2025.stderr.log,final_week,1,False
logs/P5_v2_2_parallel_run1/152_P5A_tcn_wall_fold4_end_s2026.stderr.log,final_week,1,False
logs/P5_v2_2_parallel_run1/153_P5A_tcn_wall_fold4_end_s3407.stderr.log,final_week,1,False
logs/P5_v2_2_parallel_run1/154_P5A_tcn_wall_fold4_end_s202607.stderr.log,final_week,1,False
logs/P5_v2_2_parallel_run1/155_P5A_crg_tcn_wall_fold4_end_s42.stderr.log,final_week,1,False
logs/P5_v2_2_parallel_run1/156_P5A_crg_tcn_wall_fold4_end_s2025.stderr.log,final_week,1,False
logs/P5_v2_2_parallel_run1/157_P5A_crg_tcn_wall_fold4_end_s2026.stderr.log,final_week,1,False
logs/P5_v2_2_parallel_run1/158_P5A_crg_tcn_wall_fold4_end_s3407.stderr.log,final_week,1,False
logs/P5_v2_2_parallel_run1/159_P5A_crg_tcn_wall_fold4_end_s202607.stderr.log,final_week,1,False
logs/P5_v2_2_parallel_run1/179_P5B_A2_multiscale_fold3_s42.stderr.log,final_week,1,False
logs/P5_v2_2_parallel_run1/180_P5B_A2_multiscale_fold3_s2025.stderr.log,final_week,1,False
logs/P5_v2_2_parallel_run1/181_P5B_A2_multiscale_fold3_s2026.stderr.log,final_week,1,False
logs/P5_v2_2_parallel_run1/182_P5B_A2_multiscale_fold3_s3407.stderr.log,final_week,1,False
logs/P5_v2_2_parallel_run1/183_P5B_A2_multiscale_fold3_s202607.stderr.log,final_week,1,False
logs/P5_v2_2_parallel_run1/184_P5B_A2_multiscale_fold4_s42.stderr.log,final_week,1,False
logs/P5_v2_2_parallel_run1/185_P5B_A2_multiscale_fold4_s2025.stderr.log,final_week,1,False
logs/P5_v2_2_parallel_run1/186_P5B_A2_multiscale_fold4_s2026.stderr.log,final_week,1,False
logs/P5_v2_2_parallel_run1/187_P5B_A2_multiscale_fold4_s3407.stderr.log,final_week,1,False
logs/P5_v2_2_parallel_run1/188_P5B_A2_multiscale_fold4_s202607.stderr.log,final_week,1,False
logs/P5_v2_2_parallel_run1/189_P5B_A3_segment_embedding_fold3_s42.stderr.log,final_week,1,False
logs/P5_v2_2_parallel_run1/190_P5B_A3_segment_embedding_fold3_s2025.stderr.log,final_week,1,False
logs/P5_v2_2_parallel_run1/191_P5B_A3_segment_embedding_fold3_s2026.stderr.log,final_week,1,False
logs/P5_v2_2_parallel_run1/192_P5B_A3_segment_embedding_fold3_s3407.stderr.log,final_week,1,False
logs/P5_v2_2_parallel_run1/193_P5B_A3_segment_embedding_fold3_s202607.stderr.log,final_week,1,False
logs/P5_v2_2_parallel_run1/194_P5B_A3_segment_embedding_fold4_s42.stderr.log,final_week,1,False
logs/P5_v2_2_parallel_run1/195_P5B_A3_segment_embedding_fold4_s2025.stderr.log,final_week,1,False
logs/P5_v2_2_parallel_run1/196_P5B_A3_segment_embedding_fold4_s2026.stderr.log,final_week,1,False
logs/P5_v2_2_parallel_run1/197_P5B_A3_segment_embedding_fold4_s3407.stderr.log,final_week,1,False
logs/P5_v2_2_parallel_run1/198_P5B_A3_segment_embedding_fold4_s202607.stderr.log,final_week,1,False
logs/P5_v2_2_parallel_run1/199_P5B_A4_corridor_fold3_s42.stderr.log,final_week,1,False
logs/P5_v2_2_parallel_run1/200_P5B_A4_corridor_fold3_s2025.stderr.log,final_week,1,False
logs/P5_v2_2_parallel_run1/201_P5B_A4_corridor_fold3_s2026.stderr.log,final_week,1,False
logs/P5_v2_2_parallel_run1/202_P5B_A4_corridor_fold3_s3407.stderr.log,final_week,1,False
logs/P5_v2_2_parallel_run1/203_P5B_A4_corridor_fold3_s202607.stderr.log,final_week,1,False
logs/P5_v2_2_parallel_run1/204_P5B_A4_corridor_fold4_s42.stderr.log,final_week,1,False
logs/P5_v2_2_parallel_run1/205_P5B_A4_corridor_fold4_s2025.stderr.log,final_week,1,False
logs/P5_v2_2_parallel_run1/206_P5B_A4_corridor_fold4_s2026.stderr.log,final_week,1,False
logs/P5_v2_2_parallel_run1/207_P5B_A4_corridor_fold4_s3407.stderr.log,final_week,1,False
logs/P5_v2_2_parallel_run1/208_P5B_A4_corridor_fold4_s202607.stderr.log,final_week,1,False
logs/P5_v2_2_parallel_run1/209_P5B_A5_quality_concat_fold3_s42.stderr.log,final_week,1,False
logs/P5_v2_2_parallel_run1/210_P5B_A5_quality_concat_fold3_s2025.stderr.log,final_week,1,False
logs/P5_v2_2_parallel_run1/211_P5B_A5_quality_concat_fold3_s2026.stderr.log,final_week,1,False
logs/P5_v2_2_parallel_run1/212_P5B_A5_quality_concat_fold3_s3407.stderr.log,final_week,1,False
logs/P5_v2_2_parallel_run1/213_P5B_A5_quality_concat_fold3_s202607.stderr.log,final_week,1,False
logs/P5_v2_2_parallel_run1/214_P5B_A5_quality_concat_fold4_s42.stderr.log,final_week,1,False
logs/P5_v2_2_parallel_run1/215_P5B_A5_quality_concat_fold4_s2025.stderr.log,final_week,1,False
logs/P5_v2_2_parallel_run1/216_P5B_A5_quality_concat_fold4_s2026.stderr.log,final_week,1,False
logs/P5_v2_2_parallel_run1/217_P5B_A5_quality_concat_fold4_s3407.stderr.log,final_week,1,False
logs/P5_v2_2_parallel_run1/218_P5B_A5_quality_concat_fold4_s202607.stderr.log,final_week,1,False
logs/P5_v2_2_parallel_run1/219_P5B_A6_crg_tcn_fold3_s42.stderr.log,final_week,1,False
logs/P5_v2_2_parallel_run1/220_P5B_A6_crg_tcn_fold3_s2025.stderr.log,final_week,1,False
logs/P5_v2_2_parallel_run1/221_P5B_A6_crg_tcn_fold3_s2026.stderr.log,final_week,1,False
logs/P5_v2_2_parallel_run1/222_P5B_A6_crg_tcn_fold3_s3407.stderr.log,final_week,1,False
logs/P5_v2_2_parallel_run1/223_P5B_A6_crg_tcn_fold3_s202607.stderr.log,final_week,1,False
logs/P5_v2_2_parallel_run1/224_P5B_A6_crg_tcn_fold4_s42.stderr.log,final_week,1,False
logs/P5_v2_2_parallel_run1/225_P5B_A6_crg_tcn_fold4_s2025.stderr.log,final_week,1,False
logs/P5_v2_2_parallel_run1/226_P5B_A6_crg_tcn_fold4_s2026.stderr.log,final_week,1,False
logs/P5_v2_2_parallel_run1/227_P5B_A6_crg_tcn_fold4_s3407.stderr.log,final_week,1,False
logs/P5_v2_2_parallel_run1/228_P5B_A6_crg_tcn_fold4_s202607.stderr.log,final_week,1,False
logs/P5_v2_2_parallel_run1/229_P5B_A6_no_gate_fold3_s42.stderr.log,final_week,1,False
logs/P5_v2_2_parallel_run1/230_P5B_A6_no_gate_fold3_s2025.stderr.log,final_week,1,False
logs/P5_v2_2_parallel_run1/231_P5B_A6_no_gate_fold3_s2026.stderr.log,final_week,1,False
logs/P5_v2_2_parallel_run1/232_P5B_A6_no_gate_fold3_s3407.stderr.log,final_week,1,False
logs/P5_v2_2_parallel_run1/233_P5B_A6_no_gate_fold3_s202607.stderr.log,final_week,1,False
logs/P5_v2_2_parallel_run1/234_P5B_A6_no_gate_fold4_s42.stderr.log,final_week,1,False
logs/P5_v2_2_parallel_run1/235_P5B_A6_no_gate_fold4_s2025.stderr.log,final_week,1,False
logs/P5_v2_2_parallel_run1/236_P5B_A6_no_gate_fold4_s2026.stderr.log,final_week,1,False
logs/P5_v2_2_parallel_run1/237_P5B_A6_no_gate_fold4_s3407.stderr.log,final_week,1,False
logs/P5_v2_2_parallel_run1/238_P5B_A6_no_gate_fold4_s202607.stderr.log,final_week,1,False
logs/P5_v2_2_parallel_run1/239_P5C_tcn_hist24_s42.stderr.log,final_week,1,False
logs/P5_v2_2_parallel_run1/240_P5C_tcn_hist24_s2025.stderr.log,final_week,1,False
logs/P5_v2_2_parallel_run1/241_P5C_tcn_hist24_s2026.stderr.log,final_week,1,False
logs/P5_v2_2_parallel_run1/242_P5C_tcn_hist24_s3407.stderr.log,final_week,1,False
logs/P5_v2_2_parallel_run1/243_P5C_tcn_hist24_s202607.stderr.log,final_week,1,False
logs/P5_v2_2_parallel_run1/244_P5C_crg_tcn_hist24_s42.stderr.log,final_week,1,False
logs/P5_v2_2_parallel_run1/245_P5C_crg_tcn_hist24_s2025.stderr.log,final_week,1,False
logs/P5_v2_2_parallel_run1/246_P5C_crg_tcn_hist24_s2026.stderr.log,final_week,1,False
logs/P5_v2_2_parallel_run1/247_P5C_crg_tcn_hist24_s3407.stderr.log,final_week,1,False
logs/P5_v2_2_parallel_run1/248_P5C_crg_tcn_hist24_s202607.stderr.log,final_week,1,False
logs/P5_v2_2_parallel_run1/249_P5C_tcn_hist48_s42.stderr.log,final_week,1,False
logs/P5_v2_2_parallel_run1/250_P5C_tcn_hist48_s2025.stderr.log,final_week,1,False
logs/P5_v2_2_parallel_run1/251_P5C_tcn_hist48_s2026.stderr.log,final_week,1,False
logs/P5_v2_2_parallel_run1/252_P5C_tcn_hist48_s3407.stderr.log,final_week,1,False
logs/P5_v2_2_parallel_run1/253_P5C_tcn_hist48_s202607.stderr.log,final_week,1,False
logs/P5_v2_2_parallel_run1/254_P5C_crg_tcn_hist48_s42.stderr.log,final_week,1,False
logs/P5_v2_2_parallel_run1/255_P5C_crg_tcn_hist48_s2025.stderr.log,final_week,1,False
logs/P5_v2_2_parallel_run1/256_P5C_crg_tcn_hist48_s2026.stderr.log,final_week,1,False
logs/P5_v2_2_parallel_run1/257_P5C_crg_tcn_hist48_s3407.stderr.log,final_week,1,False
logs/P5_v2_2_parallel_run1/258_P5C_crg_tcn_hist48_s202607.stderr.log,final_week,1,False
logs/P5_v2_2_parallel_run1/259_P5C_tcn_hist72_s42.stderr.log,final_week,1,False
logs/P5_v2_2_parallel_run1/260_P5C_tcn_hist72_s2025.stderr.log,final_week,1,False
logs/P5_v2_2_parallel_run1/261_P5C_tcn_hist72_s2026.stderr.log,final_week,1,False
logs/P5_v2_2_parallel_run1/262_P5C_tcn_hist72_s3407.stderr.log,final_week,1,False
logs/P5_v2_2_parallel_run1/263_P5C_tcn_hist72_s202607.stderr.log,final_week,1,False
logs/P5_v2_2_parallel_run1/264_P5C_crg_tcn_hist72_s42.stderr.log,final_week,1,False
logs/P5_v2_2_parallel_run1/265_P5C_crg_tcn_hist72_s2025.stderr.log,final_week,1,False
logs/P5_v2_2_parallel_run1/266_P5C_crg_tcn_hist72_s2026.stderr.log,final_week,1,False
logs/P5_v2_2_parallel_run1/267_P5C_crg_tcn_hist72_s3407.stderr.log,final_week,1,False
logs/P5_v2_2_parallel_run1/268_P5C_crg_tcn_hist72_s202607.stderr.log,final_week,1,False
logs/P5_v2_2_parallel_run1/269_P5C_tcn_hist168_s42.stderr.log,final_week,1,False
logs/P5_v2_2_parallel_run1/270_P5C_tcn_hist168_s2025.stderr.log,final_week,1,False
logs/P5_v2_2_parallel_run1/271_P5C_tcn_hist168_s2026.stderr.log,final_week,1,False
logs/P5_v2_2_parallel_run1/272_P5C_tcn_hist168_s3407.stderr.log,final_week,1,False
logs/P5_v2_2_parallel_run1/273_P5C_tcn_hist168_s202607.stderr.log,final_week,1,False
logs/P5_v2_2_parallel_run1/274_P5C_crg_tcn_hist168_s42.stderr.log,final_week,1,False
logs/P5_v2_2_parallel_run1/275_P5C_crg_tcn_hist168_s2025.stderr.log,final_week,1,False
logs/P5_v2_2_parallel_run1/276_P5C_crg_tcn_hist168_s2026.stderr.log,final_week,1,False
logs/P5_v2_2_parallel_run1/277_P5C_crg_tcn_hist168_s3407.stderr.log,final_week,1,False
logs/P5_v2_2_parallel_run1/278_P5C_crg_tcn_hist168_s202607.stderr.log,final_week,1,False
logs/P5_v2_2_parallel_run1/279_P5C_tcn_hist336_s42.stderr.log,final_week,1,False
logs/P5_v2_2_parallel_run1/280_P5C_tcn_hist336_s2025.stderr.log,final_week,1,False
logs/P5_v2_2_parallel_run1/281_P5C_tcn_hist336_s2026.stderr.log,final_week,1,False
logs/P5_v2_2_parallel_run1/282_P5C_tcn_hist336_s3407.stderr.log,final_week,1,False
logs/P5_v2_2_parallel_run1/283_P5C_tcn_hist336_s202607.stderr.log,final_week,1,False
logs/P5_v2_2_parallel_run1/284_P5C_crg_tcn_hist336_s42.stderr.log,final_week,1,False
logs/P5_v2_2_parallel_run1/285_P5C_crg_tcn_hist336_s2025.stderr.log,final_week,1,False
logs/P5_v2_2_parallel_run1/286_P5C_crg_tcn_hist336_s2026.stderr.log,final_week,1,False
logs/P5_v2_2_parallel_run1/287_P5C_crg_tcn_hist336_s3407.stderr.log,final_week,1,False
logs/P5_v2_2_parallel_run1/288_P5C_crg_tcn_hist336_s202607.stderr.log,final_week,1,False
logs/P5_v2_2_parallel_run1/launch_plan.json,final_week,1,False
logs/P5_v2_2_parallel_run1/summary.json,final_week,1155,False
logs/P6_v2_2_parallel_run1/001_P6B_xgboost_A_1_10_s2025.stderr.log,final_week,1,False
logs/P6_v2_2_parallel_run1/002_P6B_xgboost_A_1_10_s2026.stderr.log,final_week,1,False
logs/P6_v2_2_parallel_run1/003_P6B_xgboost_A_1_10_s3407.stderr.log,final_week,1,False
logs/P6_v2_2_parallel_run1/004_P6B_xgboost_A_1_10_s202607.stderr.log,final_week,1,False
logs/P6_v2_2_parallel_run1/005_P6B_tcn_A_1_10_s42.stderr.log,final_week,1,False
logs/P6_v2_2_parallel_run1/006_P6B_tcn_A_1_10_s2025.stderr.log,final_week,1,False
logs/P6_v2_2_parallel_run1/007_P6B_tcn_A_1_10_s2026.stderr.log,final_week,1,False
logs/P6_v2_2_parallel_run1/008_P6B_tcn_A_1_10_s3407.stderr.log,final_week,1,False
logs/P6_v2_2_parallel_run1/009_P6B_tcn_A_1_10_s202607.stderr.log,final_week,1,False
logs/P6_v2_2_parallel_run1/010_P6B_crg_tcn_A_1_10_s42.stderr.log,final_week,1,False
logs/P6_v2_2_parallel_run1/011_P6B_crg_tcn_A_1_10_s2025.stderr.log,final_week,1,False
logs/P6_v2_2_parallel_run1/012_P6B_crg_tcn_A_1_10_s2026.stderr.log,final_week,1,False
logs/P6_v2_2_parallel_run1/013_P6B_crg_tcn_A_1_10_s3407.stderr.log,final_week,1,False
logs/P6_v2_2_parallel_run1/014_P6B_crg_tcn_A_1_10_s202607.stderr.log,final_week,1,False
logs/P6_v2_2_parallel_run1/015_P6B_xgboost_B_11_20_s42.stderr.log,final_week,1,False
logs/P6_v2_2_parallel_run1/016_P6B_xgboost_B_11_20_s2025.stderr.log,final_week,1,False
logs/P6_v2_2_parallel_run1/017_P6B_xgboost_B_11_20_s2026.stderr.log,final_week,1,False
logs/P6_v2_2_parallel_run1/018_P6B_xgboost_B_11_20_s3407.stderr.log,final_week,1,False
logs/P6_v2_2_parallel_run1/019_P6B_xgboost_B_11_20_s202607.stderr.log,final_week,1,False
logs/P6_v2_2_parallel_run1/020_P6B_tcn_B_11_20_s42.stderr.log,final_week,1,False
logs/P6_v2_2_parallel_run1/021_P6B_tcn_B_11_20_s2025.stderr.log,final_week,1,False
logs/P6_v2_2_parallel_run1/022_P6B_tcn_B_11_20_s2026.stderr.log,final_week,1,False
logs/P6_v2_2_parallel_run1/023_P6B_tcn_B_11_20_s3407.stderr.log,final_week,1,False
logs/P6_v2_2_parallel_run1/024_P6B_tcn_B_11_20_s202607.stderr.log,final_week,1,False
logs/P6_v2_2_parallel_run1/030_P6B_xgboost_C_21_30_s42.stderr.log,final_week,1,False
logs/P6_v2_2_parallel_run1/031_P6B_xgboost_C_21_30_s2025.stderr.log,final_week,1,False
logs/P6_v2_2_parallel_run1/032_P6B_xgboost_C_21_30_s2026.stderr.log,final_week,1,False
logs/P6_v2_2_parallel_run1/033_P6B_xgboost_C_21_30_s3407.stderr.log,final_week,1,False
logs/P6_v2_2_parallel_run1/034_P6B_xgboost_C_21_30_s202607.stderr.log,final_week,1,False
logs/P6_v2_2_parallel_run1/045_P6B_xgboost_D_31_40_s42.stderr.log,final_week,1,False
logs/P6_v2_2_parallel_run1/046_P6B_xgboost_D_31_40_s2025.stderr.log,final_week,1,False
logs/P6_v2_2_parallel_run1/047_P6B_xgboost_D_31_40_s2026.stderr.log,final_week,1,False
logs/P6_v2_2_parallel_run1/048_P6B_xgboost_D_31_40_s3407.stderr.log,final_week,1,False
logs/P6_v2_2_parallel_run1/049_P6B_xgboost_D_31_40_s202607.stderr.log,final_week,1,False
logs/P6_v2_2_parallel_run1/060_P6B_xgboost_E_41_51_s42.stderr.log,final_week,1,False
logs/P6_v2_2_parallel_run1/061_P6B_xgboost_E_41_51_s2025.stderr.log,final_week,1,False
logs/P6_v2_2_parallel_run1/062_P6B_xgboost_E_41_51_s2026.stderr.log,final_week,1,False
logs/P6_v2_2_parallel_run1/063_P6B_xgboost_E_41_51_s3407.stderr.log,final_week,1,False
logs/P6_v2_2_parallel_run1/064_P6B_xgboost_E_41_51_s202607.stderr.log,final_week,1,False
logs/P6_v2_2_parallel_run1/summary.json,final_week,298,False
logs/v2_2_2of4/phase0_20260726_064744.log,final_week,25,False
manifests/environment_report.json,final_week,1,False
manifests/experiment_matrix_count_ledger.json,final_week,1,False
manifests/p0_data_pipeline_tests.json,final_week,2,False
manifests/split_report.json,final_week,2,False
manifests/temporal_splits.json,final_week,3,False
manifests/v2_2_2of4/environment_report.json,final_week,1,False
manifests/v2_2_2of4/experiment_matrix_count_ledger.json,final_week,1,False
manifests/v2_2_2of4/frozen_experiment_manifest.json,final_week,5,False
manifests/v2_2_2of4/p0_data_pipeline_tests.json,final_week,2,False
manifests/v2_2_2of4/p0_recheck_after_p2.json,final_week,2,False
manifests/v2_2_2of4/phase3_frozen_manifest.json,selected_config,3,False
manifests/v2_2_2of4/phase3_validation.json,final_week,1,False
manifests/v2_2_2of4/phase4_matrix_preflight.json,selected_config,2,False
manifests/v2_2_2of4/phase5_matrix_preflight.json,selected_config,2,False
manifests/v2_2_2of4/phase6_matrix_preflight.json,selected_config,2,False
manifests/v2_2_2of4/split_report.json,final_week,2,False
manifests/v2_2_2of4/temporal_splits.json,final_week,3,False
results/P0_hourly_min2/hourly_build_min2.json,final_week,2,False
results/P0_hourly_min2/hourly_quality_min2.csv,final_week,2,False
results/P0_hourly_min3/hourly_build_min3.json,final_week,2,False
results/P0_hourly_min3/hourly_quality_min3.csv,final_week,2,False
results/P0_hourly_min4/hourly_build_min4.json,final_week,2,False
results/P0_hourly_min4/hourly_quality_min4.csv,final_week,2,False
results/P3_v2_2_screening/selected_configs.json,selected_config,1,False
results/v2_2_smoke_persistence_fold4/resolved_config.json,final_week,13,False
results/v2_2_smoke_persistence_fold4/status.json,final_week,1,False
results/v2_2_smoke_ridge_fold4/resolved_config.json,final_week,13,False
results/v2_2_smoke_ridge_fold4/status.json,final_week,1,False
results/v2_2_smoke_seasonal_ha_fold4/resolved_config.json,final_week,13,False
results/v2_2_smoke_seasonal_ha_fold4/status.json,final_week,1,False
results/P0_v2_2_2of4/P0_hourly_min2/hourly_build_min2.json,final_week,5,False
results/P0_v2_2_2of4/P0_hourly_min2/hourly_quality_min2.csv,final_week,4,False
results/P0_v2_2_2of4/P0_hourly_min3/hourly_build_min3.json,final_week,5,False
results/P0_v2_2_2of4/P0_hourly_min3/hourly_quality_min3.csv,final_week,4,False
results/P0_v2_2_2of4/P0_hourly_min4/hourly_build_min4.json,final_week,5,False
results/P0_v2_2_2of4/P0_hourly_min4/hourly_quality_min4.csv,final_week,4,False
results/P2_v2_2_smoke/P2_smoke_crg_tcn_fold4_seed42/status.json,final_week,1,False
results/P2_v2_2_smoke/P2_smoke_gru_fold4_seed42/status.json,final_week,1,False
results/P2_v2_2_smoke/P2_smoke_light_graph_fold4_seed42/status.json,final_week,1,False
results/P2_v2_2_smoke/P2_smoke_st_transformer_lite_fold4_seed42/status.json,final_week,1,False
results/P2_v2_2_smoke/P2_smoke_tcn_fold4_seed42/status.json,final_week,1,False
results/P2_v2_2_smoke/P2_smoke_xgboost_fold4_seed42/status.json,final_week,1,False
results/P3_v2_2_screening/P3_crg_tcn_trial01/status.json,final_week,1,False
results/P3_v2_2_screening/P3_crg_tcn_trial02/status.json,final_week,1,False
results/P3_v2_2_screening/P3_crg_tcn_trial03/status.json,final_week,1,False
results/P3_v2_2_screening/P3_crg_tcn_trial04/status.json,final_week,1,False
results/P3_v2_2_screening/P3_crg_tcn_trial05/status.json,final_week,1,False
results/P3_v2_2_screening/P3_crg_tcn_trial06/status.json,final_week,1,False
results/P3_v2_2_screening/P3_crg_tcn_trial07/status.json,final_week,1,False
results/P3_v2_2_screening/P3_crg_tcn_trial08/status.json,final_week,1,False
results/P3_v2_2_screening/P3_crg_tcn_trial09/status.json,final_week,1,False
results/P3_v2_2_screening/P3_crg_tcn_trial10/status.json,final_week,1,False
results/P3_v2_2_screening/P3_crg_tcn_trial11/status.json,final_week,1,False
results/P3_v2_2_screening/P3_crg_tcn_trial12/status.json,final_week,1,False
results/P3_v2_2_screening/P3_gru_trial01/status.json,final_week,1,False
results/P3_v2_2_screening/P3_gru_trial02/status.json,final_week,1,False
results/P3_v2_2_screening/P3_gru_trial03/status.json,final_week,1,False
results/P3_v2_2_screening/P3_gru_trial04/status.json,final_week,1,False
results/P3_v2_2_screening/P3_gru_trial05/status.json,final_week,1,False
results/P3_v2_2_screening/P3_gru_trial06/status.json,final_week,1,False
results/P3_v2_2_screening/P3_gru_trial07/status.json,final_week,1,False
results/P3_v2_2_screening/P3_gru_trial08/status.json,final_week,1,False
results/P3_v2_2_screening/P3_gru_trial09/status.json,final_week,1,False
results/P3_v2_2_screening/P3_gru_trial10/status.json,final_week,1,False
results/P3_v2_2_screening/P3_gru_trial11/status.json,final_week,1,False
results/P3_v2_2_screening/P3_gru_trial12/status.json,final_week,1,False
results/P3_v2_2_screening/P3_light_graph_trial01/status.json,final_week,1,False
results/P3_v2_2_screening/P3_light_graph_trial02/status.json,final_week,1,False
results/P3_v2_2_screening/P3_light_graph_trial03/status.json,final_week,1,False
results/P3_v2_2_screening/P3_light_graph_trial04/status.json,final_week,1,False
results/P3_v2_2_screening/P3_light_graph_trial05/status.json,final_week,1,False
results/P3_v2_2_screening/P3_light_graph_trial06/status.json,final_week,1,False
results/P3_v2_2_screening/P3_light_graph_trial07/status.json,final_week,1,False
results/P3_v2_2_screening/P3_light_graph_trial08/status.json,final_week,1,False
results/P3_v2_2_screening/P3_light_graph_trial09/status.json,final_week,1,False
results/P3_v2_2_screening/P3_light_graph_trial10/status.json,final_week,1,False
results/P3_v2_2_screening/P3_light_graph_trial11/status.json,final_week,1,False
results/P3_v2_2_screening/P3_light_graph_trial12/status.json,final_week,1,False
results/P3_v2_2_screening/P3_ridge_trial01/status.json,final_week,1,False
results/P3_v2_2_screening/P3_ridge_trial02/status.json,final_week,1,False
results/P3_v2_2_screening/P3_ridge_trial03/status.json,final_week,1,False
results/P3_v2_2_screening/P3_ridge_trial04/status.json,final_week,1,False
results/P3_v2_2_screening/P3_ridge_trial05/status.json,final_week,1,False
results/P3_v2_2_screening/P3_ridge_trial06/status.json,final_week,1,False
results/P3_v2_2_screening/P3_ridge_trial07/status.json,final_week,1,False
results/P3_v2_2_screening/P3_ridge_trial08/status.json,final_week,1,False
results/P3_v2_2_screening/P3_ridge_trial09/status.json,final_week,1,False
results/P3_v2_2_screening/P3_ridge_trial10/status.json,final_week,1,False
results/P3_v2_2_screening/P3_ridge_trial11/status.json,final_week,1,False
results/P3_v2_2_screening/P3_ridge_trial12/status.json,final_week,1,False
results/P3_v2_2_screening/P3_st_transformer_lite_trial01/status.json,final_week,1,False
results/P3_v2_2_screening/P3_st_transformer_lite_trial02/status.json,final_week,1,False
results/P3_v2_2_screening/P3_st_transformer_lite_trial03/status.json,final_week,1,False
results/P3_v2_2_screening/P3_st_transformer_lite_trial04/status.json,final_week,1,False
results/P3_v2_2_screening/P3_st_transformer_lite_trial05/status.json,final_week,1,False
results/P3_v2_2_screening/P3_st_transformer_lite_trial06/status.json,final_week,1,False
results/P3_v2_2_screening/P3_st_transformer_lite_trial07/status.json,final_week,1,False
results/P3_v2_2_screening/P3_st_transformer_lite_trial08/status.json,final_week,1,False
results/P3_v2_2_screening/P3_st_transformer_lite_trial09/status.json,final_week,1,False
results/P3_v2_2_screening/P3_st_transformer_lite_trial10/status.json,final_week,1,False
results/P3_v2_2_screening/P3_st_transformer_lite_trial11/status.json,final_week,1,False
results/P3_v2_2_screening/P3_st_transformer_lite_trial12/status.json,final_week,1,False
results/P3_v2_2_screening/P3_tcn_trial01/status.json,final_week,1,False
results/P3_v2_2_screening/P3_tcn_trial02/status.json,final_week,1,False
results/P3_v2_2_screening/P3_tcn_trial03/status.json,final_week,1,False
results/P3_v2_2_screening/P3_tcn_trial04/status.json,final_week,1,False
results/P3_v2_2_screening/P3_tcn_trial05/status.json,final_week,1,False
results/P3_v2_2_screening/P3_tcn_trial06/status.json,final_week,1,False
results/P3_v2_2_screening/P3_tcn_trial07/status.json,final_week,1,False
results/P3_v2_2_screening/P3_tcn_trial08/status.json,final_week,1,False
results/P3_v2_2_screening/P3_tcn_trial09/status.json,final_week,1,False
results/P3_v2_2_screening/P3_tcn_trial10/status.json,final_week,1,False
results/P3_v2_2_screening/P3_tcn_trial11/status.json,final_week,1,False
results/P3_v2_2_screening/P3_tcn_trial12/status.json,final_week,1,False
results/P3_v2_2_screening/P3_xgboost_trial01/status.json,final_week,1,False
results/P3_v2_2_screening/P3_xgboost_trial02/status.json,final_week,1,False
results/P3_v2_2_screening/P3_xgboost_trial03/status.json,final_week,1,False
results/P3_v2_2_screening/P3_xgboost_trial04/status.json,final_week,1,False
results/P3_v2_2_screening/P3_xgboost_trial05/status.json,final_week,1,False
results/P3_v2_2_screening/P3_xgboost_trial06/status.json,final_week,1,False
results/P3_v2_2_screening/P3_xgboost_trial07/status.json,final_week,1,False
results/P3_v2_2_screening/P3_xgboost_trial08/status.json,final_week,1,False
results/P3_v2_2_screening/P3_xgboost_trial09/status.json,final_week,1,False
results/P3_v2_2_screening/P3_xgboost_trial10/status.json,final_week,1,False
results/P3_v2_2_screening/P3_xgboost_trial11/status.json,final_week,1,False
results/P3_v2_2_screening/P3_xgboost_trial12/status.json,final_week,1,False
results/P3_v2_2_screening/P3_xgboost_trial13/status.json,final_week,1,False
results/P3_v2_2_screening/P3_xgboost_trial14/status.json,final_week,1,False
results/P3_v2_2_screening/P3_xgboost_trial15/status.json,final_week,1,False
results/P3_v2_2_screening/P3_xgboost_trial16/status.json,final_week,1,False
results/P3_v2_2_screening/P3_xgboost_trial17/status.json,final_week,1,False
results/P3_v2_2_screening/P3_xgboost_trial18/status.json,final_week,1,False
results/P3_v2_2_screening/P3_xgboost_trial19/status.json,final_week,1,False
results/P3_v2_2_screening/P3_xgboost_trial20/status.json,final_week,1,False
results/P4_v2_2_temporal_validation/P4_crg_tcn_fold1_s2025/resolved_config.json,selected_config,1,False
results/P4_v2_2_temporal_validation/P4_crg_tcn_fold1_s2025/status.json,final_week|selected_config,4,False
results/P4_v2_2_temporal_validation/P4_crg_tcn_fold1_s2026/resolved_config.json,selected_config,1,False
results/P4_v2_2_temporal_validation/P4_crg_tcn_fold1_s2026/status.json,final_week|selected_config,4,False
results/P4_v2_2_temporal_validation/P4_crg_tcn_fold1_s202607/resolved_config.json,selected_config,1,False
results/P4_v2_2_temporal_validation/P4_crg_tcn_fold1_s202607/status.json,final_week|selected_config,4,False
results/P4_v2_2_temporal_validation/P4_crg_tcn_fold1_s3407/resolved_config.json,selected_config,1,False
results/P4_v2_2_temporal_validation/P4_crg_tcn_fold1_s3407/status.json,final_week|selected_config,4,False
results/P4_v2_2_temporal_validation/P4_crg_tcn_fold1_s42/resolved_config.json,selected_config,1,False
results/P4_v2_2_temporal_validation/P4_crg_tcn_fold1_s42/status.json,final_week|selected_config,4,False
results/P4_v2_2_temporal_validation/P4_crg_tcn_fold2_s2025/resolved_config.json,selected_config,1,False
results/P4_v2_2_temporal_validation/P4_crg_tcn_fold2_s2025/status.json,final_week|selected_config,4,False
results/P4_v2_2_temporal_validation/P4_crg_tcn_fold2_s2026/resolved_config.json,selected_config,1,False
results/P4_v2_2_temporal_validation/P4_crg_tcn_fold2_s2026/status.json,final_week|selected_config,4,False
results/P4_v2_2_temporal_validation/P4_crg_tcn_fold2_s202607/resolved_config.json,selected_config,1,False
results/P4_v2_2_temporal_validation/P4_crg_tcn_fold2_s202607/status.json,final_week|selected_config,4,False
results/P4_v2_2_temporal_validation/P4_crg_tcn_fold2_s3407/resolved_config.json,selected_config,1,False
results/P4_v2_2_temporal_validation/P4_crg_tcn_fold2_s3407/status.json,final_week|selected_config,4,False
results/P4_v2_2_temporal_validation/P4_crg_tcn_fold2_s42/resolved_config.json,selected_config,1,False
results/P4_v2_2_temporal_validation/P4_crg_tcn_fold2_s42/status.json,final_week|selected_config,4,False
results/P4_v2_2_temporal_validation/P4_crg_tcn_fold3_s2025/resolved_config.json,selected_config,1,False
results/P4_v2_2_temporal_validation/P4_crg_tcn_fold3_s2025/status.json,final_week|selected_config,4,False
results/P4_v2_2_temporal_validation/P4_crg_tcn_fold3_s2026/resolved_config.json,selected_config,1,False
results/P4_v2_2_temporal_validation/P4_crg_tcn_fold3_s2026/status.json,final_week|selected_config,4,False
results/P4_v2_2_temporal_validation/P4_crg_tcn_fold3_s202607/resolved_config.json,selected_config,1,False
results/P4_v2_2_temporal_validation/P4_crg_tcn_fold3_s202607/status.json,final_week|selected_config,4,False
results/P4_v2_2_temporal_validation/P4_crg_tcn_fold3_s3407/resolved_config.json,selected_config,1,False
results/P4_v2_2_temporal_validation/P4_crg_tcn_fold3_s3407/status.json,final_week|selected_config,4,False
results/P4_v2_2_temporal_validation/P4_crg_tcn_fold3_s42/resolved_config.json,selected_config,1,False
results/P4_v2_2_temporal_validation/P4_crg_tcn_fold3_s42/status.json,final_week|selected_config,4,False
results/P4_v2_2_temporal_validation/P4_crg_tcn_fold4_s2025/resolved_config.json,selected_config,1,False
results/P4_v2_2_temporal_validation/P4_crg_tcn_fold4_s2025/status.json,final_week|selected_config,4,False
results/P4_v2_2_temporal_validation/P4_crg_tcn_fold4_s2026/resolved_config.json,selected_config,1,False
results/P4_v2_2_temporal_validation/P4_crg_tcn_fold4_s2026/status.json,final_week|selected_config,4,False
results/P4_v2_2_temporal_validation/P4_crg_tcn_fold4_s202607/resolved_config.json,selected_config,1,False
results/P4_v2_2_temporal_validation/P4_crg_tcn_fold4_s202607/status.json,final_week|selected_config,4,False
results/P4_v2_2_temporal_validation/P4_crg_tcn_fold4_s3407/resolved_config.json,selected_config,1,False
results/P4_v2_2_temporal_validation/P4_crg_tcn_fold4_s3407/status.json,final_week|selected_config,4,False
results/P4_v2_2_temporal_validation/P4_crg_tcn_fold4_s42/resolved_config.json,selected_config,1,False
results/P4_v2_2_temporal_validation/P4_crg_tcn_fold4_s42/status.json,final_week|selected_config,4,False
results/P4_v2_2_temporal_validation/P4_gru_fold1_s2025/resolved_config.json,selected_config,1,False
results/P4_v2_2_temporal_validation/P4_gru_fold1_s2025/status.json,final_week|selected_config,4,False
results/P4_v2_2_temporal_validation/P4_gru_fold1_s2026/resolved_config.json,selected_config,1,False
results/P4_v2_2_temporal_validation/P4_gru_fold1_s2026/status.json,final_week|selected_config,4,False
results/P4_v2_2_temporal_validation/P4_gru_fold1_s202607/resolved_config.json,selected_config,1,False
results/P4_v2_2_temporal_validation/P4_gru_fold1_s202607/status.json,final_week|selected_config,4,False
results/P4_v2_2_temporal_validation/P4_gru_fold1_s3407/resolved_config.json,selected_config,1,False
results/P4_v2_2_temporal_validation/P4_gru_fold1_s3407/status.json,final_week|selected_config,4,False
results/P4_v2_2_temporal_validation/P4_gru_fold1_s42/resolved_config.json,selected_config,1,False
results/P4_v2_2_temporal_validation/P4_gru_fold1_s42/status.json,final_week|selected_config,4,False
results/P4_v2_2_temporal_validation/P4_gru_fold2_s2025/resolved_config.json,selected_config,1,False
results/P4_v2_2_temporal_validation/P4_gru_fold2_s2025/status.json,final_week|selected_config,4,False
results/P4_v2_2_temporal_validation/P4_gru_fold2_s2026/resolved_config.json,selected_config,1,False
results/P4_v2_2_temporal_validation/P4_gru_fold2_s2026/status.json,final_week|selected_config,4,False
results/P4_v2_2_temporal_validation/P4_gru_fold2_s202607/resolved_config.json,selected_config,1,False
results/P4_v2_2_temporal_validation/P4_gru_fold2_s202607/status.json,final_week|selected_config,4,False
results/P4_v2_2_temporal_validation/P4_gru_fold2_s3407/resolved_config.json,selected_config,1,False
results/P4_v2_2_temporal_validation/P4_gru_fold2_s3407/status.json,final_week|selected_config,4,False
results/P4_v2_2_temporal_validation/P4_gru_fold2_s42/resolved_config.json,selected_config,1,False
results/P4_v2_2_temporal_validation/P4_gru_fold2_s42/status.json,final_week|selected_config,4,False
results/P4_v2_2_temporal_validation/P4_gru_fold3_s2025/resolved_config.json,selected_config,1,False
results/P4_v2_2_temporal_validation/P4_gru_fold3_s2025/status.json,final_week|selected_config,4,False
results/P4_v2_2_temporal_validation/P4_gru_fold3_s2026/resolved_config.json,selected_config,1,False
results/P4_v2_2_temporal_validation/P4_gru_fold3_s2026/status.json,final_week|selected_config,4,False
results/P4_v2_2_temporal_validation/P4_gru_fold3_s202607/resolved_config.json,selected_config,1,False
results/P4_v2_2_temporal_validation/P4_gru_fold3_s202607/status.json,final_week|selected_config,4,False
results/P4_v2_2_temporal_validation/P4_gru_fold3_s3407/resolved_config.json,selected_config,1,False
results/P4_v2_2_temporal_validation/P4_gru_fold3_s3407/status.json,final_week|selected_config,4,False
results/P4_v2_2_temporal_validation/P4_gru_fold3_s42/resolved_config.json,selected_config,1,False
results/P4_v2_2_temporal_validation/P4_gru_fold3_s42/status.json,final_week|selected_config,4,False
results/P4_v2_2_temporal_validation/P4_gru_fold4_s2025/resolved_config.json,selected_config,1,False
results/P4_v2_2_temporal_validation/P4_gru_fold4_s2025/status.json,final_week|selected_config,4,False
results/P4_v2_2_temporal_validation/P4_gru_fold4_s2026/resolved_config.json,selected_config,1,False
results/P4_v2_2_temporal_validation/P4_gru_fold4_s2026/status.json,final_week|selected_config,4,False
results/P4_v2_2_temporal_validation/P4_gru_fold4_s202607/resolved_config.json,selected_config,1,False
results/P4_v2_2_temporal_validation/P4_gru_fold4_s202607/status.json,final_week|selected_config,4,False
results/P4_v2_2_temporal_validation/P4_gru_fold4_s3407/resolved_config.json,selected_config,1,False
results/P4_v2_2_temporal_validation/P4_gru_fold4_s3407/status.json,final_week|selected_config,4,False
results/P4_v2_2_temporal_validation/P4_gru_fold4_s42/resolved_config.json,selected_config,1,False
results/P4_v2_2_temporal_validation/P4_gru_fold4_s42/status.json,final_week|selected_config,4,False
results/P4_v2_2_temporal_validation/P4_persistence_fold1/status.json,final_week|selected_config,3,False
results/P4_v2_2_temporal_validation/P4_persistence_fold2/status.json,final_week|selected_config,3,False
results/P4_v2_2_temporal_validation/P4_persistence_fold3/status.json,final_week|selected_config,3,False
results/P4_v2_2_temporal_validation/P4_persistence_fold4/status.json,final_week|selected_config,3,False
results/P4_v2_2_temporal_validation/P4_ridge_fold1/resolved_config.json,selected_config,1,False
results/P4_v2_2_temporal_validation/P4_ridge_fold1/status.json,final_week|selected_config,4,False
results/P4_v2_2_temporal_validation/P4_ridge_fold2/resolved_config.json,selected_config,1,False
results/P4_v2_2_temporal_validation/P4_ridge_fold2/status.json,final_week|selected_config,4,False
results/P4_v2_2_temporal_validation/P4_ridge_fold3/resolved_config.json,selected_config,1,False
results/P4_v2_2_temporal_validation/P4_ridge_fold3/status.json,final_week|selected_config,4,False
results/P4_v2_2_temporal_validation/P4_ridge_fold4/resolved_config.json,selected_config,1,False
results/P4_v2_2_temporal_validation/P4_ridge_fold4/status.json,final_week|selected_config,4,False
results/P4_v2_2_temporal_validation/P4_seasonal_ha_fold1/status.json,final_week|selected_config,3,False
results/P4_v2_2_temporal_validation/P4_seasonal_ha_fold2/status.json,final_week|selected_config,3,False
results/P4_v2_2_temporal_validation/P4_seasonal_ha_fold3/status.json,final_week|selected_config,3,False
results/P4_v2_2_temporal_validation/P4_seasonal_ha_fold4/status.json,final_week|selected_config,3,False
results/P4_v2_2_temporal_validation/P4_st_transformer_lite_fold1_s2025/resolved_config.json,selected_config,1,False
results/P4_v2_2_temporal_validation/P4_st_transformer_lite_fold1_s2025/status.json,final_week|selected_config,4,False
results/P4_v2_2_temporal_validation/P4_st_transformer_lite_fold1_s2026/resolved_config.json,selected_config,1,False
results/P4_v2_2_temporal_validation/P4_st_transformer_lite_fold1_s2026/status.json,final_week|selected_config,4,False
results/P4_v2_2_temporal_validation/P4_st_transformer_lite_fold1_s202607/resolved_config.json,selected_config,1,False
results/P4_v2_2_temporal_validation/P4_st_transformer_lite_fold1_s202607/status.json,final_week|selected_config,4,False
results/P4_v2_2_temporal_validation/P4_st_transformer_lite_fold1_s3407/resolved_config.json,selected_config,1,False
results/P4_v2_2_temporal_validation/P4_st_transformer_lite_fold1_s3407/status.json,final_week|selected_config,4,False
results/P4_v2_2_temporal_validation/P4_st_transformer_lite_fold1_s42/resolved_config.json,selected_config,1,False
results/P4_v2_2_temporal_validation/P4_st_transformer_lite_fold1_s42/status.json,final_week|selected_config,4,False
results/P4_v2_2_temporal_validation/P4_st_transformer_lite_fold2_s2025/resolved_config.json,selected_config,1,False
results/P4_v2_2_temporal_validation/P4_st_transformer_lite_fold2_s2025/status.json,final_week|selected_config,4,False
results/P4_v2_2_temporal_validation/P4_st_transformer_lite_fold2_s2026/resolved_config.json,selected_config,1,False
results/P4_v2_2_temporal_validation/P4_st_transformer_lite_fold2_s2026/status.json,final_week|selected_config,4,False
results/P4_v2_2_temporal_validation/P4_st_transformer_lite_fold2_s202607/resolved_config.json,selected_config,1,False
results/P4_v2_2_temporal_validation/P4_st_transformer_lite_fold2_s202607/status.json,final_week|selected_config,4,False
results/P4_v2_2_temporal_validation/P4_st_transformer_lite_fold2_s3407/resolved_config.json,selected_config,1,False
results/P4_v2_2_temporal_validation/P4_st_transformer_lite_fold2_s3407/status.json,final_week|selected_config,4,False
results/P4_v2_2_temporal_validation/P4_st_transformer_lite_fold2_s42/resolved_config.json,selected_config,1,False
results/P4_v2_2_temporal_validation/P4_st_transformer_lite_fold2_s42/status.json,final_week|selected_config,4,False
results/P4_v2_2_temporal_validation/P4_st_transformer_lite_fold3_s2025/resolved_config.json,selected_config,1,False
results/P4_v2_2_temporal_validation/P4_st_transformer_lite_fold3_s2025/status.json,final_week|selected_config,4,False
results/P4_v2_2_temporal_validation/P4_st_transformer_lite_fold3_s2026/resolved_config.json,selected_config,1,False
results/P4_v2_2_temporal_validation/P4_st_transformer_lite_fold3_s2026/status.json,final_week|selected_config,4,False
results/P4_v2_2_temporal_validation/P4_st_transformer_lite_fold3_s202607/resolved_config.json,selected_config,1,False
results/P4_v2_2_temporal_validation/P4_st_transformer_lite_fold3_s202607/status.json,final_week|selected_config,4,False
results/P4_v2_2_temporal_validation/P4_st_transformer_lite_fold3_s3407/resolved_config.json,selected_config,1,False
results/P4_v2_2_temporal_validation/P4_st_transformer_lite_fold3_s3407/status.json,final_week|selected_config,4,False
results/P4_v2_2_temporal_validation/P4_st_transformer_lite_fold3_s42/resolved_config.json,selected_config,1,False
results/P4_v2_2_temporal_validation/P4_st_transformer_lite_fold3_s42/status.json,final_week|selected_config,4,False
results/P4_v2_2_temporal_validation/P4_st_transformer_lite_fold4_s2025/resolved_config.json,selected_config,1,False
results/P4_v2_2_temporal_validation/P4_st_transformer_lite_fold4_s2025/status.json,final_week|selected_config,4,False
results/P4_v2_2_temporal_validation/P4_st_transformer_lite_fold4_s2026/resolved_config.json,selected_config,1,False
results/P4_v2_2_temporal_validation/P4_st_transformer_lite_fold4_s2026/status.json,final_week|selected_config,4,False
results/P4_v2_2_temporal_validation/P4_st_transformer_lite_fold4_s202607/resolved_config.json,selected_config,1,False
results/P4_v2_2_temporal_validation/P4_st_transformer_lite_fold4_s202607/status.json,final_week|selected_config,4,False
results/P4_v2_2_temporal_validation/P4_st_transformer_lite_fold4_s3407/resolved_config.json,selected_config,1,False
results/P4_v2_2_temporal_validation/P4_st_transformer_lite_fold4_s3407/status.json,final_week|selected_config,4,False
results/P4_v2_2_temporal_validation/P4_st_transformer_lite_fold4_s42/resolved_config.json,selected_config,1,False
results/P4_v2_2_temporal_validation/P4_st_transformer_lite_fold4_s42/status.json,final_week|selected_config,4,False
results/P4_v2_2_temporal_validation/P4_tcn_fold1_s2025/resolved_config.json,selected_config,1,False
results/P4_v2_2_temporal_validation/P4_tcn_fold1_s2025/status.json,final_week|selected_config,4,False
results/P4_v2_2_temporal_validation/P4_tcn_fold1_s2026/resolved_config.json,selected_config,1,False
results/P4_v2_2_temporal_validation/P4_tcn_fold1_s2026/status.json,final_week|selected_config,4,False
results/P4_v2_2_temporal_validation/P4_tcn_fold1_s202607/resolved_config.json,selected_config,1,False
results/P4_v2_2_temporal_validation/P4_tcn_fold1_s202607/status.json,final_week|selected_config,4,False
results/P4_v2_2_temporal_validation/P4_tcn_fold1_s3407/resolved_config.json,selected_config,1,False
results/P4_v2_2_temporal_validation/P4_tcn_fold1_s3407/status.json,final_week|selected_config,4,False
results/P4_v2_2_temporal_validation/P4_tcn_fold1_s42/resolved_config.json,selected_config,1,False
results/P4_v2_2_temporal_validation/P4_tcn_fold1_s42/status.json,final_week|selected_config,4,False
results/P4_v2_2_temporal_validation/P4_tcn_fold2_s2025/resolved_config.json,selected_config,1,False
results/P4_v2_2_temporal_validation/P4_tcn_fold2_s2025/status.json,final_week|selected_config,4,False
results/P4_v2_2_temporal_validation/P4_tcn_fold2_s2026/resolved_config.json,selected_config,1,False
results/P4_v2_2_temporal_validation/P4_tcn_fold2_s2026/status.json,final_week|selected_config,4,False
results/P4_v2_2_temporal_validation/P4_tcn_fold2_s202607/resolved_config.json,selected_config,1,False
results/P4_v2_2_temporal_validation/P4_tcn_fold2_s202607/status.json,final_week|selected_config,4,False
results/P4_v2_2_temporal_validation/P4_tcn_fold2_s3407/resolved_config.json,selected_config,1,False
results/P4_v2_2_temporal_validation/P4_tcn_fold2_s3407/status.json,final_week|selected_config,4,False
results/P4_v2_2_temporal_validation/P4_tcn_fold2_s42/resolved_config.json,selected_config,1,False
results/P4_v2_2_temporal_validation/P4_tcn_fold2_s42/status.json,final_week|selected_config,4,False
results/P4_v2_2_temporal_validation/P4_tcn_fold3_s2025/resolved_config.json,selected_config,1,False
results/P4_v2_2_temporal_validation/P4_tcn_fold3_s2025/status.json,final_week|selected_config,4,False
results/P4_v2_2_temporal_validation/P4_tcn_fold3_s2026/resolved_config.json,selected_config,1,False
results/P4_v2_2_temporal_validation/P4_tcn_fold3_s2026/status.json,final_week|selected_config,4,False
results/P4_v2_2_temporal_validation/P4_tcn_fold3_s202607/resolved_config.json,selected_config,1,False
results/P4_v2_2_temporal_validation/P4_tcn_fold3_s202607/status.json,final_week|selected_config,4,False
results/P4_v2_2_temporal_validation/P4_tcn_fold3_s3407/resolved_config.json,selected_config,1,False
results/P4_v2_2_temporal_validation/P4_tcn_fold3_s3407/status.json,final_week|selected_config,4,False
results/P4_v2_2_temporal_validation/P4_tcn_fold3_s42/resolved_config.json,selected_config,1,False
results/P4_v2_2_temporal_validation/P4_tcn_fold3_s42/status.json,final_week|selected_config,4,False
results/P4_v2_2_temporal_validation/P4_tcn_fold4_s2025/resolved_config.json,selected_config,1,False
results/P4_v2_2_temporal_validation/P4_tcn_fold4_s2025/status.json,final_week|selected_config,4,False
results/P4_v2_2_temporal_validation/P4_tcn_fold4_s2026/resolved_config.json,selected_config,1,False
results/P4_v2_2_temporal_validation/P4_tcn_fold4_s2026/status.json,final_week|selected_config,4,False
results/P4_v2_2_temporal_validation/P4_tcn_fold4_s202607/resolved_config.json,selected_config,1,False
results/P4_v2_2_temporal_validation/P4_tcn_fold4_s202607/status.json,final_week|selected_config,4,False
results/P4_v2_2_temporal_validation/P4_tcn_fold4_s3407/resolved_config.json,selected_config,1,False
results/P4_v2_2_temporal_validation/P4_tcn_fold4_s3407/status.json,final_week|selected_config,4,False
results/P4_v2_2_temporal_validation/P4_tcn_fold4_s42/resolved_config.json,selected_config,1,False
results/P4_v2_2_temporal_validation/P4_tcn_fold4_s42/status.json,final_week|selected_config,4,False
results/P4_v2_2_temporal_validation/P4_xgboost_fold1_s2025/resolved_config.json,selected_config,1,False
results/P4_v2_2_temporal_validation/P4_xgboost_fold1_s2025/status.json,final_week|selected_config,4,False
results/P4_v2_2_temporal_validation/P4_xgboost_fold1_s2026/resolved_config.json,selected_config,1,False
results/P4_v2_2_temporal_validation/P4_xgboost_fold1_s2026/status.json,final_week|selected_config,4,False
results/P4_v2_2_temporal_validation/P4_xgboost_fold1_s202607/resolved_config.json,selected_config,1,False
results/P4_v2_2_temporal_validation/P4_xgboost_fold1_s202607/status.json,final_week|selected_config,4,False
results/P4_v2_2_temporal_validation/P4_xgboost_fold1_s3407/resolved_config.json,selected_config,1,False
results/P4_v2_2_temporal_validation/P4_xgboost_fold1_s3407/status.json,final_week|selected_config,4,False
results/P4_v2_2_temporal_validation/P4_xgboost_fold1_s42/resolved_config.json,selected_config,1,False
results/P4_v2_2_temporal_validation/P4_xgboost_fold1_s42/status.json,final_week|selected_config,4,False
results/P4_v2_2_temporal_validation/P4_xgboost_fold2_s2025/resolved_config.json,selected_config,1,False
results/P4_v2_2_temporal_validation/P4_xgboost_fold2_s2025/status.json,final_week|selected_config,4,False
results/P4_v2_2_temporal_validation/P4_xgboost_fold2_s2026/resolved_config.json,selected_config,1,False
results/P4_v2_2_temporal_validation/P4_xgboost_fold2_s2026/status.json,final_week|selected_config,4,False
results/P4_v2_2_temporal_validation/P4_xgboost_fold2_s202607/resolved_config.json,selected_config,1,False
results/P4_v2_2_temporal_validation/P4_xgboost_fold2_s202607/status.json,final_week|selected_config,4,False
results/P4_v2_2_temporal_validation/P4_xgboost_fold2_s3407/resolved_config.json,selected_config,1,False
results/P4_v2_2_temporal_validation/P4_xgboost_fold2_s3407/status.json,final_week|selected_config,4,False
results/P4_v2_2_temporal_validation/P4_xgboost_fold2_s42/resolved_config.json,selected_config,1,False
results/P4_v2_2_temporal_validation/P4_xgboost_fold2_s42/status.json,final_week|selected_config,4,False
results/P4_v2_2_temporal_validation/P4_xgboost_fold3_s2025/resolved_config.json,selected_config,1,False
results/P4_v2_2_temporal_validation/P4_xgboost_fold3_s2025/status.json,final_week|selected_config,4,False
results/P4_v2_2_temporal_validation/P4_xgboost_fold3_s2026/resolved_config.json,selected_config,1,False
results/P4_v2_2_temporal_validation/P4_xgboost_fold3_s2026/status.json,final_week|selected_config,4,False
results/P4_v2_2_temporal_validation/P4_xgboost_fold3_s202607/resolved_config.json,selected_config,1,False
results/P4_v2_2_temporal_validation/P4_xgboost_fold3_s202607/status.json,final_week|selected_config,4,False
results/P4_v2_2_temporal_validation/P4_xgboost_fold3_s3407/resolved_config.json,selected_config,1,False
results/P4_v2_2_temporal_validation/P4_xgboost_fold3_s3407/status.json,final_week|selected_config,4,False
results/P4_v2_2_temporal_validation/P4_xgboost_fold3_s42/resolved_config.json,selected_config,1,False
results/P4_v2_2_temporal_validation/P4_xgboost_fold3_s42/status.json,final_week|selected_config,4,False
results/P4_v2_2_temporal_validation/P4_xgboost_fold4_s2025/resolved_config.json,selected_config,1,False
results/P4_v2_2_temporal_validation/P4_xgboost_fold4_s2025/status.json,final_week|selected_config,4,False
results/P4_v2_2_temporal_validation/P4_xgboost_fold4_s2026/resolved_config.json,selected_config,1,False
results/P4_v2_2_temporal_validation/P4_xgboost_fold4_s2026/status.json,final_week|selected_config,4,False
results/P4_v2_2_temporal_validation/P4_xgboost_fold4_s202607/resolved_config.json,selected_config,1,False
results/P4_v2_2_temporal_validation/P4_xgboost_fold4_s202607/status.json,final_week|selected_config,4,False
results/P4_v2_2_temporal_validation/P4_xgboost_fold4_s3407/resolved_config.json,selected_config,1,False
results/P4_v2_2_temporal_validation/P4_xgboost_fold4_s3407/status.json,final_week|selected_config,4,False
results/P4_v2_2_temporal_validation/P4_xgboost_fold4_s42/resolved_config.json,selected_config,1,False
results/P4_v2_2_temporal_validation/P4_xgboost_fold4_s42/status.json,final_week|selected_config,4,False
results/P5_v2_2_formal/P5A_crg_tcn_w2_fold3_end_s2025/resolved_config.json,selected_config,1,False
results/P5_v2_2_formal/P5A_crg_tcn_w2_fold3_end_s2025/status.json,final_week|selected_config,4,False
results/P5_v2_2_formal/P5A_crg_tcn_w2_fold3_end_s2026/resolved_config.json,selected_config,1,False
results/P5_v2_2_formal/P5A_crg_tcn_w2_fold3_end_s2026/status.json,final_week|selected_config,4,False
results/P5_v2_2_formal/P5A_crg_tcn_w2_fold3_end_s202607/resolved_config.json,selected_config,1,False
results/P5_v2_2_formal/P5A_crg_tcn_w2_fold3_end_s202607/status.json,final_week|selected_config,4,False
results/P5_v2_2_formal/P5A_crg_tcn_w2_fold3_end_s3407/resolved_config.json,selected_config,1,False
results/P5_v2_2_formal/P5A_crg_tcn_w2_fold3_end_s3407/status.json,final_week|selected_config,4,False
results/P5_v2_2_formal/P5A_crg_tcn_w2_fold3_end_s42/resolved_config.json,selected_config,1,False
results/P5_v2_2_formal/P5A_crg_tcn_w2_fold3_end_s42/status.json,final_week|selected_config,4,False
results/P5_v2_2_formal/P5A_crg_tcn_w2_fold4_end_s2025/resolved_config.json,selected_config,1,False
results/P5_v2_2_formal/P5A_crg_tcn_w2_fold4_end_s2025/status.json,final_week|selected_config,4,False
results/P5_v2_2_formal/P5A_crg_tcn_w2_fold4_end_s2026/resolved_config.json,selected_config,1,False
results/P5_v2_2_formal/P5A_crg_tcn_w2_fold4_end_s2026/status.json,final_week|selected_config,4,False
results/P5_v2_2_formal/P5A_crg_tcn_w2_fold4_end_s202607/resolved_config.json,selected_config,1,False
results/P5_v2_2_formal/P5A_crg_tcn_w2_fold4_end_s202607/status.json,final_week|selected_config,4,False
results/P5_v2_2_formal/P5A_crg_tcn_w2_fold4_end_s3407/resolved_config.json,selected_config,1,False
results/P5_v2_2_formal/P5A_crg_tcn_w2_fold4_end_s3407/status.json,final_week|selected_config,4,False
results/P5_v2_2_formal/P5A_crg_tcn_w2_fold4_end_s42/resolved_config.json,selected_config,1,False
results/P5_v2_2_formal/P5A_crg_tcn_w2_fold4_end_s42/status.json,final_week|selected_config,4,False
results/P5_v2_2_formal/P5A_crg_tcn_w4_fold3_end_s2025/resolved_config.json,selected_config,1,False
results/P5_v2_2_formal/P5A_crg_tcn_w4_fold3_end_s2025/status.json,final_week|selected_config,4,False
results/P5_v2_2_formal/P5A_crg_tcn_w4_fold3_end_s2026/resolved_config.json,selected_config,1,False
results/P5_v2_2_formal/P5A_crg_tcn_w4_fold3_end_s2026/status.json,final_week|selected_config,4,False
results/P5_v2_2_formal/P5A_crg_tcn_w4_fold3_end_s202607/resolved_config.json,selected_config,1,False
results/P5_v2_2_formal/P5A_crg_tcn_w4_fold3_end_s202607/status.json,final_week|selected_config,4,False
results/P5_v2_2_formal/P5A_crg_tcn_w4_fold3_end_s3407/resolved_config.json,selected_config,1,False
results/P5_v2_2_formal/P5A_crg_tcn_w4_fold3_end_s3407/status.json,final_week|selected_config,4,False
results/P5_v2_2_formal/P5A_crg_tcn_w4_fold3_end_s42/resolved_config.json,selected_config,1,False
results/P5_v2_2_formal/P5A_crg_tcn_w4_fold3_end_s42/status.json,final_week|selected_config,4,False
results/P5_v2_2_formal/P5A_crg_tcn_w4_fold4_end_s2025/resolved_config.json,selected_config,1,False
results/P5_v2_2_formal/P5A_crg_tcn_w4_fold4_end_s2025/status.json,final_week|selected_config,4,False
results/P5_v2_2_formal/P5A_crg_tcn_w4_fold4_end_s2026/resolved_config.json,selected_config,1,False
results/P5_v2_2_formal/P5A_crg_tcn_w4_fold4_end_s2026/status.json,final_week|selected_config,4,False
results/P5_v2_2_formal/P5A_crg_tcn_w4_fold4_end_s202607/resolved_config.json,selected_config,1,False
results/P5_v2_2_formal/P5A_crg_tcn_w4_fold4_end_s202607/status.json,final_week|selected_config,4,False
results/P5_v2_2_formal/P5A_crg_tcn_w4_fold4_end_s3407/resolved_config.json,selected_config,1,False
results/P5_v2_2_formal/P5A_crg_tcn_w4_fold4_end_s3407/status.json,final_week|selected_config,4,False
results/P5_v2_2_formal/P5A_crg_tcn_w4_fold4_end_s42/resolved_config.json,selected_config,1,False
results/P5_v2_2_formal/P5A_crg_tcn_w4_fold4_end_s42/status.json,final_week|selected_config,4,False
results/P5_v2_2_formal/P5A_crg_tcn_w6_fold3_end_s2025/resolved_config.json,selected_config,1,False
results/P5_v2_2_formal/P5A_crg_tcn_w6_fold3_end_s2025/status.json,final_week|selected_config,4,False
results/P5_v2_2_formal/P5A_crg_tcn_w6_fold3_end_s2026/resolved_config.json,selected_config,1,False
results/P5_v2_2_formal/P5A_crg_tcn_w6_fold3_end_s2026/status.json,final_week|selected_config,4,False
results/P5_v2_2_formal/P5A_crg_tcn_w6_fold3_end_s202607/resolved_config.json,selected_config,1,False
results/P5_v2_2_formal/P5A_crg_tcn_w6_fold3_end_s202607/status.json,final_week|selected_config,4,False
results/P5_v2_2_formal/P5A_crg_tcn_w6_fold3_end_s3407/resolved_config.json,selected_config,1,False
results/P5_v2_2_formal/P5A_crg_tcn_w6_fold3_end_s3407/status.json,final_week|selected_config,4,False
results/P5_v2_2_formal/P5A_crg_tcn_w6_fold3_end_s42/resolved_config.json,selected_config,1,False
results/P5_v2_2_formal/P5A_crg_tcn_w6_fold3_end_s42/status.json,final_week|selected_config,4,False
results/P5_v2_2_formal/P5A_crg_tcn_w6_fold4_end_s2025/resolved_config.json,selected_config,1,False
results/P5_v2_2_formal/P5A_crg_tcn_w6_fold4_end_s2025/status.json,final_week|selected_config,4,False
results/P5_v2_2_formal/P5A_crg_tcn_w6_fold4_end_s2026/resolved_config.json,selected_config,1,False
results/P5_v2_2_formal/P5A_crg_tcn_w6_fold4_end_s2026/status.json,final_week|selected_config,4,False
results/P5_v2_2_formal/P5A_crg_tcn_w6_fold4_end_s202607/resolved_config.json,selected_config,1,False
results/P5_v2_2_formal/P5A_crg_tcn_w6_fold4_end_s202607/status.json,final_week|selected_config,4,False
results/P5_v2_2_formal/P5A_crg_tcn_w6_fold4_end_s3407/resolved_config.json,selected_config,1,False
results/P5_v2_2_formal/P5A_crg_tcn_w6_fold4_end_s3407/status.json,final_week|selected_config,4,False
results/P5_v2_2_formal/P5A_crg_tcn_w6_fold4_end_s42/resolved_config.json,selected_config,1,False
results/P5_v2_2_formal/P5A_crg_tcn_w6_fold4_end_s42/status.json,final_week|selected_config,4,False
results/P5_v2_2_formal/P5A_crg_tcn_w8_fold3_end_s2025/resolved_config.json,selected_config,1,False
results/P5_v2_2_formal/P5A_crg_tcn_w8_fold3_end_s2025/status.json,final_week|selected_config,4,False
results/P5_v2_2_formal/P5A_crg_tcn_w8_fold3_end_s2026/resolved_config.json,selected_config,1,False
results/P5_v2_2_formal/P5A_crg_tcn_w8_fold3_end_s2026/status.json,final_week|selected_config,4,False
results/P5_v2_2_formal/P5A_crg_tcn_w8_fold3_end_s202607/resolved_config.json,selected_config,1,False
results/P5_v2_2_formal/P5A_crg_tcn_w8_fold3_end_s202607/status.json,final_week|selected_config,4,False
results/P5_v2_2_formal/P5A_crg_tcn_w8_fold3_end_s3407/resolved_config.json,selected_config,1,False
results/P5_v2_2_formal/P5A_crg_tcn_w8_fold3_end_s3407/status.json,final_week|selected_config,4,False
results/P5_v2_2_formal/P5A_crg_tcn_w8_fold3_end_s42/resolved_config.json,selected_config,1,False
results/P5_v2_2_formal/P5A_crg_tcn_w8_fold3_end_s42/status.json,final_week|selected_config,4,False
results/P5_v2_2_formal/P5A_crg_tcn_w8_fold4_end_s2025/resolved_config.json,selected_config,1,False
results/P5_v2_2_formal/P5A_crg_tcn_w8_fold4_end_s2025/status.json,final_week|selected_config,4,False
results/P5_v2_2_formal/P5A_crg_tcn_w8_fold4_end_s2026/resolved_config.json,selected_config,1,False
results/P5_v2_2_formal/P5A_crg_tcn_w8_fold4_end_s2026/status.json,final_week|selected_config,4,False
results/P5_v2_2_formal/P5A_crg_tcn_w8_fold4_end_s202607/resolved_config.json,selected_config,1,False
results/P5_v2_2_formal/P5A_crg_tcn_w8_fold4_end_s202607/status.json,final_week|selected_config,4,False
results/P5_v2_2_formal/P5A_crg_tcn_w8_fold4_end_s3407/resolved_config.json,selected_config,1,False
results/P5_v2_2_formal/P5A_crg_tcn_w8_fold4_end_s3407/status.json,final_week|selected_config,4,False
results/P5_v2_2_formal/P5A_crg_tcn_w8_fold4_end_s42/resolved_config.json,selected_config,1,False
results/P5_v2_2_formal/P5A_crg_tcn_w8_fold4_end_s42/status.json,final_week|selected_config,4,False
results/P5_v2_2_formal/P5A_crg_tcn_wall_fold3_end_s2025/resolved_config.json,selected_config,1,False
results/P5_v2_2_formal/P5A_crg_tcn_wall_fold3_end_s2025/status.json,final_week|selected_config,4,False
results/P5_v2_2_formal/P5A_crg_tcn_wall_fold3_end_s2026/resolved_config.json,selected_config,1,False
results/P5_v2_2_formal/P5A_crg_tcn_wall_fold3_end_s2026/status.json,final_week|selected_config,4,False
results/P5_v2_2_formal/P5A_crg_tcn_wall_fold3_end_s202607/resolved_config.json,selected_config,1,False
results/P5_v2_2_formal/P5A_crg_tcn_wall_fold3_end_s202607/status.json,final_week|selected_config,4,False
results/P5_v2_2_formal/P5A_crg_tcn_wall_fold3_end_s3407/resolved_config.json,selected_config,1,False
results/P5_v2_2_formal/P5A_crg_tcn_wall_fold3_end_s3407/status.json,final_week|selected_config,4,False
results/P5_v2_2_formal/P5A_crg_tcn_wall_fold3_end_s42/resolved_config.json,selected_config,1,False
results/P5_v2_2_formal/P5A_crg_tcn_wall_fold3_end_s42/status.json,final_week|selected_config,4,False
results/P5_v2_2_formal/P5A_crg_tcn_wall_fold4_end_s2025/resolved_config.json,selected_config,1,False
results/P5_v2_2_formal/P5A_crg_tcn_wall_fold4_end_s2025/status.json,final_week|selected_config,4,False
results/P5_v2_2_formal/P5A_crg_tcn_wall_fold4_end_s2026/resolved_config.json,selected_config,1,False
results/P5_v2_2_formal/P5A_crg_tcn_wall_fold4_end_s2026/status.json,final_week|selected_config,4,False
results/P5_v2_2_formal/P5A_crg_tcn_wall_fold4_end_s202607/resolved_config.json,selected_config,1,False
results/P5_v2_2_formal/P5A_crg_tcn_wall_fold4_end_s202607/status.json,final_week|selected_config,4,False
results/P5_v2_2_formal/P5A_crg_tcn_wall_fold4_end_s3407/resolved_config.json,selected_config,1,False
results/P5_v2_2_formal/P5A_crg_tcn_wall_fold4_end_s3407/status.json,final_week|selected_config,4,False
results/P5_v2_2_formal/P5A_crg_tcn_wall_fold4_end_s42/resolved_config.json,selected_config,1,False
results/P5_v2_2_formal/P5A_crg_tcn_wall_fold4_end_s42/status.json,final_week|selected_config,4,False
results/P5_v2_2_formal/P5A_seasonal_ha_w2_fold3_end/status.json,final_week|selected_config,3,False
results/P5_v2_2_formal/P5A_seasonal_ha_w2_fold4_end/status.json,final_week|selected_config,3,False
results/P5_v2_2_formal/P5A_seasonal_ha_w4_fold3_end/status.json,final_week|selected_config,3,False
results/P5_v2_2_formal/P5A_seasonal_ha_w4_fold4_end/status.json,final_week|selected_config,3,False
results/P5_v2_2_formal/P5A_seasonal_ha_w6_fold3_end/status.json,final_week|selected_config,3,False
results/P5_v2_2_formal/P5A_seasonal_ha_w6_fold4_end/status.json,final_week|selected_config,3,False
results/P5_v2_2_formal/P5A_seasonal_ha_w8_fold3_end/status.json,final_week|selected_config,3,False
results/P5_v2_2_formal/P5A_seasonal_ha_w8_fold4_end/status.json,final_week|selected_config,3,False
results/P5_v2_2_formal/P5A_seasonal_ha_wall_fold3_end/status.json,final_week|selected_config,3,False
results/P5_v2_2_formal/P5A_seasonal_ha_wall_fold4_end/status.json,final_week|selected_config,3,False
results/P5_v2_2_formal/P5A_tcn_w2_fold3_end_s2025/resolved_config.json,selected_config,1,False
results/P5_v2_2_formal/P5A_tcn_w2_fold3_end_s2025/status.json,final_week|selected_config,4,False
results/P5_v2_2_formal/P5A_tcn_w2_fold3_end_s2026/resolved_config.json,selected_config,1,False
results/P5_v2_2_formal/P5A_tcn_w2_fold3_end_s2026/status.json,final_week|selected_config,4,False
results/P5_v2_2_formal/P5A_tcn_w2_fold3_end_s202607/resolved_config.json,selected_config,1,False
results/P5_v2_2_formal/P5A_tcn_w2_fold3_end_s202607/status.json,final_week|selected_config,4,False
results/P5_v2_2_formal/P5A_tcn_w2_fold3_end_s3407/resolved_config.json,selected_config,1,False
results/P5_v2_2_formal/P5A_tcn_w2_fold3_end_s3407/status.json,final_week|selected_config,4,False
results/P5_v2_2_formal/P5A_tcn_w2_fold3_end_s42/resolved_config.json,selected_config,1,False
results/P5_v2_2_formal/P5A_tcn_w2_fold3_end_s42/status.json,final_week|selected_config,4,False
results/P5_v2_2_formal/P5A_tcn_w2_fold4_end_s2025/resolved_config.json,selected_config,1,False
results/P5_v2_2_formal/P5A_tcn_w2_fold4_end_s2025/status.json,final_week|selected_config,4,False
results/P5_v2_2_formal/P5A_tcn_w2_fold4_end_s2026/resolved_config.json,selected_config,1,False
results/P5_v2_2_formal/P5A_tcn_w2_fold4_end_s2026/status.json,final_week|selected_config,4,False
results/P5_v2_2_formal/P5A_tcn_w2_fold4_end_s202607/resolved_config.json,selected_config,1,False
results/P5_v2_2_formal/P5A_tcn_w2_fold4_end_s202607/status.json,final_week|selected_config,4,False
results/P5_v2_2_formal/P5A_tcn_w2_fold4_end_s3407/resolved_config.json,selected_config,1,False
results/P5_v2_2_formal/P5A_tcn_w2_fold4_end_s3407/status.json,final_week|selected_config,4,False
results/P5_v2_2_formal/P5A_tcn_w2_fold4_end_s42/resolved_config.json,selected_config,1,False
results/P5_v2_2_formal/P5A_tcn_w2_fold4_end_s42/status.json,final_week|selected_config,4,False
results/P5_v2_2_formal/P5A_tcn_w4_fold3_end_s2025/resolved_config.json,selected_config,1,False
results/P5_v2_2_formal/P5A_tcn_w4_fold3_end_s2025/status.json,final_week|selected_config,4,False
results/P5_v2_2_formal/P5A_tcn_w4_fold3_end_s2026/resolved_config.json,selected_config,1,False
results/P5_v2_2_formal/P5A_tcn_w4_fold3_end_s2026/status.json,final_week|selected_config,4,False
results/P5_v2_2_formal/P5A_tcn_w4_fold3_end_s202607/resolved_config.json,selected_config,1,False
results/P5_v2_2_formal/P5A_tcn_w4_fold3_end_s202607/status.json,final_week|selected_config,4,False
results/P5_v2_2_formal/P5A_tcn_w4_fold3_end_s3407/resolved_config.json,selected_config,1,False
results/P5_v2_2_formal/P5A_tcn_w4_fold3_end_s3407/status.json,final_week|selected_config,4,False
results/P5_v2_2_formal/P5A_tcn_w4_fold3_end_s42/resolved_config.json,selected_config,1,False
results/P5_v2_2_formal/P5A_tcn_w4_fold3_end_s42/status.json,final_week|selected_config,4,False
results/P5_v2_2_formal/P5A_tcn_w4_fold4_end_s2025/resolved_config.json,selected_config,1,False
results/P5_v2_2_formal/P5A_tcn_w4_fold4_end_s2025/status.json,final_week|selected_config,4,False
results/P5_v2_2_formal/P5A_tcn_w4_fold4_end_s2026/resolved_config.json,selected_config,1,False
results/P5_v2_2_formal/P5A_tcn_w4_fold4_end_s2026/status.json,final_week|selected_config,4,False
results/P5_v2_2_formal/P5A_tcn_w4_fold4_end_s202607/resolved_config.json,selected_config,1,False
results/P5_v2_2_formal/P5A_tcn_w4_fold4_end_s202607/status.json,final_week|selected_config,4,False
results/P5_v2_2_formal/P5A_tcn_w4_fold4_end_s3407/resolved_config.json,selected_config,1,False
results/P5_v2_2_formal/P5A_tcn_w4_fold4_end_s3407/status.json,final_week|selected_config,4,False
results/P5_v2_2_formal/P5A_tcn_w4_fold4_end_s42/resolved_config.json,selected_config,1,False
results/P5_v2_2_formal/P5A_tcn_w4_fold4_end_s42/status.json,final_week|selected_config,4,False
results/P5_v2_2_formal/P5A_tcn_w6_fold3_end_s2025/resolved_config.json,selected_config,1,False
results/P5_v2_2_formal/P5A_tcn_w6_fold3_end_s2025/status.json,final_week|selected_config,4,False
results/P5_v2_2_formal/P5A_tcn_w6_fold3_end_s2026/resolved_config.json,selected_config,1,False
results/P5_v2_2_formal/P5A_tcn_w6_fold3_end_s2026/status.json,final_week|selected_config,4,False
results/P5_v2_2_formal/P5A_tcn_w6_fold3_end_s202607/resolved_config.json,selected_config,1,False
results/P5_v2_2_formal/P5A_tcn_w6_fold3_end_s202607/status.json,final_week|selected_config,4,False
results/P5_v2_2_formal/P5A_tcn_w6_fold3_end_s3407/resolved_config.json,selected_config,1,False
results/P5_v2_2_formal/P5A_tcn_w6_fold3_end_s3407/status.json,final_week|selected_config,4,False
results/P5_v2_2_formal/P5A_tcn_w6_fold3_end_s42/resolved_config.json,selected_config,1,False
results/P5_v2_2_formal/P5A_tcn_w6_fold3_end_s42/status.json,final_week|selected_config,4,False
results/P5_v2_2_formal/P5A_tcn_w6_fold4_end_s2025/resolved_config.json,selected_config,1,False
results/P5_v2_2_formal/P5A_tcn_w6_fold4_end_s2025/status.json,final_week|selected_config,4,False
results/P5_v2_2_formal/P5A_tcn_w6_fold4_end_s2026/resolved_config.json,selected_config,1,False
results/P5_v2_2_formal/P5A_tcn_w6_fold4_end_s2026/status.json,final_week|selected_config,4,False
results/P5_v2_2_formal/P5A_tcn_w6_fold4_end_s202607/resolved_config.json,selected_config,1,False
results/P5_v2_2_formal/P5A_tcn_w6_fold4_end_s202607/status.json,final_week|selected_config,4,False
results/P5_v2_2_formal/P5A_tcn_w6_fold4_end_s3407/resolved_config.json,selected_config,1,False
results/P5_v2_2_formal/P5A_tcn_w6_fold4_end_s3407/status.json,final_week|selected_config,4,False
results/P5_v2_2_formal/P5A_tcn_w6_fold4_end_s42/resolved_config.json,selected_config,1,False
results/P5_v2_2_formal/P5A_tcn_w6_fold4_end_s42/status.json,final_week|selected_config,4,False
results/P5_v2_2_formal/P5A_tcn_w8_fold3_end_s2025/resolved_config.json,selected_config,1,False
results/P5_v2_2_formal/P5A_tcn_w8_fold3_end_s2025/status.json,final_week|selected_config,4,False
results/P5_v2_2_formal/P5A_tcn_w8_fold3_end_s2026/resolved_config.json,selected_config,1,False
results/P5_v2_2_formal/P5A_tcn_w8_fold3_end_s2026/status.json,final_week|selected_config,4,False
results/P5_v2_2_formal/P5A_tcn_w8_fold3_end_s202607/resolved_config.json,selected_config,1,False
results/P5_v2_2_formal/P5A_tcn_w8_fold3_end_s202607/status.json,final_week|selected_config,4,False
results/P5_v2_2_formal/P5A_tcn_w8_fold3_end_s3407/resolved_config.json,selected_config,1,False
results/P5_v2_2_formal/P5A_tcn_w8_fold3_end_s3407/status.json,final_week|selected_config,4,False
results/P5_v2_2_formal/P5A_tcn_w8_fold3_end_s42/resolved_config.json,selected_config,1,False
results/P5_v2_2_formal/P5A_tcn_w8_fold3_end_s42/status.json,final_week|selected_config,4,False
results/P5_v2_2_formal/P5A_tcn_w8_fold4_end_s2025/resolved_config.json,selected_config,1,False
results/P5_v2_2_formal/P5A_tcn_w8_fold4_end_s2025/status.json,final_week|selected_config,4,False
results/P5_v2_2_formal/P5A_tcn_w8_fold4_end_s2026/resolved_config.json,selected_config,1,False
results/P5_v2_2_formal/P5A_tcn_w8_fold4_end_s2026/status.json,final_week|selected_config,4,False
results/P5_v2_2_formal/P5A_tcn_w8_fold4_end_s202607/resolved_config.json,selected_config,1,False
results/P5_v2_2_formal/P5A_tcn_w8_fold4_end_s202607/status.json,final_week|selected_config,4,False
results/P5_v2_2_formal/P5A_tcn_w8_fold4_end_s3407/resolved_config.json,selected_config,1,False
results/P5_v2_2_formal/P5A_tcn_w8_fold4_end_s3407/status.json,final_week|selected_config,4,False
results/P5_v2_2_formal/P5A_tcn_w8_fold4_end_s42/resolved_config.json,selected_config,1,False
results/P5_v2_2_formal/P5A_tcn_w8_fold4_end_s42/status.json,final_week|selected_config,4,False
results/P5_v2_2_formal/P5A_tcn_wall_fold3_end_s2025/resolved_config.json,selected_config,1,False
results/P5_v2_2_formal/P5A_tcn_wall_fold3_end_s2025/status.json,final_week|selected_config,4,False
results/P5_v2_2_formal/P5A_tcn_wall_fold3_end_s2026/resolved_config.json,selected_config,1,False
results/P5_v2_2_formal/P5A_tcn_wall_fold3_end_s2026/status.json,final_week|selected_config,4,False
results/P5_v2_2_formal/P5A_tcn_wall_fold3_end_s202607/resolved_config.json,selected_config,1,False
results/P5_v2_2_formal/P5A_tcn_wall_fold3_end_s202607/status.json,final_week|selected_config,4,False
results/P5_v2_2_formal/P5A_tcn_wall_fold3_end_s3407/resolved_config.json,selected_config,1,False
results/P5_v2_2_formal/P5A_tcn_wall_fold3_end_s3407/status.json,final_week|selected_config,4,False
results/P5_v2_2_formal/P5A_tcn_wall_fold3_end_s42/resolved_config.json,selected_config,1,False
results/P5_v2_2_formal/P5A_tcn_wall_fold3_end_s42/status.json,final_week|selected_config,4,False
results/P5_v2_2_formal/P5A_tcn_wall_fold4_end_s2025/resolved_config.json,selected_config,1,False
results/P5_v2_2_formal/P5A_tcn_wall_fold4_end_s2025/status.json,final_week|selected_config,4,False
results/P5_v2_2_formal/P5A_tcn_wall_fold4_end_s2026/resolved_config.json,selected_config,1,False
results/P5_v2_2_formal/P5A_tcn_wall_fold4_end_s2026/status.json,final_week|selected_config,4,False
results/P5_v2_2_formal/P5A_tcn_wall_fold4_end_s202607/resolved_config.json,selected_config,1,False
results/P5_v2_2_formal/P5A_tcn_wall_fold4_end_s202607/status.json,final_week|selected_config,4,False
results/P5_v2_2_formal/P5A_tcn_wall_fold4_end_s3407/resolved_config.json,selected_config,1,False
results/P5_v2_2_formal/P5A_tcn_wall_fold4_end_s3407/status.json,final_week|selected_config,4,False
results/P5_v2_2_formal/P5A_tcn_wall_fold4_end_s42/resolved_config.json,selected_config,1,False
results/P5_v2_2_formal/P5A_tcn_wall_fold4_end_s42/status.json,final_week|selected_config,4,False
results/P5_v2_2_formal/P5A_xgboost_w2_fold3_end_s2025/resolved_config.json,selected_config,1,False
results/P5_v2_2_formal/P5A_xgboost_w2_fold3_end_s2025/status.json,final_week|selected_config,4,False
results/P5_v2_2_formal/P5A_xgboost_w2_fold3_end_s2026/resolved_config.json,selected_config,1,False
results/P5_v2_2_formal/P5A_xgboost_w2_fold3_end_s2026/status.json,final_week|selected_config,4,False
results/P5_v2_2_formal/P5A_xgboost_w2_fold3_end_s202607/resolved_config.json,selected_config,1,False
results/P5_v2_2_formal/P5A_xgboost_w2_fold3_end_s202607/status.json,final_week|selected_config,4,False
results/P5_v2_2_formal/P5A_xgboost_w2_fold3_end_s3407/resolved_config.json,selected_config,1,False
results/P5_v2_2_formal/P5A_xgboost_w2_fold3_end_s3407/status.json,final_week|selected_config,4,False
results/P5_v2_2_formal/P5A_xgboost_w2_fold3_end_s42/resolved_config.json,selected_config,1,False
results/P5_v2_2_formal/P5A_xgboost_w2_fold3_end_s42/status.json,final_week|selected_config,4,False
results/P5_v2_2_formal/P5A_xgboost_w2_fold4_end_s2025/resolved_config.json,selected_config,1,False
results/P5_v2_2_formal/P5A_xgboost_w2_fold4_end_s2025/status.json,final_week|selected_config,4,False
results/P5_v2_2_formal/P5A_xgboost_w2_fold4_end_s2026/resolved_config.json,selected_config,1,False
results/P5_v2_2_formal/P5A_xgboost_w2_fold4_end_s2026/status.json,final_week|selected_config,4,False
results/P5_v2_2_formal/P5A_xgboost_w2_fold4_end_s202607/resolved_config.json,selected_config,1,False
results/P5_v2_2_formal/P5A_xgboost_w2_fold4_end_s202607/status.json,final_week|selected_config,4,False
results/P5_v2_2_formal/P5A_xgboost_w2_fold4_end_s3407/resolved_config.json,selected_config,1,False
results/P5_v2_2_formal/P5A_xgboost_w2_fold4_end_s3407/status.json,final_week|selected_config,4,False
results/P5_v2_2_formal/P5A_xgboost_w2_fold4_end_s42/resolved_config.json,selected_config,1,False
results/P5_v2_2_formal/P5A_xgboost_w2_fold4_end_s42/status.json,final_week|selected_config,4,False
results/P5_v2_2_formal/P5A_xgboost_w4_fold3_end_s2025/resolved_config.json,selected_config,1,False
results/P5_v2_2_formal/P5A_xgboost_w4_fold3_end_s2025/status.json,final_week|selected_config,4,False
results/P5_v2_2_formal/P5A_xgboost_w4_fold3_end_s2026/resolved_config.json,selected_config,1,False
results/P5_v2_2_formal/P5A_xgboost_w4_fold3_end_s2026/status.json,final_week|selected_config,4,False
results/P5_v2_2_formal/P5A_xgboost_w4_fold3_end_s202607/resolved_config.json,selected_config,1,False
results/P5_v2_2_formal/P5A_xgboost_w4_fold3_end_s202607/status.json,final_week|selected_config,4,False
results/P5_v2_2_formal/P5A_xgboost_w4_fold3_end_s3407/resolved_config.json,selected_config,1,False
results/P5_v2_2_formal/P5A_xgboost_w4_fold3_end_s3407/status.json,final_week|selected_config,4,False
results/P5_v2_2_formal/P5A_xgboost_w4_fold3_end_s42/resolved_config.json,selected_config,1,False
results/P5_v2_2_formal/P5A_xgboost_w4_fold3_end_s42/status.json,final_week|selected_config,4,False
results/P5_v2_2_formal/P5A_xgboost_w4_fold4_end_s2025/resolved_config.json,selected_config,1,False
results/P5_v2_2_formal/P5A_xgboost_w4_fold4_end_s2025/status.json,final_week|selected_config,4,False
results/P5_v2_2_formal/P5A_xgboost_w4_fold4_end_s2026/resolved_config.json,selected_config,1,False
results/P5_v2_2_formal/P5A_xgboost_w4_fold4_end_s2026/status.json,final_week|selected_config,4,False
results/P5_v2_2_formal/P5A_xgboost_w4_fold4_end_s202607/resolved_config.json,selected_config,1,False
results/P5_v2_2_formal/P5A_xgboost_w4_fold4_end_s202607/status.json,final_week|selected_config,4,False
results/P5_v2_2_formal/P5A_xgboost_w4_fold4_end_s3407/resolved_config.json,selected_config,1,False
results/P5_v2_2_formal/P5A_xgboost_w4_fold4_end_s3407/status.json,final_week|selected_config,4,False
results/P5_v2_2_formal/P5A_xgboost_w4_fold4_end_s42/resolved_config.json,selected_config,1,False
results/P5_v2_2_formal/P5A_xgboost_w4_fold4_end_s42/status.json,final_week|selected_config,4,False
results/P5_v2_2_formal/P5A_xgboost_w6_fold3_end_s2025/resolved_config.json,selected_config,1,False
results/P5_v2_2_formal/P5A_xgboost_w6_fold3_end_s2025/status.json,final_week|selected_config,4,False
results/P5_v2_2_formal/P5A_xgboost_w6_fold3_end_s2026/resolved_config.json,selected_config,1,False
results/P5_v2_2_formal/P5A_xgboost_w6_fold3_end_s2026/status.json,final_week|selected_config,4,False
results/P5_v2_2_formal/P5A_xgboost_w6_fold3_end_s202607/resolved_config.json,selected_config,1,False
results/P5_v2_2_formal/P5A_xgboost_w6_fold3_end_s202607/status.json,final_week|selected_config,4,False
results/P5_v2_2_formal/P5A_xgboost_w6_fold3_end_s3407/resolved_config.json,selected_config,1,False
results/P5_v2_2_formal/P5A_xgboost_w6_fold3_end_s3407/status.json,final_week|selected_config,4,False
results/P5_v2_2_formal/P5A_xgboost_w6_fold3_end_s42/resolved_config.json,selected_config,1,False
results/P5_v2_2_formal/P5A_xgboost_w6_fold3_end_s42/status.json,final_week|selected_config,4,False
results/P5_v2_2_formal/P5A_xgboost_w6_fold4_end_s2025/resolved_config.json,selected_config,1,False
results/P5_v2_2_formal/P5A_xgboost_w6_fold4_end_s2025/status.json,final_week|selected_config,4,False
results/P5_v2_2_formal/P5A_xgboost_w6_fold4_end_s2026/resolved_config.json,selected_config,1,False
results/P5_v2_2_formal/P5A_xgboost_w6_fold4_end_s2026/status.json,final_week|selected_config,4,False
results/P5_v2_2_formal/P5A_xgboost_w6_fold4_end_s202607/resolved_config.json,selected_config,1,False
results/P5_v2_2_formal/P5A_xgboost_w6_fold4_end_s202607/status.json,final_week|selected_config,4,False
results/P5_v2_2_formal/P5A_xgboost_w6_fold4_end_s3407/resolved_config.json,selected_config,1,False
results/P5_v2_2_formal/P5A_xgboost_w6_fold4_end_s3407/status.json,final_week|selected_config,4,False
results/P5_v2_2_formal/P5A_xgboost_w6_fold4_end_s42/resolved_config.json,selected_config,1,False
results/P5_v2_2_formal/P5A_xgboost_w6_fold4_end_s42/status.json,final_week|selected_config,4,False
results/P5_v2_2_formal/P5A_xgboost_w8_fold3_end_s2025/resolved_config.json,selected_config,1,False
results/P5_v2_2_formal/P5A_xgboost_w8_fold3_end_s2025/status.json,final_week|selected_config,4,False
results/P5_v2_2_formal/P5A_xgboost_w8_fold3_end_s2026/resolved_config.json,selected_config,1,False
results/P5_v2_2_formal/P5A_xgboost_w8_fold3_end_s2026/status.json,final_week|selected_config,4,False
results/P5_v2_2_formal/P5A_xgboost_w8_fold3_end_s202607/resolved_config.json,selected_config,1,False
results/P5_v2_2_formal/P5A_xgboost_w8_fold3_end_s202607/status.json,final_week|selected_config,4,False
results/P5_v2_2_formal/P5A_xgboost_w8_fold3_end_s3407/resolved_config.json,selected_config,1,False
results/P5_v2_2_formal/P5A_xgboost_w8_fold3_end_s3407/status.json,final_week|selected_config,4,False
results/P5_v2_2_formal/P5A_xgboost_w8_fold3_end_s42/resolved_config.json,selected_config,1,False
results/P5_v2_2_formal/P5A_xgboost_w8_fold3_end_s42/status.json,final_week|selected_config,4,False
results/P5_v2_2_formal/P5A_xgboost_w8_fold4_end_s2025/resolved_config.json,selected_config,1,False
results/P5_v2_2_formal/P5A_xgboost_w8_fold4_end_s2025/status.json,final_week|selected_config,4,False
results/P5_v2_2_formal/P5A_xgboost_w8_fold4_end_s2026/resolved_config.json,selected_config,1,False
results/P5_v2_2_formal/P5A_xgboost_w8_fold4_end_s2026/status.json,final_week|selected_config,4,False
results/P5_v2_2_formal/P5A_xgboost_w8_fold4_end_s202607/resolved_config.json,selected_config,1,False
results/P5_v2_2_formal/P5A_xgboost_w8_fold4_end_s202607/status.json,final_week|selected_config,4,False
results/P5_v2_2_formal/P5A_xgboost_w8_fold4_end_s3407/resolved_config.json,selected_config,1,False
results/P5_v2_2_formal/P5A_xgboost_w8_fold4_end_s3407/status.json,final_week|selected_config,4,False
results/P5_v2_2_formal/P5A_xgboost_w8_fold4_end_s42/resolved_config.json,selected_config,1,False
results/P5_v2_2_formal/P5A_xgboost_w8_fold4_end_s42/status.json,final_week|selected_config,4,False
results/P5_v2_2_formal/P5A_xgboost_wall_fold3_end_s2025/resolved_config.json,selected_config,1,False
results/P5_v2_2_formal/P5A_xgboost_wall_fold3_end_s2025/status.json,final_week|selected_config,4,False
results/P5_v2_2_formal/P5A_xgboost_wall_fold3_end_s2026/resolved_config.json,selected_config,1,False
results/P5_v2_2_formal/P5A_xgboost_wall_fold3_end_s2026/status.json,final_week|selected_config,4,False
results/P5_v2_2_formal/P5A_xgboost_wall_fold3_end_s202607/resolved_config.json,selected_config,1,False
results/P5_v2_2_formal/P5A_xgboost_wall_fold3_end_s202607/status.json,final_week|selected_config,4,False
results/P5_v2_2_formal/P5A_xgboost_wall_fold3_end_s3407/resolved_config.json,selected_config,1,False
results/P5_v2_2_formal/P5A_xgboost_wall_fold3_end_s3407/status.json,final_week|selected_config,4,False
results/P5_v2_2_formal/P5A_xgboost_wall_fold3_end_s42/resolved_config.json,selected_config,1,False
results/P5_v2_2_formal/P5A_xgboost_wall_fold3_end_s42/status.json,final_week|selected_config,4,False
results/P5_v2_2_formal/P5A_xgboost_wall_fold4_end_s2025/resolved_config.json,selected_config,1,False
results/P5_v2_2_formal/P5A_xgboost_wall_fold4_end_s2025/status.json,final_week|selected_config,4,False
results/P5_v2_2_formal/P5A_xgboost_wall_fold4_end_s2026/resolved_config.json,selected_config,1,False
results/P5_v2_2_formal/P5A_xgboost_wall_fold4_end_s2026/status.json,final_week|selected_config,4,False
results/P5_v2_2_formal/P5A_xgboost_wall_fold4_end_s202607/resolved_config.json,selected_config,1,False
results/P5_v2_2_formal/P5A_xgboost_wall_fold4_end_s202607/status.json,final_week|selected_config,4,False
results/P5_v2_2_formal/P5A_xgboost_wall_fold4_end_s3407/resolved_config.json,selected_config,1,False
results/P5_v2_2_formal/P5A_xgboost_wall_fold4_end_s3407/status.json,final_week|selected_config,4,False
results/P5_v2_2_formal/P5A_xgboost_wall_fold4_end_s42/resolved_config.json,selected_config,1,False
results/P5_v2_2_formal/P5A_xgboost_wall_fold4_end_s42/status.json,final_week|selected_config,4,False
results/P5_v2_2_formal/P5B_A0_tcn_fold3_s2025/resolved_config.json,selected_config,1,False
results/P5_v2_2_formal/P5B_A0_tcn_fold3_s2025/status.json,final_week|selected_config,4,False
results/P5_v2_2_formal/P5B_A0_tcn_fold3_s2026/resolved_config.json,selected_config,1,False
results/P5_v2_2_formal/P5B_A0_tcn_fold3_s2026/status.json,final_week|selected_config,4,False
results/P5_v2_2_formal/P5B_A0_tcn_fold3_s202607/resolved_config.json,selected_config,1,False
results/P5_v2_2_formal/P5B_A0_tcn_fold3_s202607/status.json,final_week|selected_config,4,False
results/P5_v2_2_formal/P5B_A0_tcn_fold3_s3407/resolved_config.json,selected_config,1,False
results/P5_v2_2_formal/P5B_A0_tcn_fold3_s3407/status.json,final_week|selected_config,4,False
results/P5_v2_2_formal/P5B_A0_tcn_fold3_s42/resolved_config.json,selected_config,1,False
results/P5_v2_2_formal/P5B_A0_tcn_fold3_s42/status.json,final_week|selected_config,4,False
results/P5_v2_2_formal/P5B_A0_tcn_fold4_s2025/resolved_config.json,selected_config,1,False
results/P5_v2_2_formal/P5B_A0_tcn_fold4_s2025/status.json,final_week|selected_config,4,False
results/P5_v2_2_formal/P5B_A0_tcn_fold4_s2026/resolved_config.json,selected_config,1,False
results/P5_v2_2_formal/P5B_A0_tcn_fold4_s2026/status.json,final_week|selected_config,4,False
results/P5_v2_2_formal/P5B_A0_tcn_fold4_s202607/resolved_config.json,selected_config,1,False
results/P5_v2_2_formal/P5B_A0_tcn_fold4_s202607/status.json,final_week|selected_config,4,False
results/P5_v2_2_formal/P5B_A0_tcn_fold4_s3407/resolved_config.json,selected_config,1,False
results/P5_v2_2_formal/P5B_A0_tcn_fold4_s3407/status.json,final_week|selected_config,4,False
results/P5_v2_2_formal/P5B_A0_tcn_fold4_s42/resolved_config.json,selected_config,1,False
results/P5_v2_2_formal/P5B_A0_tcn_fold4_s42/status.json,final_week|selected_config,4,False
results/P5_v2_2_formal/P5B_A1_light_tcn_fold3_s2025/resolved_config.json,selected_config,1,False
results/P5_v2_2_formal/P5B_A1_light_tcn_fold3_s2025/status.json,final_week|selected_config,4,False
results/P5_v2_2_formal/P5B_A1_light_tcn_fold3_s2026/resolved_config.json,selected_config,1,False
results/P5_v2_2_formal/P5B_A1_light_tcn_fold3_s2026/status.json,final_week|selected_config,4,False
results/P5_v2_2_formal/P5B_A1_light_tcn_fold3_s202607/resolved_config.json,selected_config,1,False
results/P5_v2_2_formal/P5B_A1_light_tcn_fold3_s202607/status.json,final_week|selected_config,4,False
results/P5_v2_2_formal/P5B_A1_light_tcn_fold3_s3407/resolved_config.json,selected_config,1,False
results/P5_v2_2_formal/P5B_A1_light_tcn_fold3_s3407/status.json,final_week|selected_config,4,False
results/P5_v2_2_formal/P5B_A1_light_tcn_fold3_s42/resolved_config.json,selected_config,1,False
results/P5_v2_2_formal/P5B_A1_light_tcn_fold3_s42/status.json,final_week|selected_config,4,False
results/P5_v2_2_formal/P5B_A1_light_tcn_fold4_s2025/resolved_config.json,selected_config,1,False
results/P5_v2_2_formal/P5B_A1_light_tcn_fold4_s2025/status.json,final_week|selected_config,4,False
results/P5_v2_2_formal/P5B_A1_light_tcn_fold4_s2026/resolved_config.json,selected_config,1,False
results/P5_v2_2_formal/P5B_A1_light_tcn_fold4_s2026/status.json,final_week|selected_config,4,False
results/P5_v2_2_formal/P5B_A1_light_tcn_fold4_s202607/resolved_config.json,selected_config,1,False
results/P5_v2_2_formal/P5B_A1_light_tcn_fold4_s202607/status.json,final_week|selected_config,4,False
results/P5_v2_2_formal/P5B_A1_light_tcn_fold4_s3407/resolved_config.json,selected_config,1,False
results/P5_v2_2_formal/P5B_A1_light_tcn_fold4_s3407/status.json,final_week|selected_config,4,False
results/P5_v2_2_formal/P5B_A1_light_tcn_fold4_s42/resolved_config.json,selected_config,1,False
results/P5_v2_2_formal/P5B_A1_light_tcn_fold4_s42/status.json,final_week|selected_config,4,False
results/P5_v2_2_formal/P5B_A2_multiscale_fold3_s2025/resolved_config.json,selected_config,1,False
results/P5_v2_2_formal/P5B_A2_multiscale_fold3_s2025/status.json,final_week|selected_config,4,False
results/P5_v2_2_formal/P5B_A2_multiscale_fold3_s2026/resolved_config.json,selected_config,1,False
results/P5_v2_2_formal/P5B_A2_multiscale_fold3_s2026/status.json,final_week|selected_config,4,False
results/P5_v2_2_formal/P5B_A2_multiscale_fold3_s202607/resolved_config.json,selected_config,1,False
results/P5_v2_2_formal/P5B_A2_multiscale_fold3_s202607/status.json,final_week|selected_config,4,False
results/P5_v2_2_formal/P5B_A2_multiscale_fold3_s3407/resolved_config.json,selected_config,1,False
results/P5_v2_2_formal/P5B_A2_multiscale_fold3_s3407/status.json,final_week|selected_config,4,False
results/P5_v2_2_formal/P5B_A2_multiscale_fold3_s42/resolved_config.json,selected_config,1,False
results/P5_v2_2_formal/P5B_A2_multiscale_fold3_s42/status.json,final_week|selected_config,4,False
results/P5_v2_2_formal/P5B_A2_multiscale_fold4_s2025/resolved_config.json,selected_config,1,False
results/P5_v2_2_formal/P5B_A2_multiscale_fold4_s2025/status.json,final_week|selected_config,4,False
results/P5_v2_2_formal/P5B_A2_multiscale_fold4_s2026/resolved_config.json,selected_config,1,False
results/P5_v2_2_formal/P5B_A2_multiscale_fold4_s2026/status.json,final_week|selected_config,4,False
results/P5_v2_2_formal/P5B_A2_multiscale_fold4_s202607/resolved_config.json,selected_config,1,False
results/P5_v2_2_formal/P5B_A2_multiscale_fold4_s202607/status.json,final_week|selected_config,4,False
results/P5_v2_2_formal/P5B_A2_multiscale_fold4_s3407/resolved_config.json,selected_config,1,False
results/P5_v2_2_formal/P5B_A2_multiscale_fold4_s3407/status.json,final_week|selected_config,4,False
results/P5_v2_2_formal/P5B_A2_multiscale_fold4_s42/resolved_config.json,selected_config,1,False
results/P5_v2_2_formal/P5B_A2_multiscale_fold4_s42/status.json,final_week|selected_config,4,False
results/P5_v2_2_formal/P5B_A3_segment_embedding_fold3_s2025/resolved_config.json,selected_config,1,False
results/P5_v2_2_formal/P5B_A3_segment_embedding_fold3_s2025/status.json,final_week|selected_config,4,False
results/P5_v2_2_formal/P5B_A3_segment_embedding_fold3_s2026/resolved_config.json,selected_config,1,False
results/P5_v2_2_formal/P5B_A3_segment_embedding_fold3_s2026/status.json,final_week|selected_config,4,False
results/P5_v2_2_formal/P5B_A3_segment_embedding_fold3_s202607/resolved_config.json,selected_config,1,False
results/P5_v2_2_formal/P5B_A3_segment_embedding_fold3_s202607/status.json,final_week|selected_config,4,False
results/P5_v2_2_formal/P5B_A3_segment_embedding_fold3_s3407/resolved_config.json,selected_config,1,False
results/P5_v2_2_formal/P5B_A3_segment_embedding_fold3_s3407/status.json,final_week|selected_config,4,False
results/P5_v2_2_formal/P5B_A3_segment_embedding_fold3_s42/resolved_config.json,selected_config,1,False
results/P5_v2_2_formal/P5B_A3_segment_embedding_fold3_s42/status.json,final_week|selected_config,4,False
results/P5_v2_2_formal/P5B_A3_segment_embedding_fold4_s2025/resolved_config.json,selected_config,1,False
results/P5_v2_2_formal/P5B_A3_segment_embedding_fold4_s2025/status.json,final_week|selected_config,4,False
results/P5_v2_2_formal/P5B_A3_segment_embedding_fold4_s2026/resolved_config.json,selected_config,1,False
results/P5_v2_2_formal/P5B_A3_segment_embedding_fold4_s2026/status.json,final_week|selected_config,4,False
results/P5_v2_2_formal/P5B_A3_segment_embedding_fold4_s202607/resolved_config.json,selected_config,1,False
results/P5_v2_2_formal/P5B_A3_segment_embedding_fold4_s202607/status.json,final_week|selected_config,4,False
results/P5_v2_2_formal/P5B_A3_segment_embedding_fold4_s3407/resolved_config.json,selected_config,1,False
results/P5_v2_2_formal/P5B_A3_segment_embedding_fold4_s3407/status.json,final_week|selected_config,4,False
results/P5_v2_2_formal/P5B_A3_segment_embedding_fold4_s42/resolved_config.json,selected_config,1,False
results/P5_v2_2_formal/P5B_A3_segment_embedding_fold4_s42/status.json,final_week|selected_config,4,False
results/P5_v2_2_formal/P5B_A4_corridor_fold3_s2025/resolved_config.json,selected_config,1,False
results/P5_v2_2_formal/P5B_A4_corridor_fold3_s2025/status.json,final_week|selected_config,4,False
results/P5_v2_2_formal/P5B_A4_corridor_fold3_s2026/resolved_config.json,selected_config,1,False
results/P5_v2_2_formal/P5B_A4_corridor_fold3_s2026/status.json,final_week|selected_config,4,False
results/P5_v2_2_formal/P5B_A4_corridor_fold3_s202607/resolved_config.json,selected_config,1,False
results/P5_v2_2_formal/P5B_A4_corridor_fold3_s202607/status.json,final_week|selected_config,4,False
results/P5_v2_2_formal/P5B_A4_corridor_fold3_s3407/resolved_config.json,selected_config,1,False
results/P5_v2_2_formal/P5B_A4_corridor_fold3_s3407/status.json,final_week|selected_config,4,False
results/P5_v2_2_formal/P5B_A4_corridor_fold3_s42/resolved_config.json,selected_config,1,False
results/P5_v2_2_formal/P5B_A4_corridor_fold3_s42/status.json,final_week|selected_config,4,False
results/P5_v2_2_formal/P5B_A4_corridor_fold4_s2025/resolved_config.json,selected_config,1,False
results/P5_v2_2_formal/P5B_A4_corridor_fold4_s2025/status.json,final_week|selected_config,4,False
results/P5_v2_2_formal/P5B_A4_corridor_fold4_s2026/resolved_config.json,selected_config,1,False
results/P5_v2_2_formal/P5B_A4_corridor_fold4_s2026/status.json,final_week|selected_config,4,False
results/P5_v2_2_formal/P5B_A4_corridor_fold4_s202607/resolved_config.json,selected_config,1,False
results/P5_v2_2_formal/P5B_A4_corridor_fold4_s202607/status.json,final_week|selected_config,4,False
results/P5_v2_2_formal/P5B_A4_corridor_fold4_s3407/resolved_config.json,selected_config,1,False
results/P5_v2_2_formal/P5B_A4_corridor_fold4_s3407/status.json,final_week|selected_config,4,False
results/P5_v2_2_formal/P5B_A4_corridor_fold4_s42/resolved_config.json,selected_config,1,False
results/P5_v2_2_formal/P5B_A4_corridor_fold4_s42/status.json,final_week|selected_config,4,False
results/P5_v2_2_formal/P5B_A5_quality_concat_fold3_s2025/resolved_config.json,selected_config,1,False
results/P5_v2_2_formal/P5B_A5_quality_concat_fold3_s2025/status.json,final_week|selected_config,4,False
results/P5_v2_2_formal/P5B_A5_quality_concat_fold3_s2026/resolved_config.json,selected_config,1,False
results/P5_v2_2_formal/P5B_A5_quality_concat_fold3_s2026/status.json,final_week|selected_config,4,False
results/P5_v2_2_formal/P5B_A5_quality_concat_fold3_s202607/resolved_config.json,selected_config,1,False
results/P5_v2_2_formal/P5B_A5_quality_concat_fold3_s202607/status.json,final_week|selected_config,4,False
results/P5_v2_2_formal/P5B_A5_quality_concat_fold3_s3407/resolved_config.json,selected_config,1,False
results/P5_v2_2_formal/P5B_A5_quality_concat_fold3_s3407/status.json,final_week|selected_config,4,False
results/P5_v2_2_formal/P5B_A5_quality_concat_fold3_s42/resolved_config.json,selected_config,1,False
results/P5_v2_2_formal/P5B_A5_quality_concat_fold3_s42/status.json,final_week|selected_config,4,False
results/P5_v2_2_formal/P5B_A5_quality_concat_fold4_s2025/resolved_config.json,selected_config,1,False
results/P5_v2_2_formal/P5B_A5_quality_concat_fold4_s2025/status.json,final_week|selected_config,4,False
results/P5_v2_2_formal/P5B_A5_quality_concat_fold4_s2026/resolved_config.json,selected_config,1,False
results/P5_v2_2_formal/P5B_A5_quality_concat_fold4_s2026/status.json,final_week|selected_config,4,False
results/P5_v2_2_formal/P5B_A5_quality_concat_fold4_s202607/resolved_config.json,selected_config,1,False
results/P5_v2_2_formal/P5B_A5_quality_concat_fold4_s202607/status.json,final_week|selected_config,4,False
results/P5_v2_2_formal/P5B_A5_quality_concat_fold4_s3407/resolved_config.json,selected_config,1,False
results/P5_v2_2_formal/P5B_A5_quality_concat_fold4_s3407/status.json,final_week|selected_config,4,False
results/P5_v2_2_formal/P5B_A5_quality_concat_fold4_s42/resolved_config.json,selected_config,1,False
results/P5_v2_2_formal/P5B_A5_quality_concat_fold4_s42/status.json,final_week|selected_config,4,False
results/P5_v2_2_formal/P5B_A6_crg_tcn_fold3_s2025/resolved_config.json,selected_config,1,False
results/P5_v2_2_formal/P5B_A6_crg_tcn_fold3_s2025/status.json,final_week|selected_config,4,False
results/P5_v2_2_formal/P5B_A6_crg_tcn_fold3_s2026/resolved_config.json,selected_config,1,False
results/P5_v2_2_formal/P5B_A6_crg_tcn_fold3_s2026/status.json,final_week|selected_config,4,False
results/P5_v2_2_formal/P5B_A6_crg_tcn_fold3_s202607/resolved_config.json,selected_config,1,False
results/P5_v2_2_formal/P5B_A6_crg_tcn_fold3_s202607/status.json,final_week|selected_config,4,False
results/P5_v2_2_formal/P5B_A6_crg_tcn_fold3_s3407/resolved_config.json,selected_config,1,False
results/P5_v2_2_formal/P5B_A6_crg_tcn_fold3_s3407/status.json,final_week|selected_config,4,False
results/P5_v2_2_formal/P5B_A6_crg_tcn_fold3_s42/resolved_config.json,selected_config,1,False
results/P5_v2_2_formal/P5B_A6_crg_tcn_fold3_s42/status.json,final_week|selected_config,4,False
results/P5_v2_2_formal/P5B_A6_crg_tcn_fold4_s2025/resolved_config.json,selected_config,1,False
results/P5_v2_2_formal/P5B_A6_crg_tcn_fold4_s2025/status.json,final_week|selected_config,4,False
results/P5_v2_2_formal/P5B_A6_crg_tcn_fold4_s2026/resolved_config.json,selected_config,1,False
results/P5_v2_2_formal/P5B_A6_crg_tcn_fold4_s2026/status.json,final_week|selected_config,4,False
results/P5_v2_2_formal/P5B_A6_crg_tcn_fold4_s202607/resolved_config.json,selected_config,1,False
results/P5_v2_2_formal/P5B_A6_crg_tcn_fold4_s202607/status.json,final_week|selected_config,4,False
results/P5_v2_2_formal/P5B_A6_crg_tcn_fold4_s3407/resolved_config.json,selected_config,1,False
results/P5_v2_2_formal/P5B_A6_crg_tcn_fold4_s3407/status.json,final_week|selected_config,4,False
results/P5_v2_2_formal/P5B_A6_crg_tcn_fold4_s42/resolved_config.json,selected_config,1,False
results/P5_v2_2_formal/P5B_A6_crg_tcn_fold4_s42/status.json,final_week|selected_config,4,False
results/P5_v2_2_formal/P5B_A6_no_gate_fold3_s2025/resolved_config.json,selected_config,1,False
results/P5_v2_2_formal/P5B_A6_no_gate_fold3_s2025/status.json,final_week|selected_config,4,False
results/P5_v2_2_formal/P5B_A6_no_gate_fold3_s2026/resolved_config.json,selected_config,1,False
results/P5_v2_2_formal/P5B_A6_no_gate_fold3_s2026/status.json,final_week|selected_config,4,False
results/P5_v2_2_formal/P5B_A6_no_gate_fold3_s202607/resolved_config.json,selected_config,1,False
results/P5_v2_2_formal/P5B_A6_no_gate_fold3_s202607/status.json,final_week|selected_config,4,False
results/P5_v2_2_formal/P5B_A6_no_gate_fold3_s3407/resolved_config.json,selected_config,1,False
results/P5_v2_2_formal/P5B_A6_no_gate_fold3_s3407/status.json,final_week|selected_config,4,False
results/P5_v2_2_formal/P5B_A6_no_gate_fold3_s42/resolved_config.json,selected_config,1,False
results/P5_v2_2_formal/P5B_A6_no_gate_fold3_s42/status.json,final_week|selected_config,4,False
results/P5_v2_2_formal/P5B_A6_no_gate_fold4_s2025/resolved_config.json,selected_config,1,False
results/P5_v2_2_formal/P5B_A6_no_gate_fold4_s2025/status.json,final_week|selected_config,4,False
results/P5_v2_2_formal/P5B_A6_no_gate_fold4_s2026/resolved_config.json,selected_config,1,False
results/P5_v2_2_formal/P5B_A6_no_gate_fold4_s2026/status.json,final_week|selected_config,4,False
results/P5_v2_2_formal/P5B_A6_no_gate_fold4_s202607/resolved_config.json,selected_config,1,False
results/P5_v2_2_formal/P5B_A6_no_gate_fold4_s202607/status.json,final_week|selected_config,4,False
results/P5_v2_2_formal/P5B_A6_no_gate_fold4_s3407/resolved_config.json,selected_config,1,False
results/P5_v2_2_formal/P5B_A6_no_gate_fold4_s3407/status.json,final_week|selected_config,4,False
results/P5_v2_2_formal/P5B_A6_no_gate_fold4_s42/resolved_config.json,selected_config,1,False
results/P5_v2_2_formal/P5B_A6_no_gate_fold4_s42/status.json,final_week|selected_config,4,False
results/P5_v2_2_formal/P5C_crg_tcn_hist168_s2025/resolved_config.json,selected_config,1,False
results/P5_v2_2_formal/P5C_crg_tcn_hist168_s2025/status.json,final_week|selected_config,4,False
results/P5_v2_2_formal/P5C_crg_tcn_hist168_s2026/resolved_config.json,selected_config,1,False
results/P5_v2_2_formal/P5C_crg_tcn_hist168_s2026/status.json,final_week|selected_config,4,False
results/P5_v2_2_formal/P5C_crg_tcn_hist168_s202607/resolved_config.json,selected_config,1,False
results/P5_v2_2_formal/P5C_crg_tcn_hist168_s202607/status.json,final_week|selected_config,4,False
results/P5_v2_2_formal/P5C_crg_tcn_hist168_s3407/resolved_config.json,selected_config,1,False
results/P5_v2_2_formal/P5C_crg_tcn_hist168_s3407/status.json,final_week|selected_config,4,False
results/P5_v2_2_formal/P5C_crg_tcn_hist168_s42/resolved_config.json,selected_config,1,False
results/P5_v2_2_formal/P5C_crg_tcn_hist168_s42/status.json,final_week|selected_config,4,False
results/P5_v2_2_formal/P5C_crg_tcn_hist24_s2025/resolved_config.json,selected_config,1,False
results/P5_v2_2_formal/P5C_crg_tcn_hist24_s2025/status.json,final_week|selected_config,4,False
results/P5_v2_2_formal/P5C_crg_tcn_hist24_s2026/resolved_config.json,selected_config,1,False
results/P5_v2_2_formal/P5C_crg_tcn_hist24_s2026/status.json,final_week|selected_config,4,False
results/P5_v2_2_formal/P5C_crg_tcn_hist24_s202607/resolved_config.json,selected_config,1,False
results/P5_v2_2_formal/P5C_crg_tcn_hist24_s202607/status.json,final_week|selected_config,4,False
results/P5_v2_2_formal/P5C_crg_tcn_hist24_s3407/resolved_config.json,selected_config,1,False
results/P5_v2_2_formal/P5C_crg_tcn_hist24_s3407/status.json,final_week|selected_config,4,False
results/P5_v2_2_formal/P5C_crg_tcn_hist24_s42/resolved_config.json,selected_config,1,False
results/P5_v2_2_formal/P5C_crg_tcn_hist24_s42/status.json,final_week|selected_config,4,False
results/P5_v2_2_formal/P5C_crg_tcn_hist336_s2025/resolved_config.json,selected_config,1,False
results/P5_v2_2_formal/P5C_crg_tcn_hist336_s2025/status.json,final_week|selected_config,4,False
results/P5_v2_2_formal/P5C_crg_tcn_hist336_s2026/resolved_config.json,selected_config,1,False
results/P5_v2_2_formal/P5C_crg_tcn_hist336_s2026/status.json,final_week|selected_config,4,False
results/P5_v2_2_formal/P5C_crg_tcn_hist336_s202607/resolved_config.json,selected_config,1,False
results/P5_v2_2_formal/P5C_crg_tcn_hist336_s202607/status.json,final_week|selected_config,4,False
results/P5_v2_2_formal/P5C_crg_tcn_hist336_s3407/resolved_config.json,selected_config,1,False
results/P5_v2_2_formal/P5C_crg_tcn_hist336_s3407/status.json,final_week|selected_config,4,False
results/P5_v2_2_formal/P5C_crg_tcn_hist336_s42/resolved_config.json,selected_config,1,False
results/P5_v2_2_formal/P5C_crg_tcn_hist336_s42/status.json,final_week|selected_config,4,False
results/P5_v2_2_formal/P5C_crg_tcn_hist48_s2025/resolved_config.json,selected_config,1,False
results/P5_v2_2_formal/P5C_crg_tcn_hist48_s2025/status.json,final_week|selected_config,4,False
results/P5_v2_2_formal/P5C_crg_tcn_hist48_s2026/resolved_config.json,selected_config,1,False
results/P5_v2_2_formal/P5C_crg_tcn_hist48_s2026/status.json,final_week|selected_config,4,False
results/P5_v2_2_formal/P5C_crg_tcn_hist48_s202607/resolved_config.json,selected_config,1,False
results/P5_v2_2_formal/P5C_crg_tcn_hist48_s202607/status.json,final_week|selected_config,4,False
results/P5_v2_2_formal/P5C_crg_tcn_hist48_s3407/resolved_config.json,selected_config,1,False
results/P5_v2_2_formal/P5C_crg_tcn_hist48_s3407/status.json,final_week|selected_config,4,False
results/P5_v2_2_formal/P5C_crg_tcn_hist48_s42/resolved_config.json,selected_config,1,False
results/P5_v2_2_formal/P5C_crg_tcn_hist48_s42/status.json,final_week|selected_config,4,False
results/P5_v2_2_formal/P5C_crg_tcn_hist72_s2025/resolved_config.json,selected_config,1,False
results/P5_v2_2_formal/P5C_crg_tcn_hist72_s2025/status.json,final_week|selected_config,4,False
results/P5_v2_2_formal/P5C_crg_tcn_hist72_s2026/resolved_config.json,selected_config,1,False
results/P5_v2_2_formal/P5C_crg_tcn_hist72_s2026/status.json,final_week|selected_config,4,False
results/P5_v2_2_formal/P5C_crg_tcn_hist72_s202607/resolved_config.json,selected_config,1,False
results/P5_v2_2_formal/P5C_crg_tcn_hist72_s202607/status.json,final_week|selected_config,4,False
results/P5_v2_2_formal/P5C_crg_tcn_hist72_s3407/resolved_config.json,selected_config,1,False
results/P5_v2_2_formal/P5C_crg_tcn_hist72_s3407/status.json,final_week|selected_config,4,False
results/P5_v2_2_formal/P5C_crg_tcn_hist72_s42/resolved_config.json,selected_config,1,False
results/P5_v2_2_formal/P5C_crg_tcn_hist72_s42/status.json,final_week|selected_config,4,False
results/P5_v2_2_formal/P5C_tcn_hist168_s2025/resolved_config.json,selected_config,1,False
results/P5_v2_2_formal/P5C_tcn_hist168_s2025/status.json,final_week|selected_config,4,False
results/P5_v2_2_formal/P5C_tcn_hist168_s2026/resolved_config.json,selected_config,1,False
results/P5_v2_2_formal/P5C_tcn_hist168_s2026/status.json,final_week|selected_config,4,False
results/P5_v2_2_formal/P5C_tcn_hist168_s202607/resolved_config.json,selected_config,1,False
results/P5_v2_2_formal/P5C_tcn_hist168_s202607/status.json,final_week|selected_config,4,False
results/P5_v2_2_formal/P5C_tcn_hist168_s3407/resolved_config.json,selected_config,1,False
results/P5_v2_2_formal/P5C_tcn_hist168_s3407/status.json,final_week|selected_config,4,False
results/P5_v2_2_formal/P5C_tcn_hist168_s42/resolved_config.json,selected_config,1,False
results/P5_v2_2_formal/P5C_tcn_hist168_s42/status.json,final_week|selected_config,4,False
results/P5_v2_2_formal/P5C_tcn_hist24_s2025/resolved_config.json,selected_config,1,False
results/P5_v2_2_formal/P5C_tcn_hist24_s2025/status.json,final_week|selected_config,4,False
results/P5_v2_2_formal/P5C_tcn_hist24_s2026/resolved_config.json,selected_config,1,False
results/P5_v2_2_formal/P5C_tcn_hist24_s2026/status.json,final_week|selected_config,4,False
results/P5_v2_2_formal/P5C_tcn_hist24_s202607/resolved_config.json,selected_config,1,False
results/P5_v2_2_formal/P5C_tcn_hist24_s202607/status.json,final_week|selected_config,4,False
results/P5_v2_2_formal/P5C_tcn_hist24_s3407/resolved_config.json,selected_config,1,False
results/P5_v2_2_formal/P5C_tcn_hist24_s3407/status.json,final_week|selected_config,4,False
results/P5_v2_2_formal/P5C_tcn_hist24_s42/resolved_config.json,selected_config,1,False
results/P5_v2_2_formal/P5C_tcn_hist24_s42/status.json,final_week|selected_config,4,False
results/P5_v2_2_formal/P5C_tcn_hist336_s2025/resolved_config.json,selected_config,1,False
results/P5_v2_2_formal/P5C_tcn_hist336_s2025/status.json,final_week|selected_config,4,False
results/P5_v2_2_formal/P5C_tcn_hist336_s2026/resolved_config.json,selected_config,1,False
results/P5_v2_2_formal/P5C_tcn_hist336_s2026/status.json,final_week|selected_config,4,False
results/P5_v2_2_formal/P5C_tcn_hist336_s202607/resolved_config.json,selected_config,1,False
results/P5_v2_2_formal/P5C_tcn_hist336_s202607/status.json,final_week|selected_config,4,False
results/P5_v2_2_formal/P5C_tcn_hist336_s3407/resolved_config.json,selected_config,1,False
results/P5_v2_2_formal/P5C_tcn_hist336_s3407/status.json,final_week|selected_config,4,False
results/P5_v2_2_formal/P5C_tcn_hist336_s42/resolved_config.json,selected_config,1,False
results/P5_v2_2_formal/P5C_tcn_hist336_s42/status.json,final_week|selected_config,4,False
results/P5_v2_2_formal/P5C_tcn_hist48_s2025/resolved_config.json,selected_config,1,False
results/P5_v2_2_formal/P5C_tcn_hist48_s2025/status.json,final_week|selected_config,4,False
results/P5_v2_2_formal/P5C_tcn_hist48_s2026/resolved_config.json,selected_config,1,False
results/P5_v2_2_formal/P5C_tcn_hist48_s2026/status.json,final_week|selected_config,4,False
results/P5_v2_2_formal/P5C_tcn_hist48_s202607/resolved_config.json,selected_config,1,False
results/P5_v2_2_formal/P5C_tcn_hist48_s202607/status.json,final_week|selected_config,4,False
results/P5_v2_2_formal/P5C_tcn_hist48_s3407/resolved_config.json,selected_config,1,False
results/P5_v2_2_formal/P5C_tcn_hist48_s3407/status.json,final_week|selected_config,4,False
results/P5_v2_2_formal/P5C_tcn_hist48_s42/resolved_config.json,selected_config,1,False
results/P5_v2_2_formal/P5C_tcn_hist48_s42/status.json,final_week|selected_config,4,False
results/P5_v2_2_formal/P5C_tcn_hist72_s2025/resolved_config.json,selected_config,1,False
results/P5_v2_2_formal/P5C_tcn_hist72_s2025/status.json,final_week|selected_config,4,False
results/P5_v2_2_formal/P5C_tcn_hist72_s2026/resolved_config.json,selected_config,1,False
results/P5_v2_2_formal/P5C_tcn_hist72_s2026/status.json,final_week|selected_config,4,False
results/P5_v2_2_formal/P5C_tcn_hist72_s202607/resolved_config.json,selected_config,1,False
results/P5_v2_2_formal/P5C_tcn_hist72_s202607/status.json,final_week|selected_config,4,False
results/P5_v2_2_formal/P5C_tcn_hist72_s3407/resolved_config.json,selected_config,1,False
results/P5_v2_2_formal/P5C_tcn_hist72_s3407/status.json,final_week|selected_config,4,False
results/P5_v2_2_formal/P5C_tcn_hist72_s42/resolved_config.json,selected_config,1,False
results/P5_v2_2_formal/P5C_tcn_hist72_s42/status.json,final_week|selected_config,4,False
results/P6_v2_2_formal/P6B_crg_tcn_A_1_10_s2025/resolved_config.json,final_week|selected_config,3,False
results/P6_v2_2_formal/P6B_crg_tcn_A_1_10_s2025/status.json,final_week|selected_config,5,False
results/P6_v2_2_formal/P6B_crg_tcn_A_1_10_s2026/resolved_config.json,final_week|selected_config,3,False
results/P6_v2_2_formal/P6B_crg_tcn_A_1_10_s2026/status.json,final_week|selected_config,5,False
results/P6_v2_2_formal/P6B_crg_tcn_A_1_10_s202607/resolved_config.json,final_week|selected_config,3,False
results/P6_v2_2_formal/P6B_crg_tcn_A_1_10_s202607/status.json,final_week|selected_config,5,False
results/P6_v2_2_formal/P6B_crg_tcn_A_1_10_s3407/resolved_config.json,final_week|selected_config,3,False
results/P6_v2_2_formal/P6B_crg_tcn_A_1_10_s3407/status.json,final_week|selected_config,5,False
results/P6_v2_2_formal/P6B_crg_tcn_A_1_10_s42/resolved_config.json,final_week|selected_config,3,False
results/P6_v2_2_formal/P6B_crg_tcn_A_1_10_s42/status.json,final_week|selected_config,5,False
results/P6_v2_2_formal/P6B_tcn_A_1_10_s2025/resolved_config.json,final_week|selected_config,3,False
results/P6_v2_2_formal/P6B_tcn_A_1_10_s2025/status.json,final_week|selected_config,5,False
results/P6_v2_2_formal/P6B_tcn_A_1_10_s2026/resolved_config.json,final_week|selected_config,3,False
results/P6_v2_2_formal/P6B_tcn_A_1_10_s2026/status.json,final_week|selected_config,5,False
results/P6_v2_2_formal/P6B_tcn_A_1_10_s202607/resolved_config.json,final_week|selected_config,3,False
results/P6_v2_2_formal/P6B_tcn_A_1_10_s202607/status.json,final_week|selected_config,5,False
results/P6_v2_2_formal/P6B_tcn_A_1_10_s3407/resolved_config.json,final_week|selected_config,3,False
results/P6_v2_2_formal/P6B_tcn_A_1_10_s3407/status.json,final_week|selected_config,5,False
results/P6_v2_2_formal/P6B_tcn_A_1_10_s42/resolved_config.json,final_week|selected_config,3,False
results/P6_v2_2_formal/P6B_tcn_A_1_10_s42/status.json,final_week|selected_config,5,False
results/P6_v2_2_formal/P6B_tcn_B_11_20_s2025/resolved_config.json,final_week|selected_config,3,False
results/P6_v2_2_formal/P6B_tcn_B_11_20_s2025/status.json,final_week|selected_config,5,False
results/P6_v2_2_formal/P6B_tcn_B_11_20_s2026/resolved_config.json,final_week|selected_config,3,False
results/P6_v2_2_formal/P6B_tcn_B_11_20_s2026/status.json,final_week|selected_config,5,False
results/P6_v2_2_formal/P6B_tcn_B_11_20_s202607/resolved_config.json,final_week|selected_config,3,False
results/P6_v2_2_formal/P6B_tcn_B_11_20_s202607/status.json,final_week,1,False
results/P6_v2_2_formal/P6B_tcn_B_11_20_s3407/resolved_config.json,final_week|selected_config,3,False
results/P6_v2_2_formal/P6B_tcn_B_11_20_s3407/status.json,final_week|selected_config,5,False
results/P6_v2_2_formal/P6B_tcn_B_11_20_s42/resolved_config.json,final_week|selected_config,3,False
results/P6_v2_2_formal/P6B_tcn_B_11_20_s42/status.json,final_week|selected_config,5,False
results/P6_v2_2_formal/P6B_xgboost_A_1_10_s2025/resolved_config.json,final_week|selected_config,3,False
results/P6_v2_2_formal/P6B_xgboost_A_1_10_s2025/status.json,final_week|selected_config,5,False
results/P6_v2_2_formal/P6B_xgboost_A_1_10_s2026/resolved_config.json,final_week|selected_config,3,False
results/P6_v2_2_formal/P6B_xgboost_A_1_10_s2026/status.json,final_week|selected_config,5,False
results/P6_v2_2_formal/P6B_xgboost_A_1_10_s202607/resolved_config.json,final_week|selected_config,3,False
results/P6_v2_2_formal/P6B_xgboost_A_1_10_s202607/status.json,final_week|selected_config,5,False
results/P6_v2_2_formal/P6B_xgboost_A_1_10_s3407/resolved_config.json,final_week|selected_config,3,False
results/P6_v2_2_formal/P6B_xgboost_A_1_10_s3407/status.json,final_week|selected_config,5,False
results/P6_v2_2_formal/P6B_xgboost_A_1_10_s42/resolved_config.json,final_week|selected_config,3,False
results/P6_v2_2_formal/P6B_xgboost_A_1_10_s42/status.json,final_week|selected_config,5,False
results/P6_v2_2_formal/P6B_xgboost_B_11_20_s2025/resolved_config.json,final_week|selected_config,3,False
results/P6_v2_2_formal/P6B_xgboost_B_11_20_s2025/status.json,final_week|selected_config,5,False
results/P6_v2_2_formal/P6B_xgboost_B_11_20_s2026/resolved_config.json,final_week|selected_config,3,False
results/P6_v2_2_formal/P6B_xgboost_B_11_20_s2026/status.json,final_week|selected_config,5,False
results/P6_v2_2_formal/P6B_xgboost_B_11_20_s202607/resolved_config.json,final_week|selected_config,3,False
results/P6_v2_2_formal/P6B_xgboost_B_11_20_s202607/status.json,final_week|selected_config,5,False
results/P6_v2_2_formal/P6B_xgboost_B_11_20_s3407/resolved_config.json,final_week|selected_config,3,False
results/P6_v2_2_formal/P6B_xgboost_B_11_20_s3407/status.json,final_week|selected_config,5,False
results/P6_v2_2_formal/P6B_xgboost_B_11_20_s42/resolved_config.json,final_week|selected_config,3,False
results/P6_v2_2_formal/P6B_xgboost_B_11_20_s42/status.json,final_week|selected_config,5,False
results/P6_v2_2_formal/P6B_xgboost_C_21_30_s2025/resolved_config.json,final_week|selected_config,3,False
results/P6_v2_2_formal/P6B_xgboost_C_21_30_s2025/status.json,final_week|selected_config,5,False
results/P6_v2_2_formal/P6B_xgboost_C_21_30_s2026/resolved_config.json,final_week|selected_config,3,False
results/P6_v2_2_formal/P6B_xgboost_C_21_30_s2026/status.json,final_week|selected_config,5,False
results/P6_v2_2_formal/P6B_xgboost_C_21_30_s202607/resolved_config.json,final_week|selected_config,3,False
results/P6_v2_2_formal/P6B_xgboost_C_21_30_s202607/status.json,final_week|selected_config,5,False
results/P6_v2_2_formal/P6B_xgboost_C_21_30_s3407/resolved_config.json,final_week|selected_config,3,False
results/P6_v2_2_formal/P6B_xgboost_C_21_30_s3407/status.json,final_week|selected_config,5,False
results/P6_v2_2_formal/P6B_xgboost_C_21_30_s42/resolved_config.json,final_week|selected_config,3,False
results/P6_v2_2_formal/P6B_xgboost_C_21_30_s42/status.json,final_week|selected_config,5,False
results/P6_v2_2_formal/P6B_xgboost_D_31_40_s2025/resolved_config.json,final_week|selected_config,3,False
results/P6_v2_2_formal/P6B_xgboost_D_31_40_s2025/status.json,final_week|selected_config,5,False
results/P6_v2_2_formal/P6B_xgboost_D_31_40_s2026/resolved_config.json,final_week|selected_config,3,False
results/P6_v2_2_formal/P6B_xgboost_D_31_40_s2026/status.json,final_week|selected_config,5,False
results/P6_v2_2_formal/P6B_xgboost_D_31_40_s202607/resolved_config.json,final_week|selected_config,3,False
results/P6_v2_2_formal/P6B_xgboost_D_31_40_s202607/status.json,final_week|selected_config,5,False
results/P6_v2_2_formal/P6B_xgboost_D_31_40_s3407/resolved_config.json,final_week|selected_config,3,False
results/P6_v2_2_formal/P6B_xgboost_D_31_40_s3407/status.json,final_week|selected_config,5,False
results/P6_v2_2_formal/P6B_xgboost_D_31_40_s42/resolved_config.json,final_week|selected_config,3,False
results/P6_v2_2_formal/P6B_xgboost_D_31_40_s42/status.json,final_week|selected_config,5,False
results/P6_v2_2_formal/P6B_xgboost_E_41_51_s2025/resolved_config.json,final_week|selected_config,3,False
results/P6_v2_2_formal/P6B_xgboost_E_41_51_s2025/status.json,final_week|selected_config,5,False
results/P6_v2_2_formal/P6B_xgboost_E_41_51_s2026/resolved_config.json,final_week|selected_config,3,False
results/P6_v2_2_formal/P6B_xgboost_E_41_51_s2026/status.json,final_week|selected_config,5,False
results/P6_v2_2_formal/P6B_xgboost_E_41_51_s202607/resolved_config.json,final_week|selected_config,3,False
results/P6_v2_2_formal/P6B_xgboost_E_41_51_s202607/status.json,final_week|selected_config,5,False
results/P6_v2_2_formal/P6B_xgboost_E_41_51_s3407/resolved_config.json,final_week|selected_config,3,False
results/P6_v2_2_formal/P6B_xgboost_E_41_51_s3407/status.json,final_week|selected_config,5,False
results/P6_v2_2_formal/P6B_xgboost_E_41_51_s42/resolved_config.json,final_week|selected_config,3,False
results/P6_v2_2_formal/P6B_xgboost_E_41_51_s42/status.json,final_week|selected_config,5,False
scripts/20_build_final_week_blind_split.py,final_week,6,False
scripts/21_train_frozen_final_models.py,final_week,2,False
scripts/22_freeze_final_week_predictions.py,final_week,2,False
scripts/22_predict_final_week_rolling.py,final_week,1,False
scripts/23_compare_final_week_predictions.py,final_week,6,False
scripts/24_audit_final_week_experiment.py,final_week,5,False
scripts/build_hourly_panel.py,final_week,15,False
scripts/build_splits.py,final_week,8,False
scripts/generate_experiment_matrices.py,final_week,8,False
scripts/make_gpt_share_pack.py,final_week|selected_config,2,False
scripts/prepare_phase4_matrix.py,selected_config,8,False
scripts/prepare_phase5_matrix.py,selected_config,4,False
scripts/prepare_phase6_matrix.py,final_week|selected_config,5,False
scripts/run_experiment.py,final_week,4,False
scripts/statistical_tests.py,final_week,2,False
scripts/validate_phase3.py,final_week|selected_config,4,False
src/metrics.py,final_week,1,False
src/rolling_dataset.py,final_week,1,False
