model,fold,horizon,calendar_day,spatial_block,n,MAE,RMSE,sMAPE
GRU,1,1,2026-01-19,1,172,1.482203439224598,2.1820905019333305,1.7208057566411235
GRU,1,1,2026-01-19,2,181,1.0945410403537927,2.0152569188459144,1.1329425891557452
GRU,1,1,2026-01-19,3,169,0.8992532733864568,1.454237469429655,0.9052148586668192
GRU,1,1,2026-01-19,4,182,1.7568173251309238,2.788844891692941,2.1813745643064384
GRU,1,1,2026-01-19,5,123,2.885951520304693,4.0406222900779865,5.5113781682575915
GRU,1,1,2026-01-20,1,174,0.9441056087099272,1.2043009668978408,1.2176368303141043
GRU,1,1,2026-01-20,2,171,0.9387083741424145,1.6082065659077305,0.9716539673800968
GRU,1,1,2026-01-20,3,184,0.700197772703309,1.223810852225241,0.7076193968188242
GRU,1,1,2026-01-20,4,173,1.3048801091365043,2.1072305959662754,1.6505954202481699
GRU,1,1,2026-01-20,5,119,2.8501604331307715,3.999698852670288,5.606791896859323
GRU,1,1,2026-01-21,1,193,0.866930676659566,1.2556445963961256,1.0890685038028824
GRU,1,1,2026-01-21,2,186,0.703293708062941,1.0771786396653595,0.7280694603141034
GRU,1,1,2026-01-21,3,188,0.6973246175346645,1.301005803935898,0.7093606993648081
GRU,1,1,2026-01-21,4,184,1.060553186757553,1.975175428118477,1.321670795344805
GRU,1,1,2026-01-21,5,102,2.365482953638812,3.2963835552911798,4.309449521197679
GRU,1,1,2026-01-22,1,177,0.7367420160613267,1.0920901202632285,0.9202533126465756
GRU,1,1,2026-01-22,2,186,0.6968923589234711,1.3727844733760268,0.723223919814097
GRU,1,1,2026-01-22,3,173,0.5057894021330083,0.6226752480922447,0.5089128985388957
GRU,1,1,2026-01-22,4,178,1.202514827028196,1.977803543292149,1.5422705856246397
GRU,1,1,2026-01-22,5,116,2.603693666129277,3.6790560116183966,4.765232251011608
GRU,1,1,2026-01-23,1,197,0.6402601445386857,0.8738100256469137,0.8245733109312776
GRU,1,1,2026-01-23,2,195,0.47112708458533653,0.5969746472229076,0.4845482343215602
GRU,1,1,2026-01-23,3,207,0.4311564594459226,0.5408786543527181,0.43398116841125955
GRU,1,1,2026-01-23,4,207,1.0507852674106468,1.858447397539317,1.3368014270735447
GRU,1,1,2026-01-23,5,126,2.3586548497437168,3.1613746831575518,4.413926445938959
GRU,1,1,2026-01-24,1,205,1.5425951267645612,2.870581739190585,1.9417005067820514
GRU,1,1,2026-01-24,2,208,1.4426178687658067,3.318922187827214,1.569666561965897
GRU,1,1,2026-01-24,3,191,1.8132513022963703,3.9215286547038617,1.9365028179990078
GRU,1,1,2026-01-24,4,200,2.2767628457811147,4.27845214005446,2.807259606975562
GRU,1,1,2026-01-24,5,134,2.7022197875217415,3.8258163240974206,4.996350672094391
GRU,1,1,2026-01-25,1,180,0.8795279962045175,1.183558227270221,1.1335350053942752
GRU,1,1,2026-01-25,2,152,2.605650885063305,4.378642097517086,2.7720046484699536
GRU,1,1,2026-01-25,3,179,2.897428928140821,4.694200056158775,3.0542786655419563
GRU,1,1,2026-01-25,4,165,1.6124731506964174,2.7624333555720444,2.0531996020972985
GRU,1,1,2026-01-25,5,101,2.339800793739042,3.17512141220667,4.2144644435193275
GRU,1,3,2026-01-19,1,66,1.4822674182930378,2.1396260779507776,1.713939740130255
GRU,1,3,2026-01-19,2,85,0.9143730013978248,1.3218593351084003,0.9403437919888384
GRU,1,3,2026-01-19,3,68,0.7906730876249427,1.0591083370049628,0.7938684734349448
GRU,1,3,2026-01-19,4,89,1.5731520555538285,2.5019565257410914,1.9469461278755258
GRU,1,3,2026-01-19,5,62,2.3417772409309197,3.1459950218131363,4.674653159966662
GRU,1,3,2026-01-20,1,68,0.9725743088067746,1.2013868656216913,1.2078334580499006
GRU,1,3,2026-01-20,2,73,1.006307906756118,1.5378941397331194,1.0354388241900272
GRU,1,3,2026-01-20,3,88,0.6892700773296933,0.9155653330836351,0.6961095736874857
GRU,1,3,2026-01-20,4,77,1.190491862111277,1.7448371853645912,1.5188571706074647
GRU,1,3,2026-01-20,5,60,2.3437348683675125,3.029827885182862,4.6985454843897285
GRU,1,3,2026-01-21,1,111,0.971358829074436,1.1953529515320156,1.243280459119805
GRU,1,3,2026-01-21,2,91,0.7435101146954177,0.9604282731486138,0.7722692129889699
GRU,1,3,2026-01-21,3,93,0.5279896537510342,0.7199755180314351,0.532835555866007
GRU,1,3,2026-01-21,4,91,1.1735975756895558,1.9934347297241972,1.425899046628208
GRU,1,3,2026-01-21,5,37,1.7850473001077247,2.506780814694119,2.9917609279708968
GRU,1,3,2026-01-22,1,71,0.8468852871460536,1.1055004857745645,1.0127503897294075
GRU,1,3,2026-01-22,2,86,0.5881536616835484,0.8840569335001247,0.6076669048995603
GRU,1,3,2026-01-22,3,68,0.5112294963761872,0.6817181870150074,0.5149560028693136
GRU,1,3,2026-01-22,4,81,1.5026129682041167,2.1600585480830907,1.9632243111943704
GRU,1,3,2026-01-22,5,58,2.129725642587947,2.860634058885293,3.6947839296933696
GRU,1,3,2026-01-23,1,104,0.5962435771257449,0.7675428078589858,0.7255916289201532
GRU,1,3,2026-01-23,2,101,0.5142631908454517,0.6565076414803369,0.5276109954228967
GRU,1,3,2026-01-23,3,123,0.5312030037567221,0.6579767677798575,0.5347858589157268
GRU,1,3,2026-01-23,4,129,1.1997213360909376,1.847231245368409,1.5091361432283563
GRU,1,3,2026-01-23,5,70,1.9556428091866633,2.6583203128693222,3.5364925966243397
GRU,1,3,2026-01-24,1,129,1.2269471108554046,2.074331380998618,1.4797059519712759
GRU,1,3,2026-01-24,2,130,1.088983036921575,1.9826856646674267,1.1423593656337565
GRU,1,3,2026-01-24,3,102,1.4762172491202428,2.51251934085005,1.5313300137726131
GRU,1,3,2026-01-24,4,117,2.1371762842345596,3.729824247342737,2.5468861793399133
GRU,1,3,2026-01-24,5,84,2.2417625548347595,2.89906464025169,4.271878435355666
GRU,1,3,2026-01-25,1,77,0.8504552799901922,1.1571901444982555,1.0929796119987267
GRU,1,3,2026-01-25,2,52,2.199104716635158,3.108808415989402,2.296653720496172
GRU,1,3,2026-01-25,3,78,2.2988370259602866,3.17381326428743,2.3816884630304815
GRU,1,3,2026-01-25,4,66,1.4943299405903931,2.3923187637810543,1.925520307672491
GRU,1,3,2026-01-25,5,34,2.398696188833199,3.0098277118420445,4.6945717095076205
GRU,1,6,2026-01-19,1,80,0.9566322369045677,1.3980127668781201,1.1195467481863044
GRU,1,6,2026-01-19,2,94,0.6872713454226229,0.9379274190725497,0.7042938120386093
GRU,1,6,2026-01-19,3,71,0.7037897244305675,0.9121981494535542,0.7058880629757593
GRU,1,6,2026-01-19,4,107,1.378057130078784,2.0819275948697338,1.7343684592885842
GRU,1,6,2026-01-19,5,74,2.081835509062529,2.870311653872626,4.166746055094237
GRU,1,6,2026-01-20,1,90,0.5374199196144386,0.6754910651397743,0.6333612186657565
GRU,1,6,2026-01-20,2,94,0.8012825120425396,1.0937118737508753,0.8220179068388813
GRU,1,6,2026-01-20,3,106,0.7186361828690058,0.9053802620071798,0.7262426862869471
GRU,1,6,2026-01-20,4,92,1.2577217765476394,1.8157180862273679,1.6609303454427755
GRU,1,6,2026-01-20,5,68,2.0154207267013255,2.454642832556942,3.7184324722013633
GRU,1,6,2026-01-21,1,142,0.8284370308937231,1.02662043852048,1.0673511550849655
GRU,1,6,2026-01-21,2,113,0.6257314856425151,0.8032365515341411,0.6510015438547953
GRU,1,6,2026-01-21,3,109,0.5746164039977344,0.7066728056692935,0.5809079752061053
GRU,1,6,2026-01-21,4,107,1.2381392331385785,1.722739902426909,1.4568708916643462
GRU,1,6,2026-01-21,5,35,1.5021170043945309,1.9758970440147825,2.461681832481879
GRU,1,6,2026-01-22,1,99,0.6820904193368689,0.8655044645221466,0.7742869083119311
GRU,1,6,2026-01-22,2,126,0.7063971221762361,0.9269714625291329,0.7300908862778851
GRU,1,6,2026-01-22,3,87,0.6901695865324173,0.8297555739572748,0.6951923156496509
GRU,1,6,2026-01-22,4,101,1.3214949545949464,1.6866435159767799,1.6674246462790396
GRU,1,6,2026-01-22,5,80,1.830052677790324,2.3248919345544476,3.1061909676690247
GRU,1,6,2026-01-23,1,133,0.6187629412887687,0.7778556376502217,0.7348145576457515
GRU,1,6,2026-01-23,2,134,0.5537045417140372,0.6841105591415945,0.5685423033707951
GRU,1,6,2026-01-23,3,144,0.684155022656476,0.811415486233182,0.688603322635129
GRU,1,6,2026-01-23,4,152,1.1169080472131916,1.4113958686565862,1.3410532270594373
GRU,1,6,2026-01-23,5,90,1.6803295009911305,2.099522306715547,2.900341741905796
GRU,1,6,2026-01-24,1,161,1.0030117564073011,1.4368969534940157,1.2066822024100499
GRU,1,6,2026-01-24,2,157,0.7566665886988981,1.2506825745107994,0.7917919646804561
GRU,1,6,2026-01-24,3,115,1.1195807931503805,1.5895451589221512,1.1495242479817935
GRU,1,6,2026-01-24,4,139,1.5783106831592022,2.600063181826034,1.807630543872678
GRU,1,6,2026-01-24,5,97,2.21279803462136,2.6889478896323586,4.284354724084309
GRU,1,6,2026-01-25,1,84,1.0036856333414714,1.3015689964735182,1.2380026283111218
GRU,1,6,2026-01-25,2,43,2.004958668790123,2.5844845158445158,2.0812696154058234
GRU,1,6,2026-01-25,3,82,1.7494802728254943,2.2690736198023544,1.7904225499780064
GRU,1,6,2026-01-25,4,73,1.9121425019007294,2.8914023424732878,2.4945180454993654
GRU,1,6,2026-01-25,5,32,2.7396365563074756,3.327766349850248,5.012256330463896
GRU,2,1,2026-01-26,1,187,0.7468033652892088,1.211764689574936,0.9339789457350428
GRU,2,1,2026-01-26,2,183,0.8855790379703155,1.7673666365161054,0.920836588364415
GRU,2,1,2026-01-26,3,189,0.9011866251627604,2.046472608505549,0.922998084503116
GRU,2,1,2026-01-26,4,191,1.349394886489522,2.453836040841291,1.6290463582670036
GRU,2,1,2026-01-26,5,125,3.0392722473144533,4.470690116330872,6.798062418472352
GRU,2,1,2026-01-27,1,178,0.6503304685099741,0.8238441383875922,0.828885484094515
GRU,2,1,2026-01-27,2,172,0.5899306008982104,0.8217504699673122,0.6079687371513198
GRU,2,1,2026-01-27,3,183,0.5491426672874686,0.7113028987477391,0.5531579714396058
GRU,2,1,2026-01-27,4,195,1.009108742825326,1.5983493829651012,1.2457924223666197
GRU,2,1,2026-01-27,5,119,2.378277241682806,3.2858327055517194,4.737861954110506
GRU,2,1,2026-01-28,1,199,0.6329893434866389,0.8397080275896637,0.7703832850218143
GRU,2,1,2026-01-28,2,195,0.5746167696439303,0.9689644666899944,0.5963626639086362
GRU,2,1,2026-01-28,3,199,0.4711033551137851,0.6091717215806505,0.4749905452622057
GRU,2,1,2026-01-28,4,198,1.142076057750903,2.1088852103858566,1.4482525917380904
GRU,2,1,2026-01-28,5,118,2.413838370371673,3.3390099023236,4.517238276343849
GRU,2,1,2026-01-29,1,198,0.554751714070638,0.7594115876294447,0.6681846768176114
GRU,2,1,2026-01-29,2,192,0.713528037071228,1.6090012867468169,0.7415506115610828
GRU,2,1,2026-01-29,3,200,0.6726723480224609,1.7534703248540704,0.6926526843532196
GRU,2,1,2026-01-29,4,195,1.194526848426232,2.2015032454631682,1.5043657128940475
GRU,2,1,2026-01-29,5,124,2.4184978068088547,3.3377990038118215,4.501176476443435
GRU,2,1,2026-01-30,1,221,0.41333545782627207,0.5279657828527958,0.5130811468627837
GRU,2,1,2026-01-30,2,216,0.4751199086507161,1.0624545083621717,0.4919652093378983
GRU,2,1,2026-01-30,3,218,0.322390086789379,0.3960624294370705,0.32389710495503526
GRU,2,1,2026-01-30,4,194,1.4329901844911697,2.6365352597032228,1.7446278426595778
GRU,2,1,2026-01-30,5,144,2.08798043521834,3.0176408828872314,3.876542106919059
GRU,2,1,2026-01-31,1,225,0.651363779703776,1.2645098690607255,0.8069924601096296
GRU,2,1,2026-01-31,2,225,0.7636933842411748,1.66559433611451,0.7993775187654926
GRU,2,1,2026-01-31,3,231,0.7751254677600503,1.8240094828995272,0.798957127984657
GRU,2,1,2026-01-31,4,219,1.1055028093822834,1.7696953804669604,1.3720666212826964
GRU,2,1,2026-01-31,5,144,1.704933578585401,2.2675171223181123,3.1334174797567518
GRU,2,1,2026-02-01,1,202,0.996161967614303,2.1001314290862525,1.2102451111749868
GRU,2,1,2026-02-01,2,210,0.6546922350686694,1.1731264420859862,0.6785152314534381
GRU,2,1,2026-02-01,3,211,0.501509463052614,0.6499536250336171,0.5052080369117434
GRU,2,1,2026-02-01,4,214,1.5937032075685875,2.837768954629767,2.1491631618311504
GRU,2,1,2026-02-01,5,126,2.96329122203578,3.908753416997257,5.49739441944661
GRU,2,3,2026-01-26,1,92,0.963662119879239,1.3018997474835001,1.2163168440122611
GRU,2,3,2026-01-26,2,85,1.0802470786898744,1.4678372577082686,1.1083024280679192
GRU,2,3,2026-01-26,3,95,1.4067366750616777,2.0700098296948335,1.4190003143431063
GRU,2,3,2026-01-26,4,102,1.1606154611514117,1.7222312626099723,1.3105896956568488
GRU,2,3,2026-01-26,5,72,2.6282843699671123,4.286043855807262,6.745855896053645
GRU,2,3,2026-01-27,1,74,0.6277644526851069,0.7861501236787583,0.7862083917796177
GRU,2,3,2026-01-27,2,71,0.5422173800043097,0.6806643892832165,0.5596289182209294
GRU,2,3,2026-01-27,3,82,0.4168713267256574,0.5586665118770503,0.4188887647392249
GRU,2,3,2026-01-27,4,112,0.7692241492094818,1.2947720930247002,0.9822114998451116
GRU,2,3,2026-01-27,5,57,1.6282504864371081,2.1224786817351937,3.25682900760543
GRU,2,3,2026-01-28,1,115,0.6189769873872472,0.7734998313242336,0.7546350958215038
GRU,2,3,2026-01-28,2,108,0.5315973493787978,0.7220498379625422,0.5488555881058916
GRU,2,3,2026-01-28,3,114,0.39301239816766037,0.5073374931178861,0.39561958122549307
GRU,2,3,2026-01-28,4,109,0.8340513596840955,1.368844227527533,1.0387384920565408
GRU,2,3,2026-01-28,5,64,1.5759755086015772,2.1094200834794132,3.05261264300981
GRU,2,3,2026-01-29,1,125,0.5484877454969618,0.7081435894618213,0.6713640920356438
GRU,2,3,2026-01-29,2,94,0.6678437307371317,0.9655968187618128,0.6888782511132661
GRU,2,3,2026-01-29,3,121,0.6975253770429496,1.0777566323985182,0.7058007487698827
GRU,2,3,2026-01-29,4,103,1.1433167387280947,1.7685535075883045,1.3803711673371002
GRU,2,3,2026-01-29,5,64,1.5334975057178075,2.1590146960644048,2.833856165602029
GRU,2,3,2026-01-30,1,157,0.35207345885582536,0.44779832216830817,0.4250022901564228
GRU,2,3,2026-01-30,2,151,0.4563733536676065,0.6962421082080182,0.4721763656561156
GRU,2,3,2026-01-30,3,147,0.3953710024048682,0.48478499911549966,0.39750600801232383
GRU,2,3,2026-01-30,4,99,1.2285186504987675,1.834428093717313,1.4565030229782225
GRU,2,3,2026-01-30,5,107,1.6820427844086172,2.203438468013263,3.0232782282684867
GRU,2,3,2026-01-31,1,159,0.6283501021489378,0.8556908083677351,0.7428843817698776
GRU,2,3,2026-01-31,2,158,0.7528284647852617,1.225569524742189,0.7791476499733363
GRU,2,3,2026-01-31,3,175,0.6862854682074655,0.9683828163937934,0.6958955590299765
GRU,2,3,2026-01-31,4,148,1.1138753022278869,1.4661921996375327,1.3335807452405202
GRU,2,3,2026-01-31,5,99,1.4898861158308885,1.8750146871075881,2.862275558652803
GRU,2,3,2026-02-01,1,105,0.7346043137646228,1.126194699508498,0.8838172973029093
GRU,2,3,2026-02-01,2,128,0.525944577323066,0.7505998336889207,0.541856227229964
GRU,2,3,2026-02-01,3,128,0.5724902947743735,0.8650379181077011,0.5779271951603508
GRU,2,3,2026-02-01,4,146,1.5097082603528136,2.6560868530146875,2.090916153700408
GRU,2,3,2026-02-01,5,70,3.200741500450821,3.923358141862468,6.098148476100259
GRU,2,6,2026-01-26,1,112,0.965112016314552,1.2159901611741561,1.2045825765997156
GRU,2,6,2026-01-26,2,98,1.0738876394674082,1.3870318619985886,1.1008602730085222
GRU,2,6,2026-01-26,3,117,0.9758882919268053,1.3761693314407601,0.9841351408280856
GRU,2,6,2026-01-26,4,124,0.9906087895875334,1.3542472478751568,1.1484442903700949
GRU,2,6,2026-01-26,5,102,2.7294881991051896,4.172904799635497,6.640732454438042
GRU,2,6,2026-01-27,1,83,0.6003045384663654,0.8207374762106293,0.8796183430639708
GRU,2,6,2026-01-27,2,88,0.5659268870498195,0.6876546791883495,0.582411922575594
GRU,2,6,2026-01-27,3,99,0.49382286200218334,0.6553186874539287,0.49727464779982167
GRU,2,6,2026-01-27,4,139,0.8121609078703831,1.1639185726994452,1.0351993611221384
GRU,2,6,2026-01-27,5,67,1.8276662684198635,2.293413631827528,3.3676367774608083
GRU,2,6,2026-01-28,1,139,0.4757395822843678,0.608805286609772,0.6230709875008743
GRU,2,6,2026-01-28,2,145,0.40196598798379124,0.51117482577199,0.41571730997339024
GRU,2,6,2026-01-28,3,145,0.4129937007509429,0.530961232843931,0.4157389904742402
GRU,2,6,2026-01-28,4,136,0.7999730602588526,1.1968225371829653,1.0021531787963298
GRU,2,6,2026-01-28,5,85,1.1606393688592518,1.4512916442673753,1.93706019071771
GRU,2,6,2026-01-29,1,161,0.3725889049290455,0.50698982342919,0.47884350638412565
GRU,2,6,2026-01-29,2,130,0.5015904627090847,0.6628223927788616,0.5165352393654372
GRU,2,6,2026-01-29,3,142,0.6182357740327601,0.8130219055361023,0.6237001359677029
GRU,2,6,2026-01-29,4,143,1.0258842298324409,1.4127763161462545,1.239731528087354
GRU,2,6,2026-01-29,5,92,1.3341300297858445,1.6839914738141943,2.3337317725797253
GRU,2,6,2026-01-30,1,199,0.30794358373287334,0.40264338210115297,0.3749240759363648
GRU,2,6,2026-01-30,2,195,0.37544455503806046,0.5229197313479802,0.38815961266298854
GRU,2,6,2026-01-30,3,192,0.40824901616131815,0.5057573115992469,0.41109032968717085
GRU,2,6,2026-01-30,4,139,1.0301345215331643,1.3116899448843322,1.2064514275384244
GRU,2,6,2026-01-30,5,135,1.299869266504777,1.6321086456657137,2.333195363951304
GRU,2,6,2026-01-31,1,207,0.6510335843408231,0.8503563403686153,0.8203161623496248
GRU,2,6,2026-01-31,2,200,0.5607140067771632,0.799017903797305,0.577945389579883
GRU,2,6,2026-01-31,3,208,0.4965111428176583,0.6814018907691264,0.5026651325593124
GRU,2,6,2026-01-31,4,193,0.9943318125611873,1.3270069907481647,1.1999694592673067
GRU,2,6,2026-01-31,5,122,1.3427224530403576,1.657745534148394,2.5797092990122983
GRU,2,6,2026-02-01,1,135,0.7875281232669032,1.1301774227185206,0.9779146944676338
GRU,2,6,2026-02-01,2,150,0.46998039641203687,0.5672207313364898,0.48484304936068723
GRU,2,6,2026-02-01,3,155,0.6105510654244372,0.7640110259207984,0.6145259278126423
GRU,2,6,2026-02-01,4,160,1.4659421253204343,2.762473741204851,2.022997056606691
GRU,2,6,2026-02-01,5,87,3.4408575110762323,4.263463416948251,7.132346441863668
GRU,3,1,2026-02-02,1,223,0.7109951196051856,1.467060827141352,0.8542309773552942
GRU,3,1,2026-02-02,2,218,0.6163694515869886,1.39294289265811,0.6493577800802443
GRU,3,1,2026-02-02,3,212,0.33858689122230007,0.43437825310176875,0.3403645139562587
GRU,3,1,2026-02-02,4,226,1.0221283667910415,1.9587811639248365,1.3433431860834637
GRU,3,1,2026-02-02,5,137,2.281213814518071,3.133855078218151,4.429314431080804
GRU,3,1,2026-02-03,1,217,1.2046496952367451,2.929984147032466,1.4418640022343403
GRU,3,1,2026-02-03,2,203,0.7086164978728898,1.6810122516007993,0.7457740180368301
GRU,3,1,2026-02-03,3,206,0.5783073277149385,1.344122581426233,0.5909941627106874
GRU,3,1,2026-02-03,4,213,1.2794142630054233,2.11702894669526,1.5851142130054778
GRU,3,1,2026-02-03,5,144,2.1684410807527144,2.8194524338786153,4.029893553485179
GRU,3,1,2026-02-04,1,221,0.7735555657434248,1.1907585101342752,0.897280206451798
GRU,3,1,2026-02-04,2,220,0.6735735459761186,1.3398231192870225,0.7079126306914991
GRU,3,1,2026-02-04,3,213,0.39106992861847734,0.5308372794759061,0.394378658151516
GRU,3,1,2026-02-04,4,224,1.036738327571324,1.8364566606999788,1.3016873449013358
GRU,3,1,2026-02-04,5,131,2.1536757491017116,3.1075688524012643,4.6499648368874995
GRU,3,1,2026-02-05,1,234,0.8929204587583189,2.444471526307591,1.0851862670435917
GRU,3,1,2026-02-05,2,221,0.4621215175899086,0.8870226895673898,0.4788649864894738
GRU,3,1,2026-02-05,3,231,0.42491931557483315,0.8974554268483772,0.4307875447003134
GRU,3,1,2026-02-05,4,228,1.0547119200113457,2.1021046309838454,1.37383778727018
GRU,3,1,2026-02-05,5,141,2.0029375122887965,2.8947159081735494,3.9795369891943895
GRU,3,1,2026-02-06,1,223,0.43877515807101897,0.6645671859782217,0.5164285705976484
GRU,3,1,2026-02-06,2,214,0.3578603037421205,0.956299168420366,0.3779306173987072
GRU,3,1,2026-02-06,3,212,0.3690280674388573,0.6909473745460274,0.37248839794435035
GRU,3,1,2026-02-06,4,226,0.7845280665094757,1.5312804979234436,1.0219474067047896
GRU,3,1,2026-02-06,5,140,1.9408225074646963,2.640206913306229,3.806019091942744
GRU,3,1,2026-02-07,1,226,0.4258900026304532,0.5788276575906509,0.5299327825913781
GRU,3,1,2026-02-07,2,214,0.5042787712311076,0.8929746748759981,0.5226057179594839
GRU,3,1,2026-02-07,3,230,0.48651497882345446,0.7392223741031756,0.4911666248961992
GRU,3,1,2026-02-07,4,218,0.8906365335291436,1.5273852799161474,1.114643673919897
GRU,3,1,2026-02-07,5,140,1.7000098031664652,2.265326581745711,3.4068606218849773
GRU,3,1,2026-02-08,1,219,0.43060359054867353,0.5711133528051556,0.5193998607323996
GRU,3,1,2026-02-08,2,226,0.5358407912352795,1.0721587970702477,0.5569186387975577
GRU,3,1,2026-02-08,3,230,0.6470030853713767,1.8207589367217656,0.6669067545544726
GRU,3,1,2026-02-08,4,235,1.0093869076271147,2.180396860514011,1.196874531438772
GRU,3,1,2026-02-08,5,148,1.3665742358645878,1.780894069001217,2.4737157012305806
GRU,3,3,2026-02-02,1,152,0.736930796974584,1.15839510237889,0.892755723529046
GRU,3,3,2026-02-02,2,143,0.5409996014930704,0.9650873727619321,0.5639821427227852
GRU,3,3,2026-02-02,3,133,0.30737589594714326,0.40432589970854144,0.3091687355777682
GRU,3,3,2026-02-02,4,158,0.9369605163202228,1.7523738741344115,1.221675889451832
GRU,3,3,2026-02-02,5,88,2.000668702302156,2.7553625617481443,3.857230177786057
GRU,3,3,2026-02-03,1,155,1.1457916232420127,1.8686401252674467,1.343335879605503
GRU,3,3,2026-02-03,2,138,0.48822982222945593,0.7285787913518332,0.5060905282299876
GRU,3,3,2026-02-03,3,120,0.42998517354329446,0.5931639976988479,0.43391751378828974
GRU,3,3,2026-02-03,4,148,0.9872193599009781,1.4302356164858265,1.2090285209107727
GRU,3,3,2026-02-03,5,111,1.9659883768350879,2.5566429229498318,3.8126936037288934
GRU,3,3,2026-02-04,1,151,0.7758979011406523,1.0444146678337884,0.8914055608724734
GRU,3,3,2026-02-04,2,159,0.5556605543647087,0.8650491787468848,0.5816845283011677
GRU,3,3,2026-02-04,3,134,0.319369187995569,0.4313238876962088,0.3221072022772345
GRU,3,3,2026-02-04,4,162,0.8510460358642802,1.3136745757166006,1.0821371895408407
GRU,3,3,2026-02-04,5,79,1.6059275384358382,2.1479938835244456,3.506004915428113
GRU,3,3,2026-02-05,1,189,0.8649516702749532,1.5480351261292156,1.0640070489866007
GRU,3,3,2026-02-05,2,156,0.4191860785851111,0.5749130501811474,0.433016168848539
GRU,3,3,2026-02-05,3,173,0.3699124286629561,0.5077025120172894,0.3727117984456444
GRU,3,3,2026-02-05,4,173,0.939534939680383,1.4766772278176437,1.2071889714335702
GRU,3,3,2026-02-05,5,109,1.6755046682458241,2.217686309052931,3.2082587761596018
GRU,3,3,2026-02-06,1,148,0.49347655837600296,0.7321968862310132,0.617699832040286
GRU,3,3,2026-02-06,2,139,0.4285442983503824,0.7562460459103458,0.45094586652609303
GRU,3,3,2026-02-06,3,138,0.36652280282283173,0.49746931068983113,0.36845365910600664
GRU,3,3,2026-02-06,4,152,0.5304647718953808,0.9462044866765932,0.6738535458309367
GRU,3,3,2026-02-06,5,86,1.4004037973697996,1.8651405056847166,2.459827288434088
GRU,3,3,2026-02-07,1,163,0.358018941430714,0.4713520505317314,0.4552946943524297
GRU,3,3,2026-02-07,2,150,0.4600153605143229,0.6614886192002518,0.4757753372855559
GRU,3,3,2026-02-07,3,182,0.5407546186621808,1.0042116951530013,0.5476523027180182
GRU,3,3,2026-02-07,4,160,0.9865690116529114,1.573334983336341,1.1602842389947068
GRU,3,3,2026-02-07,5,99,1.5053691599996089,1.8674385565751743,3.2550612927502423
GRU,3,3,2026-02-08,1,146,0.4585652460246326,0.5557580452844112,0.5556964826020048
GRU,3,3,2026-02-08,2,162,0.515195100886341,0.7609519690041254,0.532708143884383
GRU,3,3,2026-02-08,3,174,0.598671646410478,1.0035361889443701,0.6063525196545246
GRU,3,3,2026-02-08,4,182,0.9031848736686536,1.2905059688414533,1.0259091662502322
GRU,3,3,2026-02-08,5,115,1.000113530550602,1.2315013003677133,1.7225787169371016
GRU,3,6,2026-02-02,1,208,0.7488212270274806,0.9818428252208831,0.9048094936969522
GRU,3,6,2026-02-02,2,177,0.5333149362593218,0.837211518844209,0.5524216191215436
GRU,3,6,2026-02-02,3,184,0.2898577261662138,0.3613134153038514,0.2916552138704306
GRU,3,6,2026-02-02,4,207,0.7717539207306973,1.4351074463802982,1.0000309115295278
GRU,3,6,2026-02-02,5,118,1.4538478235890113,1.9952851786508248,2.7545833230185384
GRU,3,6,2026-02-03,1,205,0.9305867376560126,1.3096600928562807,1.092712761977404
GRU,3,6,2026-02-03,2,164,0.48347904339715403,0.6621369616287681,0.5015364334343424
GRU,3,6,2026-02-03,3,175,0.39530923704117105,0.5194465166935895,0.3987008624783508
GRU,3,6,2026-02-03,4,191,0.8126420051200411,1.164816344249248,0.9674741870313917
GRU,3,6,2026-02-03,5,134,1.51092753265364,2.0054680957086837,3.1119955402507657
GRU,3,6,2026-02-04,1,195,0.6943024368503495,0.9320733324525722,0.7908930344410846
GRU,3,6,2026-02-04,2,188,0.4811171057470399,0.689360432725522,0.49865985928074646
GRU,3,6,2026-02-04,3,173,0.33241655647410134,0.4177448024659453,0.33502762792773866
GRU,3,6,2026-02-04,4,196,0.7205566869030733,1.0901738975571036,0.9051915404125449
GRU,3,6,2026-02-04,5,93,1.5983359017442396,2.3647029226899248,3.4375668822478964
GRU,3,6,2026-02-05,1,229,0.8716680446219409,1.225431652899433,1.0615934059661607
GRU,3,6,2026-02-05,2,202,0.38229837952667317,0.5119040850599371,0.3950925108450846
GRU,3,6,2026-02-05,3,226,0.4053719692173961,0.5067679826581769,0.40853234712574243
GRU,3,6,2026-02-05,4,205,0.8048371138740684,1.1183018200277743,0.9867782623947828
GRU,3,6,2026-02-05,5,128,1.6618293556902144,2.1571411740863975,3.429773922018965
GRU,3,6,2026-02-06,1,195,0.3599544296916733,0.5214440017393525,0.46229625913557837
GRU,3,6,2026-02-06,2,183,0.340473040248961,0.5313202563941116,0.3558628605694773
GRU,3,6,2026-02-06,3,176,0.2803733796784369,0.3827416536305471,0.28192274026403985
GRU,3,6,2026-02-06,4,201,0.41379762097399664,0.715091901205885,0.5364870268366542
GRU,3,6,2026-02-06,5,121,1.076536316954838,1.3250883904650352,2.0194319267180885
GRU,3,6,2026-02-07,1,211,0.37265718529386355,0.48336879996753984,0.44048906239296276
GRU,3,6,2026-02-07,2,183,0.49105057012839387,0.6720229907937048,0.5075247392525317
GRU,3,6,2026-02-07,3,224,0.6092262813023162,0.8838274095393303,0.6156948219060024
GRU,3,6,2026-02-07,4,207,0.7508926298776584,1.0664062365401044,0.8741431557195267
GRU,3,6,2026-02-07,5,126,1.1796748359227172,1.5380483918500791,2.436385478882779
GRU,3,6,2026-02-08,1,162,0.37509232980233653,0.47919470063474384,0.4479561367985811
GRU,3,6,2026-02-08,2,176,0.4234897324533172,0.5492573538662567,0.43819617241392117
GRU,3,6,2026-02-08,3,175,0.46060857863653276,0.6719338653287393,0.46462878474309066
GRU,3,6,2026-02-08,4,177,0.6398071196468886,0.8878185041359598,0.7471014729259918
GRU,3,6,2026-02-08,5,118,0.8560114770136159,1.0852202766045926,1.55184639346192
GRU,4,1,2026-02-09,1,228,0.8162350180553414,1.8981213884158314,1.0008290734723608
GRU,4,1,2026-02-09,2,221,0.35880338228665865,0.6420714522953496,0.37282152992223344
GRU,4,1,2026-02-09,3,236,0.27790301263669115,0.3605595180421593,0.279655321516637
GRU,4,1,2026-02-09,4,237,0.7678321359082673,1.4190524888035807,0.9961125643668549
GRU,4,1,2026-02-09,5,153,1.792783940799356,2.4689198769147116,3.4944404862209137
GRU,4,1,2026-02-10,1,175,0.4906025841122582,0.6499883493101075,0.599064702890893
GRU,4,1,2026-02-10,2,175,0.42198560442243305,1.3860507655088234,0.44362938009113756
GRU,4,1,2026-02-10,3,181,0.299795723312687,0.4987945614109971,0.3023718075397185
GRU,4,1,2026-02-10,4,170,0.7603273030200035,1.3328349314872592,0.9911209164283304
GRU,4,1,2026-02-10,5,117,1.902386490549231,2.4332139481711197,3.6931278009569772
GRU,4,1,2026-02-11,1,147,0.5247884131883548,0.9550679981783278,0.677304665906489
GRU,4,1,2026-02-11,2,160,0.36212371190389,0.48319268886237166,0.3723490301332377
GRU,4,1,2026-02-11,3,147,0.3018237090164842,0.4064937228416555,0.3036238454726766
GRU,4,1,2026-02-11,4,151,0.9225498898403007,1.5578875887480517,1.2158117307234144
GRU,4,1,2026-02-11,5,93,2.409502305152738,3.2108628715740823,5.255555836471341
GRU,4,1,2026-02-12,1,164,0.980109238043064,1.92384164538959,1.3105881685236747
GRU,4,1,2026-02-12,2,157,0.5356182576238223,1.0913693686988235,0.5544270994509851
GRU,4,1,2026-02-12,3,156,0.5943140861315604,0.7660881967369605,0.5995478317064432
GRU,4,1,2026-02-12,4,155,1.1799537658691406,1.8176036855901538,1.5368594716971224
GRU,4,1,2026-02-12,5,101,2.980042007496648,4.036317534437487,7.271276552327791
GRU,4,1,2026-02-13,1,192,1.2661780185169644,3.7679036120512897,1.6260409412185126
GRU,4,1,2026-02-13,2,179,1.422384251429382,4.799796917547771,1.5946927537943545
GRU,4,1,2026-02-13,3,176,1.888047001578591,6.159043220704247,2.1308317178918528
GRU,4,1,2026-02-13,4,175,2.48898914155506,5.892712835657168,3.0112208990725913
GRU,4,1,2026-02-13,5,116,3.0165737963270867,4.171891019549233,5.478761036274743
GRU,4,1,2026-02-14,1,240,1.0791473865509034,2.5102054900160624,1.3124875914511767
GRU,4,1,2026-02-14,2,244,0.6683188683348276,1.2977815408819706,0.6956455434521621
GRU,4,1,2026-02-14,3,250,0.6530028076171875,0.9613016468660507,0.6602626042504737
GRU,4,1,2026-02-14,4,241,1.2587687965910135,1.8737495045217538,1.5927527729725373
GRU,4,1,2026-02-14,5,157,2.543792084776925,3.3534562902129315,4.745368061657835
GRU,4,1,2026-02-15,1,230,0.8656396451203721,1.6667452151517166,1.0339359368676546
GRU,4,1,2026-02-15,2,227,1.1345515986371146,2.905403476592383,1.2074653511699378
GRU,4,1,2026-02-15,3,231,1.9951643950667386,4.547810595856388,2.132126556947504
GRU,4,1,2026-02-15,4,226,2.9625126886508455,5.129463710411336,3.805077262249276
GRU,4,1,2026-02-15,5,149,3.8487319035995906,5.272986446768961,7.262309731725573
GRU,4,3,2026-02-09,1,172,0.7974715639454448,1.461998632191639,0.9824824179621618
GRU,4,3,2026-02-09,2,155,0.41686765609249,0.5687100865275756,0.4310452197126841
GRU,4,3,2026-02-09,3,189,0.41009878061015353,0.5279342242891008,0.41417666118411123
GRU,4,3,2026-02-09,4,185,0.7438143007509463,1.2253265261204829,0.8895921185549928
GRU,4,3,2026-02-09,5,123,1.3883191527677068,2.091917567278419,2.736398522430041
GRU,4,3,2026-02-10,1,106,0.5316902976365959,0.6875388365305584,0.6742476237340261
GRU,4,3,2026-02-10,2,101,0.45768576644041364,0.8535815383144997,0.47486785074442134
GRU,4,3,2026-02-10,3,105,0.34636397588820683,0.47055515335336817,0.34998403462578753
GRU,4,3,2026-02-10,4,93,0.6261720220580231,0.908471688897406,0.7836603807535006
GRU,4,3,2026-02-10,5,69,1.5529706425648904,2.147813735095136,3.027685537485414
GRU,4,3,2026-02-11,1,78,0.7010968689225676,1.383141853042771,1.0443488214531835
GRU,4,3,2026-02-11,2,89,0.4472951138957163,0.5568456224431048,0.45938318926500044
GRU,4,3,2026-02-11,3,79,0.4094901105019613,0.5412177469020932,0.41003214562563445
GRU,4,3,2026-02-11,4,82,0.9346594909557697,1.4900012661298263,1.1920616151799814
GRU,4,3,2026-02-11,5,50,2.286771582144278,2.987145349916971,4.780296919341445
GRU,4,3,2026-02-12,1,81,0.8937368824648759,1.4476795542461736,1.1415878330861642
GRU,4,3,2026-02-12,2,59,0.6182335460253352,0.9326389010889088,0.6323650964532905
GRU,4,3,2026-02-12,3,61,0.4896551663758323,0.6293737853162393,0.4915266510834487
GRU,4,3,2026-02-12,4,56,1.1247846891009619,1.6610121245267115,1.5351776734642686
GRU,4,3,2026-02-12,5,44,3.708810738842897,4.795174593419774,9.59327279612123
GRU,4,3,2026-02-13,1,110,1.0933014339870877,2.197091866128742,1.3913316058112508
GRU,4,3,2026-02-13,2,93,0.7812949560021842,1.7859430279610022,0.8146384916349304
GRU,4,3,2026-02-13,3,85,1.632588285558364,3.8548016213077854,1.70921441230273
GRU,4,3,2026-02-13,4,75,2.5028089904785165,4.208357036895008,2.9439538109220544
GRU,4,3,2026-02-13,5,61,2.5732801885552745,3.5799416037773044,4.749697201595901
GRU,4,3,2026-02-14,1,198,1.1041518003361706,2.061617411986787,1.2942587905077396
GRU,4,3,2026-02-14,2,211,0.6292563504203488,0.8671231985177491,0.6489874872045409
GRU,4,3,2026-02-14,3,221,0.6220844205508224,0.8165819848720157,0.6267371145864377
GRU,4,3,2026-02-14,4,204,1.1198175910944168,1.7561100399945628,1.4263309035700922
GRU,4,3,2026-02-14,5,135,2.4637976752387147,3.10779098179001,4.571019626216889
GRU,4,3,2026-02-15,1,172,0.8224583436044308,1.1409705984593546,0.9663007816651739
GRU,4,3,2026-02-15,2,165,1.029367990204782,1.960119724240856,1.0732339912344975
GRU,4,3,2026-02-15,3,176,1.6395462514575476,2.916230071208446,1.7015079581354717
GRU,4,3,2026-02-15,4,173,2.7474959521905125,4.379926819026308,3.596587003530656
GRU,4,3,2026-02-15,5,115,4.4355544491090635,5.919383845237228,7.761434768430218
GRU,4,6,2026-02-09,1,202,0.8574062603403891,1.304900459141506,1.0207960662175044
GRU,4,6,2026-02-09,2,195,0.3358157687717013,0.45822563007650774,0.34999324706288343
GRU,4,6,2026-02-09,3,225,0.2529169492368345,0.32273774655568654,0.2544626937478705
GRU,4,6,2026-02-09,4,229,0.5765854633299833,0.9100175195702045,0.706410463572195
GRU,4,6,2026-02-09,5,157,1.3232897836550652,1.739221403992045,2.7020312074039405
GRU,4,6,2026-02-10,1,106,0.43356801878731205,0.6012976260857218,0.5414216523398088
GRU,4,6,2026-02-10,2,122,0.2957150860562352,0.5686830994641853,0.30496097779387943
GRU,4,6,2026-02-10,3,112,0.2653295880272275,0.3313229719611365,0.26735059320799476
GRU,4,6,2026-02-10,4,98,0.5718694333676936,0.791184678095812,0.7189767110733467
GRU,4,6,2026-02-10,5,85,1.7193312558109728,2.136293423080207,3.324960157129805
GRU,4,6,2026-02-11,1,83,0.4815045735922208,0.6546784328325773,0.5996089284169426
GRU,4,6,2026-02-11,2,94,0.31831108255589263,0.41443924801545556,0.32836125152069834
GRU,4,6,2026-02-11,3,83,0.21556774583686308,0.35311499825757714,0.21670912444049706
GRU,4,6,2026-02-11,4,82,0.7981874202325098,1.218200860595943,1.0240665933125537
GRU,4,6,2026-02-11,5,56,2.2333494827230136,2.726496990417986,5.008179524603057
GRU,4,6,2026-02-12,1,75,0.7883709343804252,1.083113558103317,0.9443842405574546
GRU,4,6,2026-02-12,2,59,0.68813438631047,0.9335586105503524,0.7045295016620632
GRU,4,6,2026-02-12,3,72,0.5093416991057219,0.6554840041130794,0.5126265063121154
GRU,4,6,2026-02-12,4,62,0.9327561997170939,1.3698146382240821,1.2792305036936222
GRU,4,6,2026-02-12,5,49,4.440832787684573,5.567756396887387,12.106725808469907
GRU,4,6,2026-02-13,1,159,0.9810506472797512,1.694417633423847,1.2890759341690208
GRU,4,6,2026-02-13,2,115,0.988132483440897,1.7105722211909369,1.0236615107461766
GRU,4,6,2026-02-13,3,106,1.4053424523311595,2.4913223882981774,1.4411306241669137
GRU,4,6,2026-02-13,4,112,1.9017312556978254,2.7578494878351782,2.1283102802343667
GRU,4,6,2026-02-13,5,84,1.8771426589400673,2.444656950125108,3.4469209070320934
GRU,4,6,2026-02-14,1,235,1.1368448721282212,1.6859681754905522,1.3600968731286602
GRU,4,6,2026-02-14,2,251,0.5678148429232289,0.8185255458855577,0.5853980921737467
GRU,4,6,2026-02-14,3,248,0.6107868098870826,0.8145881095820888,0.6155760407169899
GRU,4,6,2026-02-14,4,238,0.9734122360899111,1.4282086710963038,1.2118545563584198
GRU,4,6,2026-02-14,5,155,2.2028770831437376,2.7651317898586045,4.2291548909658285
GRU,4,6,2026-02-15,1,175,0.7423728642539371,0.9462064780390486,0.8721294237391667
GRU,4,6,2026-02-15,2,178,0.9479515615424358,1.820842979479868,0.9834582541762334
GRU,4,6,2026-02-15,3,182,1.503138195405803,2.4797760143861654,1.544506984526945
GRU,4,6,2026-02-15,4,169,2.7383526618350578,3.8628420321189947,3.53033426374453
GRU,4,6,2026-02-15,5,117,4.560155364371961,5.506360036004979,8.056084232228033
GRU,5,1,2026-02-16,1,245,0.4758197395169005,0.5947022496818974,0.5849182872890327
GRU,5,1,2026-02-16,2,242,0.5238893577218384,1.0954335063538598,0.5461379026436348
GRU,5,1,2026-02-16,3,244,0.5220950288199336,0.7324999592055991,0.5255331243980127
GRU,5,1,2026-02-16,4,242,0.9085794121328027,1.4906826755021487,1.1329639451330444
GRU,5,1,2026-02-16,5,153,1.6904094394082683,2.433164823140278,3.384497714603923
GRU,5,1,2026-02-17,1,7,1.8909803118024553,2.3885007961490716,2.0860197893094883
GRU,5,1,2026-02-17,2,9,3.3571195249204284,4.182614103676359,3.5257749903193227
GRU,5,1,2026-02-17,3,8,4.682832717895508,5.241396679074746,4.8463404703674815
GRU,5,1,2026-02-17,4,6,4.565435621473525,5.124154756297828,4.928664892557037
GRU,5,1,2026-02-17,5,5,8.72118886311849,10.662219822773164,13.173644744537096
GRU,5,1,2026-02-18,1,186,2.8536583890197096,4.390115877598315,3.7395017813760316
GRU,5,1,2026-02-18,2,161,3.9363646260453065,5.219287416702464,4.1747252431199815
GRU,5,1,2026-02-18,3,186,4.341414215744183,5.562566230481422,4.5464430355113885
GRU,5,1,2026-02-18,4,172,3.834221595941588,5.068415587231239,4.565135260886064
GRU,5,1,2026-02-18,5,107,5.336785052052911,6.863381849254571,9.584611563159157
GRU,5,1,2026-02-19,1,174,0.5521929510708513,0.7508452371821969,0.7234831799269876
GRU,5,1,2026-02-19,2,171,0.9931234765006319,1.8588196875198753,1.0301789133451291
GRU,5,1,2026-02-19,3,187,0.9238084735292377,1.8577951441334755,0.9441502504540319
GRU,5,1,2026-02-19,4,170,1.2072052151549095,2.0564486434938494,1.5556098649897023
GRU,5,1,2026-02-19,5,121,2.475390095356082,3.208252526042908,4.717188071678919
GRU,5,1,2026-02-20,1,180,0.45763155619303386,0.5778914710745182,0.5892801359558526
GRU,5,1,2026-02-20,2,177,0.412686292285524,0.6282540628144824,0.42532063676452664
GRU,5,1,2026-02-20,3,184,0.35137334077254584,0.46024432055830405,0.35300959278453964
GRU,5,1,2026-02-20,4,199,0.7601229434969171,1.284178152489185,0.9651303919394807
GRU,5,1,2026-02-20,5,120,1.792191932819508,2.607945447894794,3.5400493476026043
GRU,5,1,2026-02-21,1,226,0.5108876411190426,0.6477974856993665,0.6189451336959853
GRU,5,1,2026-02-21,2,235,0.6140119944903867,1.124605260059199,0.6361497786234716
GRU,5,1,2026-02-21,3,238,0.7034655018013065,1.8547082500855048,0.7223063947118776
GRU,5,1,2026-02-21,4,241,1.025991903246136,2.221013463964377,1.220435390764733
GRU,5,1,2026-02-21,5,153,1.5257453475209708,2.090295718026152,2.8763236310424998
GRU,5,1,2026-02-22,1,180,0.4823856283117224,0.6231170841131289,0.6055772988329924
GRU,5,1,2026-02-22,2,152,2.2216714223225913,4.3035088451252275,2.3762845595997204
GRU,5,1,2026-02-22,3,179,2.524745905643513,4.551542089753738,2.676388480073274
GRU,5,1,2026-02-22,4,165,1.3224589723529239,2.5023218605567235,1.7316657074424817
GRU,5,1,2026-02-22,5,101,2.0362181458929585,2.8131766897955317,3.6547672511879075
GRU,5,3,2026-02-16,1,209,0.482053638074957,0.6839488033427099,0.6045679203870334
GRU,5,3,2026-02-16,2,202,0.4640042018575638,0.7325399784914935,0.48088249827185364
GRU,5,3,2026-02-16,3,209,0.46317939819141246,0.6602575071107969,0.4665496768418373
GRU,5,3,2026-02-16,4,203,0.7740408541229251,1.1930379724651852,0.9602947072486857
GRU,5,3,2026-02-16,5,125,1.4969835894549324,1.9728754419727248,3.000863169126443
GRU,5,3,2026-02-17,1,5,3.4514999389648438,5.012891658362503,3.90205795875199
GRU,5,3,2026-02-17,2,3,5.277776930067275,6.718433800201975,5.777023792601036
GRU,5,3,2026-02-17,3,6,7.912476009792751,9.110340417925535,8.40906565152346
GRU,5,3,2026-02-17,4,3,7.149170769585504,8.286277828056015,7.856384353407261
GRU,5,3,2026-02-17,5,1,2.6106999715169272,3.2246264470975543,3.0216245287151295
GRU,5,3,2026-02-18,1,82,3.194810603692279,4.2532382223128264,3.8196032375125673
GRU,5,3,2026-02-18,2,63,3.5456570956652333,4.462900482649137,3.7559230885036916
GRU,5,3,2026-02-18,3,88,4.215394434302744,5.244555469203934,4.409789995868153
GRU,5,3,2026-02-18,4,75,4.6133476992006655,5.765433796805952,5.457639510562991
GRU,5,3,2026-02-18,5,42,5.832538190972867,7.3963060258878,11.141684170525952
GRU,5,3,2026-02-19,1,64,0.5863202611605326,0.9437593710578365,0.6966293150133963
GRU,5,3,2026-02-19,2,75,1.2673588731553818,1.8983321599719345,1.30854640840815
GRU,5,3,2026-02-19,3,98,1.0122922002052772,1.4273621355289012,1.0252808735601429
GRU,5,3,2026-02-19,4,72,1.2237936420205198,2.0298176983656133,1.6389452251091217
GRU,5,3,2026-02-19,5,66,2.4612761153917924,3.2353182095124353,4.445137179868634
GRU,5,3,2026-02-20,1,84,0.36072444915771484,0.4491087117688012,0.45147696192671216
GRU,5,3,2026-02-20,2,81,0.436799696934076,0.5533161360534494,0.44854998441918936
GRU,5,3,2026-02-20,3,89,0.4843329097447769,1.043133004641823,0.4906505213628399
GRU,5,3,2026-02-20,4,128,0.9172629460140509,1.5669548001503864,1.0859944307149838
GRU,5,3,2026-02-20,5,57,1.3145586153839686,1.6593783430254607,2.516085644774186
GRU,5,3,2026-02-21,1,161,0.4275604548167985,0.5403466122542355,0.519631006789516
GRU,5,3,2026-02-21,2,176,0.5355299602855335,0.7752019790117943,0.5531350535144978
GRU,5,3,2026-02-21,3,193,0.5592514591513519,0.9042421783073685,0.5654711677898197
GRU,5,3,2026-02-21,4,196,0.7661835792293534,1.2190163255613844,0.8922708298993651
GRU,5,3,2026-02-21,5,123,1.3641701181119408,1.936544207168194,2.6046904821315073
GRU,5,3,2026-02-22,1,77,0.41150017940636835,0.5217935417479984,0.4934133041900567
GRU,5,3,2026-02-22,2,52,1.9823197095822067,3.0220575895627415,2.073908174238385
GRU,5,3,2026-02-22,3,78,1.957261946805862,2.9085911709266816,2.032963304459556
GRU,5,3,2026-02-22,4,66,1.2200169868340798,1.8092211916039578,1.5911602469106896
GRU,5,3,2026-02-22,5,34,1.7337778502819583,2.2326706637310223,3.156993748140156
GRU,5,6,2026-02-16,1,198,0.46690229936079547,0.6578741856250403,0.5775576194367681
GRU,5,6,2026-02-16,2,196,0.4220722302287613,0.5994027949681863,0.4350723261985668
GRU,5,6,2026-02-16,3,199,0.4541933452663715,0.5951873896034989,0.4565726192881148
GRU,5,6,2026-02-16,4,194,0.5986812617770586,0.8282666227954135,0.7256285753794877
GRU,5,6,2026-02-16,5,123,1.2037349853699402,1.5798940381967799,2.5375255459710075
GRU,5,6,2026-02-17,1,11,3.257001934629498,4.3529284055112365,3.653746992052462
GRU,5,6,2026-02-17,2,5,5.67604726155599,6.919060882332208,6.13043112668164
GRU,5,6,2026-02-17,3,6,7.723041110568576,8.668063587140026,8.200877847944607
GRU,5,6,2026-02-17,4,5,8.411372884114583,9.291567986483443,8.870106704535669
GRU,5,6,2026-02-17,5,1,21.199363708496094,21.27770860979671,33.29786223298775
GRU,5,6,2026-02-18,1,97,3.9488389319980266,4.669299402290999,4.8772380568763944
GRU,5,6,2026-02-18,2,60,3.6567389396384913,4.25313843953233,3.8569514514728076
GRU,5,6,2026-02-18,3,106,3.7610170776239236,4.456930507902068,3.906869349010076
GRU,5,6,2026-02-18,4,91,5.470997620560456,6.600442232112795,6.404872873802727
GRU,5,6,2026-02-18,5,51,7.039655870757591,9.400837704149735,12.564704272967838
GRU,5,6,2026-02-19,1,87,0.5365820113726503,0.878481539337136,0.6343244312156524
GRU,5,6,2026-02-19,2,91,1.156870781196343,1.719974549825315,1.1904982098267582
GRU,5,6,2026-02-19,3,121,0.8432976588729988,1.321727265149003,0.8564325398224045
GRU,5,6,2026-02-19,4,87,1.0608504674139303,1.6666305618204162,1.4257201730991182
GRU,5,6,2026-02-19,5,83,1.362057104966088,1.8161954031235874,2.44500766860684
GRU,5,6,2026-02-20,1,94,0.34639573604502577,0.41588007854750775,0.4522804948248194
GRU,5,6,2026-02-20,2,108,0.4054429890197,0.5305808282686764,0.41515753755153256
GRU,5,6,2026-02-20,3,117,0.5018608984444559,0.8651093688326157,0.5062776678874354
GRU,5,6,2026-02-20,4,166,0.7980353507331731,1.1602978979201217,0.9363157430319073
GRU,5,6,2026-02-20,5,79,1.1577108895560693,1.500158433374524,2.1269135185861066
GRU,5,6,2026-02-21,1,206,0.3744649794495222,0.48830481428241196,0.4771720414998928
GRU,5,6,2026-02-21,2,209,0.4191858281147892,0.5579700910824278,0.4332012685221366
GRU,5,6,2026-02-21,3,221,0.4326116984785952,0.6399576364950813,0.43635339600622003
GRU,5,6,2026-02-21,4,219,0.5985379793711288,0.9146226633396316,0.7106857256491202
GRU,5,6,2026-02-21,5,144,1.5765976962729247,2.250044922437369,3.3483023814407327
GRU,5,6,2026-02-22,1,84,0.3621563987126426,0.4818012957194058,0.4539157594286578
GRU,5,6,2026-02-22,2,43,1.913769282851108,2.710346921388261,1.9923673239235782
GRU,5,6,2026-02-22,3,82,1.5864089841765119,2.158949559131698,1.6272910509443228
GRU,5,6,2026-02-22,4,73,1.3110570620184074,1.9816681904657392,1.7462406091820222
GRU,5,6,2026-02-22,5,32,1.8783921241760257,2.2166539364917486,3.2340854656488465
GRU,6,1,2026-02-23,1,224,0.5911165305546352,1.4119961448872138,0.7213545794055456
GRU,6,1,2026-02-23,2,216,0.7246918030727056,1.4720486520607134,0.7592308875986045
GRU,6,1,2026-02-23,3,214,0.5161319031522281,0.8397275406942192,0.5208843286231722
GRU,6,1,2026-02-23,4,225,0.807003571310161,1.670853829600005,1.0577969891824242
GRU,6,1,2026-02-23,5,137,1.8836387300143276,2.74759556644308,3.684706297283082
GRU,6,1,2026-02-24,1,198,0.49597787696504425,0.673145465984323,0.6050129729678164
GRU,6,1,2026-02-24,2,192,0.6196112367841932,1.5494537710836087,0.6453799637168139
GRU,6,1,2026-02-24,3,200,0.6984945170084635,2.0389325991913445,0.7236463193542142
GRU,6,1,2026-02-24,4,196,1.1211550879100014,2.0944611293383844,1.396565024258437
GRU,6,1,2026-02-24,5,125,1.9009909125434028,2.563435815984784,3.571805334325682
GRU,6,1,2026-02-25,1,248,0.4011975052536175,0.5291167960981302,0.49094678024291993
GRU,6,1,2026-02-25,2,250,0.8044479675292969,1.7295799355047001,0.8369539635980299
GRU,6,1,2026-02-25,3,252,0.8549575872942674,1.8905385738566205,0.8789787255870947
GRU,6,1,2026-02-25,4,252,1.368677058547893,2.431324661870391,1.6619783404671165
GRU,6,1,2026-02-25,5,157,2.6848428379282914,4.180661012727902,4.757972542168496
GRU,6,1,2026-02-26,1,260,0.5604745033459786,1.1602188129346784,0.6641277113857064
GRU,6,1,2026-02-26,2,259,0.8048177692113849,2.552302939887581,0.8598042198005537
GRU,6,1,2026-02-26,3,263,1.0490835018182134,3.017522772723813,1.107370008539998
GRU,6,1,2026-02-26,4,255,1.8673554813160615,3.462114100493708,2.358985618752759
GRU,6,1,2026-02-26,5,162,2.981782944604693,4.110518944804971,5.2730591735004495
GRU,6,1,2026-02-27,1,257,0.4185462437096582,0.7129547351864236,0.5180220376650646
GRU,6,1,2026-02-27,2,259,0.4969131292983831,0.9408390644058603,0.5164557571596448
GRU,6,1,2026-02-27,3,258,0.6401793211313489,1.9520820694503824,0.6636025747220999
GRU,6,1,2026-02-27,4,262,1.8513026832017583,4.111650601083324,2.2284353419844485
GRU,6,1,2026-02-27,5,167,1.9668355651165117,2.835039647757523,3.629306742537767
GRU,6,1,2026-02-28,1,246,0.36404373975304083,0.47241712443662354,0.44483294796946693
GRU,6,1,2026-02-28,2,252,0.6150721292647104,1.2001416740283077,0.6378833637347184
GRU,6,1,2026-02-28,3,246,0.5553881017173209,1.1189465497826205,0.5652228531539045
GRU,6,1,2026-02-28,4,248,0.9482170091307718,1.4647594863744922,1.1612422541812533
GRU,6,1,2026-02-28,5,156,1.7253705918619096,2.2508888078858296,3.2363759469708193
GRU,6,3,2026-02-23,1,154,0.5625915334682273,0.9934730559012476,0.684422246012702
GRU,6,3,2026-02-23,2,146,0.7027458488971431,1.164614018055536,0.7275805844536937
GRU,6,3,2026-02-23,3,135,0.5904824716073496,0.9972259745893938,0.5973189016674307
GRU,6,3,2026-02-23,4,157,0.7262518248993372,1.3069214178795825,0.9245204888456147
GRU,6,3,2026-02-23,5,88,1.698977568334201,2.378572399631426,3.1614404942943093
GRU,6,3,2026-02-24,1,126,0.4864404668252936,0.5952019166924009,0.6117477433806342
GRU,6,3,2026-02-24,2,93,0.6246163335182621,1.0127446226603345,0.6455919738911939
GRU,6,3,2026-02-24,3,117,0.7207539296670975,1.3080765926653024,0.7317772105880268
GRU,6,3,2026-02-24,4,103,0.9934984307973257,1.6159523035910777,1.1919798618376527
GRU,6,3,2026-02-24,5,67,1.3248914483504248,1.8519240166619482,2.465269834510958
GRU,6,3,2026-02-25,1,225,0.41433697735821756,0.5495145845695019,0.541567393774093
GRU,6,3,2026-02-25,2,235,0.5658164996063741,0.8576231806863155,0.5824349536292277
GRU,6,3,2026-02-25,3,236,0.5979794875226978,0.9829730796635906,0.6063866908166544
GRU,6,3,2026-02-25,4,232,1.323409403877697,2.4779565869588467,1.6501115710052998
GRU,6,3,2026-02-25,5,139,2.960292270334123,4.525109833241969,5.151457479609722
GRU,6,3,2026-02-26,1,252,0.6295359172518293,0.8575401540650796,0.7641244100955279
GRU,6,3,2026-02-26,2,247,0.8095642721336592,1.6024174842145857,0.8415472363206761
GRU,6,3,2026-02-26,3,261,0.954744127061632,1.7390175494100333,0.9781860579742395
GRU,6,3,2026-02-26,4,237,1.780234032672799,2.888622759842658,2.233316125362084
GRU,6,3,2026-02-26,5,152,3.044757515831068,3.9697842162078487,5.326638891784657
GRU,6,3,2026-02-27,1,242,0.42391981960328146,0.5733337746857741,0.5117019502521973
GRU,6,3,2026-02-27,2,251,0.43827708147084654,0.638148480728026,0.4533735333978743
GRU,6,3,2026-02-27,3,246,0.5253489321163353,1.1077360118994026,0.5348243299413257
GRU,6,3,2026-02-27,4,257,1.5123258904878885,2.5607044967471673,1.8459342433823378
GRU,6,3,2026-02-27,5,165,1.9449886857192258,2.7010954938636313,3.5341559781113325
GRU,6,3,2026-02-28,1,213,0.31537090295543874,0.4041391983571154,0.38350767441427014
GRU,6,3,2026-02-28,2,228,0.43440247449571234,0.7018247681468293,0.44787842860364885
GRU,6,3,2026-02-28,3,211,0.44330391223459514,0.7548377290691399,0.4492272614735762
GRU,6,3,2026-02-28,4,219,1.0834796704879852,1.5191554646848557,1.3428234486446669
GRU,6,3,2026-02-28,5,132,1.8961788031923785,2.2906546790047284,3.496041027732054
GRU,6,6,2026-02-23,1,206,0.5754411600682857,0.864686786674656,0.7043775429443973
GRU,6,6,2026-02-23,2,184,0.5970596617546632,0.8991218416772696,0.6127272667676714
GRU,6,6,2026-02-23,3,193,0.6308552242931307,1.124092634795425,0.639181680164786
GRU,6,6,2026-02-23,4,211,0.6556081934227994,1.0905585119786438,0.8282009556387017
GRU,6,6,2026-02-23,5,115,1.3147755616413794,1.7495471384313943,2.3892857474833336
GRU,6,6,2026-02-24,1,163,0.36570447988061566,0.45320207842740934,0.42783929790747266
GRU,6,6,2026-02-24,2,127,0.6189592696863203,0.8584649009054612,0.6372367499503058
GRU,6,6,2026-02-24,3,145,0.7098474167863986,1.006906110636626,0.71817602622597
GRU,6,6,2026-02-24,4,152,1.012395623227541,1.4743227103765824,1.2045568415266121
GRU,6,6,2026-02-24,5,93,1.1994126526875506,1.5730343628532337,2.111555730204453
GRU,6,6,2026-02-25,1,247,0.3320962131103845,0.41407550370527374,0.39817950615185166
GRU,6,6,2026-02-25,2,255,0.49467719848898734,0.6809821466895124,0.5081546466470243
GRU,6,6,2026-02-25,3,261,0.5530201740462483,0.7677471888809891,0.5577719610030838
GRU,6,6,2026-02-25,4,258,1.134115024055177,2.026371027452384,1.4193087715897696
GRU,6,6,2026-02-25,5,158,2.740409077046569,3.9040324513807474,4.791801985082571
GRU,6,6,2026-02-26,1,264,0.5704959830852467,0.7103836574113689,0.6855908212430462
GRU,6,6,2026-02-26,2,263,0.7618041375475425,1.1464066167524194,0.7878731716064511
GRU,6,6,2026-02-26,3,264,0.8163542718598332,1.210996077367019,0.8298600467851298
GRU,6,6,2026-02-26,4,261,1.624268649185027,2.366410721975139,2.0515716490383915
GRU,6,6,2026-02-26,5,162,2.821147879280889,3.4586617014432375,4.713193589538881
GRU,6,6,2026-02-27,1,264,0.403419595776182,0.5015794269179051,0.4769778237955626
GRU,6,6,2026-02-27,2,264,0.48097731743329786,0.6322161723039956,0.4979699631792431
GRU,6,6,2026-02-27,3,262,0.4731061189633691,0.8676355110003455,0.47906315231982916
GRU,6,6,2026-02-27,4,264,1.5738305335895786,2.514013912953238,1.8967765089741975
GRU,6,6,2026-02-27,5,168,1.949919444963835,2.742589533219849,3.407496283776466
GRU,6,6,2026-02-28,1,197,0.37142624572650645,0.4461100872749805,0.43566166174221066
GRU,6,6,2026-02-28,2,198,0.4374507343193763,0.5495840813375122,0.45099233716370435
GRU,6,6,2026-02-28,3,191,0.4706290635069556,0.6511533489534537,0.4746363526786137
GRU,6,6,2026-02-28,4,198,1.0522639072302613,1.474048220063381,1.3364806184832387
GRU,6,6,2026-02-28,5,126,2.068737979779028,2.3951141762584096,3.8563501984610986
HA,1,1,2026-01-19,1,172,0.44465932919997575,1.3058977369117224,0.5025469343588174
HA,1,1,2026-01-19,2,181,0.6847410254715556,1.743652091117236,0.7129841608654589
HA,1,1,2026-01-19,3,169,0.6186386650130593,1.1461902848497663,0.6274434910775695
HA,1,1,2026-01-19,4,182,2.5759048601646564,3.9663445513444815,3.378201696677771
HA,1,1,2026-01-19,5,123,6.643009092749619,7.809817856305829,12.473417540769644
HA,1,1,2026-01-20,1,174,0.2668018998770878,0.28307537890339546,0.293861017920361
HA,1,1,2026-01-20,2,171,0.5819294355068988,1.2430082726024998,0.6026365859098995
HA,1,1,2026-01-20,3,184,0.5809868936953337,1.0264026608175254,0.5885360521437482
HA,1,1,2026-01-20,4,173,2.21880018642183,3.4853940099238256,2.8846560390899487
HA,1,1,2026-01-20,5,119,5.743389802820542,7.067146488460268,11.005734641453587
HA,1,1,2026-01-21,1,193,0.3711686208458144,0.7306068583026035,0.4108016947638263
HA,1,1,2026-01-21,2,186,0.5115014216378598,0.7904682124396658,0.5273136665622573
HA,1,1,2026-01-21,3,188,0.6441098206432153,1.2281081615227905,0.6553647896916254
HA,1,1,2026-01-21,4,184,2.1826297649438833,3.5829955705834715,2.8377659010989937
HA,1,1,2026-01-21,5,102,5.91320440504286,7.218042516187117,11.204288107159936
HA,1,1,2026-01-22,1,177,0.30845137773934056,0.6380335232587606,0.34247388650888594
HA,1,1,2026-01-22,2,186,0.5251730231828587,1.1567553620631437,0.5439204577714819
HA,1,1,2026-01-22,3,173,0.489473728775289,0.5411323404495293,0.4923452351452437
HA,1,1,2026-01-22,4,178,2.464503684740388,3.7977415457281714,3.2601138546687447
HA,1,1,2026-01-22,5,116,5.870083973325532,6.987869577848126,10.687427275009325
HA,1,1,2026-01-23,1,197,0.2753956596258328,0.2882760355857511,0.30318490974147994
HA,1,1,2026-01-23,2,195,0.4496722881610577,0.5660406999215063,0.4605509149590516
HA,1,1,2026-01-23,3,207,0.4934048491399645,0.5465317069091818,0.49637490862432565
HA,1,1,2026-01-23,4,207,2.2230903514917344,3.5137409484465723,2.9151467400273514
HA,1,1,2026-01-23,5,126,5.6140743033595815,6.826986874982883,10.510746351972612
HA,1,1,2026-01-24,1,205,1.0152358512568278,2.789951774448178,1.1618340279948807
HA,1,1,2026-01-24,2,208,1.362828376965645,3.6275516474995086,1.4833420228224237
HA,1,1,2026-01-24,3,191,1.6031032116209232,4.177577192959988,1.718089626907723
HA,1,1,2026-01-24,4,200,4.058286933898926,6.231021588227072,5.285416786077068
HA,1,1,2026-01-24,5,134,7.8537384431753585,8.81493501415376,14.933444464503456
HA,1,1,2026-01-25,1,180,0.26860525343153213,0.2834599888592864,0.2956868049206405
HA,1,1,2026-01-25,2,152,1.8786002209312038,4.258742734676118,2.012072053798366
HA,1,1,2026-01-25,3,179,2.2806982114994327,4.71338658559665,2.4190190782767584
HA,1,1,2026-01-25,4,165,3.057613072250829,4.891952849489555,4.17246064872698
HA,1,1,2026-01-25,5,101,7.117038046959603,8.057739165792123,12.63519879367533
HA,1,3,2026-01-19,1,66,0.4543258204604638,1.0505963018794873,0.5091288201749926
HA,1,3,2026-01-19,2,85,0.6261377072801777,1.1166549010359645,0.6415510091108739
HA,1,3,2026-01-19,3,68,0.49909898346545656,0.6839945221021418,0.5024179920147392
HA,1,3,2026-01-19,4,89,2.1883316992522777,3.276939511878737,2.8597686776951035
HA,1,3,2026-01-19,5,62,6.60888179655998,7.7466635391764,12.393223241762318
HA,1,3,2026-01-20,1,68,0.26185058144962087,0.2759741584216893,0.28870799901199784
HA,1,3,2026-01-20,2,73,0.586000695076163,1.0532269730516823,0.6032909210470679
HA,1,3,2026-01-20,3,88,0.5458147742531515,0.6837330803784434,0.5502066260584647
HA,1,3,2026-01-20,4,77,2.033314824620367,3.114026978253985,2.6514957564458044
HA,1,3,2026-01-20,5,60,5.3247601403130425,6.507791959621087,10.539620499040167
HA,1,3,2026-01-21,1,111,0.3238015160546292,0.41566315638001383,0.3562993349392031
HA,1,3,2026-01-21,2,91,0.4676536029075094,0.5927650162115613,0.4826624405634935
HA,1,3,2026-01-21,3,93,0.5271686111869489,0.6591763606715159,0.5313887091289726
HA,1,3,2026-01-21,4,91,2.360457069853432,3.696897222397372,3.110008737302598
HA,1,3,2026-01-21,5,37,5.679225772708745,6.594281697937215,10.469336103152495
HA,1,3,2026-01-22,1,71,0.34625770676303935,0.5425503628301269,0.38412672055012237
HA,1,3,2026-01-22,2,86,0.3953590097353441,0.5787839937841117,0.4060193532218788
HA,1,3,2026-01-22,3,68,0.426630693323472,0.47387026845135155,0.4287848316258972
HA,1,3,2026-01-22,4,81,2.9374337215973028,4.156505313433507,3.9575940014985855
HA,1,3,2026-01-22,5,58,5.229771142718436,6.103215298611511,8.918139310397507
HA,1,3,2026-01-23,1,104,0.2752962846022386,0.28570989493636284,0.3033879302672688
HA,1,3,2026-01-23,2,101,0.4581928819713026,0.5782457379362307,0.4685347910361379
HA,1,3,2026-01-23,3,123,0.45477481004668446,0.5114825123552881,0.4573999341312598
HA,1,3,2026-01-23,4,129,2.0509453049823194,3.166570546841235,2.6789573787094603
HA,1,3,2026-01-23,5,70,5.206311531672402,6.309587176661504,9.712238669789265
HA,1,3,2026-01-24,1,129,0.8427570090018704,1.9062139319035267,0.9410786336935598
HA,1,3,2026-01-24,2,130,0.9999989240597459,2.14454135267167,1.0496324397084724
HA,1,3,2026-01-24,3,102,1.3798460534455212,2.728561248544201,1.4365621467200342
HA,1,3,2026-01-24,4,117,3.6221759140434884,5.376857910735363,4.653168566481804
HA,1,3,2026-01-24,5,84,7.16381085108197,8.13497652275541,13.956552198247017
HA,1,3,2026-01-25,1,77,0.2628207516360593,0.27388350495841624,0.2894123856100962
HA,1,3,2026-01-25,2,52,1.997176243708684,3.132935589697585,2.088228790974441
HA,1,3,2026-01-25,3,78,2.2027137625930653,3.3041641915924913,2.2757286516427477
HA,1,3,2026-01-25,4,66,2.651687583538017,4.243156240792375,3.686610655844877
HA,1,3,2026-01-25,5,34,6.697027169021905,7.522891630544968,12.839985136286058
HA,1,6,2026-01-19,1,80,0.3879319233364525,0.6796441756129092,0.4305109989798953
HA,1,6,2026-01-19,2,94,0.5866893037836601,0.8414076778904845,0.5997400930898954
HA,1,6,2026-01-19,3,71,0.49118936744654135,0.5965390558927529,0.49398452085966416
HA,1,6,2026-01-19,4,107,1.9335279850944926,2.8050929044099804,2.5629936362510666
HA,1,6,2026-01-19,5,74,5.936456560014605,6.800635691038907,10.983573496962398
HA,1,6,2026-01-20,1,90,0.27659759521484373,0.287156100448677,0.30496598553575066
HA,1,6,2026-01-20,2,94,0.4411032656405836,0.6292100453901842,0.45191381498315353
HA,1,6,2026-01-20,3,106,0.4741326578008306,0.5429917203919925,0.477062526715348
HA,1,6,2026-01-20,4,92,1.9351083174995756,2.942361332613164,2.524812152440725
HA,1,6,2026-01-20,5,68,4.497651332032447,5.270602269192141,8.651713731443529
HA,1,6,2026-01-21,1,142,0.27401816139758495,0.3108710473038744,0.30039867897858313
HA,1,6,2026-01-21,2,113,0.3475272794740388,0.42314766198329423,0.35851882352329845
HA,1,6,2026-01-21,3,109,0.534200251868011,0.652034976346934,0.5392598439394037
HA,1,6,2026-01-21,4,107,1.6761777360862662,2.610896350968891,2.1414465078291802
HA,1,6,2026-01-21,5,35,4.965354505266461,5.781997978644399,8.972087850004442
HA,1,6,2026-01-22,1,99,0.32037981848925423,0.3712096399056337,0.3541756357510192
HA,1,6,2026-01-22,2,126,0.383007037450397,0.49255502943372464,0.39332306359784136
HA,1,6,2026-01-22,3,87,0.44095672958198634,0.49275387592634773,0.44324792257216966
HA,1,6,2026-01-22,4,101,2.523244614805719,3.4917093722480184,3.4031832183401693
HA,1,6,2026-01-22,5,80,5.069245436986288,5.985537114804525,8.813236749753715
HA,1,6,2026-01-23,1,133,0.2833636291044995,0.2926265989495593,0.3117642297320181
HA,1,6,2026-01-23,2,134,0.42755497035695544,0.5431394855118297,0.43799861217102826
HA,1,6,2026-01-23,3,144,0.47808636559380424,0.5345349137554449,0.480480378480861
HA,1,6,2026-01-23,4,152,2.039211228577017,3.072887791234253,2.6737879261941155
HA,1,6,2026-01-23,5,90,4.8765031169373305,5.720680000026695,8.902371931741326
HA,1,6,2026-01-24,1,161,0.8371504220903289,1.4260788866380072,0.9250886216214216
HA,1,6,2026-01-24,2,157,1.0212429016933995,1.744589733882211,1.0656061379774262
HA,1,6,2026-01-24,3,115,1.1467905665595746,1.844519655447598,1.1795667576740418
HA,1,6,2026-01-24,4,139,2.9949208382317583,4.347250248873427,3.7733996738903777
HA,1,6,2026-01-24,5,97,6.395145923138212,7.444694705838471,12.96569412176511
HA,1,6,2026-01-25,1,84,0.26392954871768043,0.2756106284718696,0.29060068123636473
HA,1,6,2026-01-25,2,43,1.8066283943117134,2.6718022950887406,1.882378097353077
HA,1,6,2026-01-25,3,82,1.9585561116536454,2.444170908277445,2.0030610406850693
HA,1,6,2026-01-25,4,73,2.139018256479202,3.419651425212193,2.8998829336002503
HA,1,6,2026-01-25,5,32,6.325388701756795,7.084031968408627,11.746788140622126
HA,2,1,2026-01-26,1,187,0.33059772620651595,0.8542397832726958,0.36523659043040785
HA,2,1,2026-01-26,2,183,0.5760690657818903,1.402610869942083,0.5997866313171183
HA,2,1,2026-01-26,3,189,0.7380059862893725,1.7759911757290903,0.7571653679960442
HA,2,1,2026-01-26,4,191,2.519484288613418,4.077257674942752,3.2897939471911273
HA,2,1,2026-01-26,5,125,7.00689619954427,8.353432379099143,14.186586249477543
HA,2,1,2026-01-27,1,178,0.2412006078141459,0.2572605269786044,0.26543903864563667
HA,2,1,2026-01-27,2,172,0.4392688366793847,0.6255831817692002,0.45022597752370586
HA,2,1,2026-01-27,3,183,0.45616816953231726,0.509713722769217,0.4586296774128063
HA,2,1,2026-01-27,4,195,2.177025636852297,3.505561702162713,2.8575434757307034
HA,2,1,2026-01-27,5,119,6.193543794776211,7.389142012610877,11.895321292952609
HA,2,1,2026-01-28,1,199,0.26601449528730897,0.4080518374482442,0.29283506480873517
HA,2,1,2026-01-28,2,195,0.4571414914905515,0.8472122957070432,0.4709021514566493
HA,2,1,2026-01-28,3,199,0.4507997215692721,0.5042020751745142,0.4533121511172631
HA,2,1,2026-01-28,4,198,2.3262993269897874,3.7337500331142515,3.0659869735869596
HA,2,1,2026-01-28,5,118,5.488903918508756,6.540431031176282,10.252437619988807
HA,2,1,2026-01-29,1,198,0.27917751479229136,0.39863872919555754,0.30830514223763367
HA,2,1,2026-01-29,2,192,0.5934047301610311,1.433671448161276,0.6162194498910298
HA,2,1,2026-01-29,3,200,0.6818838119506836,1.6654992261507582,0.6999096310432857
HA,2,1,2026-01-29,4,195,2.500761191865318,3.9452708518259016,3.2600325963551464
HA,2,1,2026-01-29,5,124,5.861781489464544,6.90224774623203,10.695269796429878
HA,2,1,2026-01-30,1,221,0.2514185495506045,0.2639764686997908,0.2769645412509568
HA,2,1,2026-01-30,2,216,0.48078974971064814,0.9934307096969,0.49702374313990855
HA,2,1,2026-01-30,3,218,0.4498612873415699,0.5031186152065162,0.4523652736559073
HA,2,1,2026-01-30,4,194,2.5984772095565534,4.039255407619468,3.3846659715875393
HA,2,1,2026-01-30,5,144,6.088635974460178,7.189711992466461,11.411104497483578
HA,2,1,2026-01-31,1,225,0.35053678159360535,0.9655820104153187,0.3930696653290577
HA,2,1,2026-01-31,2,225,0.673853205928096,1.722409659028456,0.7045045695486915
HA,2,1,2026-01-31,3,231,0.7809566481288893,1.8244242793239929,0.8033133119403869
HA,2,1,2026-01-31,4,219,2.5949520651063964,4.14832865041421,3.482638079400075
HA,2,1,2026-01-31,5,144,6.970389975441827,8.052006704496161,13.426390412649837
HA,2,1,2026-02-01,1,202,0.5785806234126831,1.8420760716518085,0.6634738049959524
HA,2,1,2026-02-01,2,210,0.5252789451962425,1.073399633670187,0.5427995298294832
HA,2,1,2026-02-01,3,211,0.46358681629054355,0.5495633540414046,0.466627573661732
HA,2,1,2026-02-01,4,214,3.4698585557789072,5.647160349976348,4.832835363091763
HA,2,1,2026-02-01,5,126,8.837678001040505,9.728943002056258,16.51438072160318
HA,2,3,2026-01-26,1,92,0.26768546173537994,0.39390775598778216,0.2940011569493118
HA,2,3,2026-01-26,2,85,0.40104693244485295,0.5859484191958306,0.4115866131883955
HA,2,3,2026-01-26,3,95,0.8695909198961759,1.29843738747751,0.8809751321374865
HA,2,3,2026-01-26,4,102,1.9745904760423054,3.2526415277224023,2.50332303519222
HA,2,3,2026-01-26,5,72,6.669692057150382,8.097077499430178,14.666354633923028
HA,2,3,2026-01-27,1,74,0.2307845450736381,0.24563158214038106,0.2536132443740314
HA,2,3,2026-01-27,2,71,0.3866311731472821,0.48382370610797215,0.3950447838182492
HA,2,3,2026-01-27,3,82,0.5019941562559547,0.5588321582170604,0.5043106948143714
HA,2,3,2026-01-27,4,112,2.329676832471575,3.556076924729621,3.0987301175865802
HA,2,3,2026-01-27,5,57,5.693471629717196,6.724091960640845,11.707196206048287
HA,2,3,2026-01-28,1,115,0.23736557522833637,0.2747351341655716,0.2608461380739372
HA,2,3,2026-01-28,2,108,0.4279179749665437,0.597040330563551,0.43836070275352973
HA,2,3,2026-01-28,3,114,0.44510965179978756,0.4999404686928457,0.4474116989656118
HA,2,3,2026-01-28,4,109,1.887867358846402,3.1249905489980287,2.449167523476789
HA,2,3,2026-01-28,5,64,4.638178341918521,5.444245223000657,8.716459199216484
HA,2,3,2026-01-29,1,125,0.25266107177734376,0.2801670311169458,0.27892084221540686
HA,2,3,2026-01-29,2,94,0.4822696658736426,0.7447178871940396,0.49535110703496893
HA,2,3,2026-01-29,3,121,0.6315209815215365,0.9718523192419469,0.638143051161178
HA,2,3,2026-01-29,4,103,2.7258742578335697,3.9245552862173088,3.535453875519481
HA,2,3,2026-01-29,5,64,5.260964281029171,6.127584615810145,9.162103678350933
HA,2,3,2026-01-30,1,157,0.24302197110121418,0.2536907736115075,0.2677965954783676
HA,2,3,2026-01-30,2,151,0.35696161872240606,0.5047981075711567,0.3675936789535209
HA,2,3,2026-01-30,3,147,0.4602323086623972,0.5189115481382482,0.46257883992961446
HA,2,3,2026-01-30,4,99,2.4732329842752616,3.653029377575731,3.247824178166624
HA,2,3,2026-01-30,5,107,5.7129239431917975,6.705421456772906,10.3882742910624
HA,2,3,2026-01-31,1,159,0.28354586128752013,0.4104614531411298,0.31382221393565535
HA,2,3,2026-01-31,2,158,0.6166495042846509,1.24350989131092,0.6378629278440653
HA,2,3,2026-01-31,3,175,0.6565108477880086,0.9628293477036368,0.6651941756005705
HA,2,3,2026-01-31,4,148,2.3043422412585928,3.7115195282934024,3.0785803806883436
HA,2,3,2026-01-31,5,99,6.812933167223177,7.767299533854956,13.097792042160997
HA,2,3,2026-02-01,1,105,0.5347423089244379,1.0713822418495225,0.5991162338363976
HA,2,3,2026-02-01,2,128,0.44629855950673436,0.6311365146274268,0.4581835613384136
HA,2,3,2026-02-01,3,128,0.469426989555359,0.5245224319267258,0.47204508316798127
HA,2,3,2026-02-01,4,146,3.259573287615493,5.253870809784977,4.589483157667285
HA,2,3,2026-02-01,5,70,8.428543659997366,9.215810781757991,15.54494786513165
HA,2,6,2026-01-26,1,112,0.2934557596842448,0.3856194867990829,0.32146973409930296
HA,2,6,2026-01-26,2,98,0.3980245162029658,0.5365557222060331,0.4070077670258754
HA,2,6,2026-01-26,3,117,0.7097594910537417,0.9339990868917624,0.7162036501027736
HA,2,6,2026-01-26,4,124,1.738041939957595,2.872285281722473,2.2118438675502623
HA,2,6,2026-01-26,5,102,5.991525368285335,7.328431818870498,13.064011756316603
HA,2,6,2026-01-27,1,83,0.2141643662050546,0.2359284395988308,0.2356024889873231
HA,2,6,2026-01-27,2,88,0.39476263450853755,0.48969718199889967,0.4031626266177071
HA,2,6,2026-01-27,3,99,0.47199719361584597,0.5303256966903402,0.47426116972025206
HA,2,6,2026-01-27,4,139,2.049896661040308,3.087948714185039,2.7093446226483837
HA,2,6,2026-01-27,5,67,4.070236039043067,4.865393024758939,8.163793739967085
HA,2,6,2026-01-28,1,139,0.2414715310271314,0.2611290076653107,0.2659252457911898
HA,2,6,2026-01-28,2,145,0.34910557889390265,0.45162856488334924,0.35825594446922054
HA,2,6,2026-01-28,3,145,0.41260433854727907,0.46413568119812076,0.4147328253947111
HA,2,6,2026-01-28,4,136,1.6749060624565175,2.6150469743647458,2.1838179319766002
HA,2,6,2026-01-28,5,85,3.935828876370699,4.588278408254207,7.082447436999301
HA,2,6,2026-01-29,1,161,0.22365541741138817,0.24051663520730684,0.2457538528224842
HA,2,6,2026-01-29,2,130,0.40555858905498793,0.53957239038454,0.41645038197270245
HA,2,6,2026-01-29,3,142,0.5829437005128103,0.7184612163267018,0.5872851710906241
HA,2,6,2026-01-29,4,143,2.4149623690044217,3.460579127339393,3.131148692135587
HA,2,6,2026-01-29,5,92,4.463429543131214,5.542996645865828,7.561379164160039
HA,2,6,2026-01-30,1,199,0.2519410099815484,0.26018331487985846,0.2777292716654022
HA,2,6,2026-01-30,2,195,0.3204712896537233,0.40527048206623995,0.3299326635608107
HA,2,6,2026-01-30,3,192,0.442134075694614,0.4990871745723145,0.4443951168215006
HA,2,6,2026-01-30,4,139,2.10878779032438,3.2376313543060653,2.793395491018949
HA,2,6,2026-01-30,5,135,4.781713570802791,5.589397549761227,8.647103668522895
HA,2,6,2026-01-31,1,207,0.2982689358377995,0.40322820005123017,0.33014390380677655
HA,2,6,2026-01-31,2,200,0.5252441355387376,0.8740106852789221,0.5412943301976786
HA,2,6,2026-01-31,3,208,0.6136635234213288,0.7461985240199165,0.6203396216538355
HA,2,6,2026-01-31,4,193,2.221201015685438,3.5157019045436124,3.006212160561453
HA,2,6,2026-01-31,5,122,6.071892791497903,7.054947998328913,11.872290990174067
HA,2,6,2026-02-01,1,135,0.5180241337528937,0.8704184569610828,0.5783369007571589
HA,2,6,2026-02-01,2,150,0.41468455674913174,0.5288897256092574,0.4256576131028859
HA,2,6,2026-02-01,3,155,0.4569413117439516,0.5098273533028929,0.45924661803985534
HA,2,6,2026-02-01,4,160,2.838091778225369,4.723918237417645,3.9583819665651667
HA,2,6,2026-02-01,5,87,7.3783821446990006,8.240279504276177,14.298030342809962
HA,3,1,2026-02-02,1,223,0.40452246102873346,1.2578845972553971,0.45126601545788697
HA,3,1,2026-02-02,2,218,0.6178483992177046,1.328730749491885,0.6476499577700153
HA,3,1,2026-02-02,3,212,0.4541064208408572,0.49163950018286884,0.45678295583412126
HA,3,1,2026-02-02,4,226,2.2713019559517016,3.679567757224852,3.0223696880770103
HA,3,1,2026-02-02,5,137,6.265117069810556,7.295194588418612,11.723314320236321
HA,3,1,2026-02-03,1,217,0.6976264332479779,2.6408916856623605,0.8212580183138685
HA,3,1,2026-02-03,2,203,0.6413306500915626,1.524739750980764,0.6711655457882074
HA,3,1,2026-02-03,3,206,0.6177883827184782,1.2926057875541517,0.6300322771836593
HA,3,1,2026-02-03,4,213,2.430394227889036,3.8114045530320055,3.1736554087714737
HA,3,1,2026-02-03,5,144,6.742940152132952,7.83491104232756,12.958942386364194
HA,3,1,2026-02-04,1,221,0.3274692287991669,0.8418419446637458,0.3613664478961308
HA,3,1,2026-02-04,2,220,0.5964998187440814,1.2732990505147803,0.6232263707409919
HA,3,1,2026-02-04,3,213,0.4473175621928184,0.4836718988684675,0.4499965342930405
HA,3,1,2026-02-04,4,224,2.4101705778212774,3.844957550080062,3.1706499711756315
HA,3,1,2026-02-04,5,131,6.542950821893513,7.746971857195899,12.837283896299207
HA,3,1,2026-02-05,1,234,0.5625284961146167,2.2167554802995117,0.6562509649560401
HA,3,1,2026-02-05,2,221,0.4499386403355663,0.7761274322576852,0.4632069473220199
HA,3,1,2026-02-05,3,231,0.5052918273133117,0.8302009719753056,0.5108158771389115
HA,3,1,2026-02-05,4,228,2.511093340421978,4.033077557279138,3.3592838518945967
HA,3,1,2026-02-05,5,141,6.922605203398576,8.002229173937929,13.742441616460082
HA,3,1,2026-02-06,1,223,0.23663569565845713,0.25169957956201106,0.26057915805106974
HA,3,1,2026-02-06,2,214,0.49755941373165524,1.0329229274581169,0.5182749981268125
HA,3,1,2026-02-06,3,212,0.51966241320724,0.7439449158915383,0.5240663237836728
HA,3,1,2026-02-06,4,226,2.250954945882161,3.6643231131860916,2.9866177679932675
HA,3,1,2026-02-06,5,140,6.436026291620164,7.547502082691153,12.547668825694558
HA,3,1,2026-02-07,1,226,0.23511400475966193,0.24931812266011505,0.25860186101043287
HA,3,1,2026-02-07,2,214,0.44247571998667495,0.6961304303944421,0.4541474338645627
HA,3,1,2026-02-07,3,230,0.4679376353388247,0.5312214171299087,0.471014159473067
HA,3,1,2026-02-07,4,218,2.362825061203143,3.8474041636599248,3.1665438175795697
HA,3,1,2026-02-07,5,140,7.24086452665783,8.269723987787208,14.05839519254987
HA,3,1,2026-02-08,1,219,0.23714248448202055,0.2511840079059852,0.261050011732868
HA,3,1,2026-02-08,2,226,0.4726724202654003,0.9929244582592649,0.48800428995218464
HA,3,1,2026-02-08,3,230,0.6202976392663043,1.6752836553051924,0.6383294096486717
HA,3,1,2026-02-08,4,235,2.227822756936364,3.70243532411912,2.859234611676775
HA,3,1,2026-02-08,5,148,5.334598541259766,6.473842012289905,9.54125242032363
HA,3,3,2026-02-02,1,152,0.405611924957811,0.8097546497274019,0.4465049113859175
HA,3,3,2026-02-02,2,143,0.5581367688301279,0.9058335283778362,0.578582677412963
HA,3,3,2026-02-02,3,133,0.44520941712802514,0.49350149030145884,0.4477872882884615
HA,3,3,2026-02-02,4,158,1.763962044159236,2.8237984888786274,2.3241644012653926
HA,3,3,2026-02-02,5,88,5.7889885131758865,6.510783592964442,10.603876572473565
HA,3,3,2026-02-03,1,155,0.6574423075576838,1.4876379073207369,0.7434898751611654
HA,3,3,2026-02-03,2,138,0.4494887887951639,0.6321280462102418,0.46082141677466454
HA,3,3,2026-02-03,3,120,0.43644464280870243,0.5160456398926054,0.43963002339475404
HA,3,3,2026-02-03,4,148,2.2129499303686013,3.363648042504756,2.8857202997090052
HA,3,3,2026-02-03,5,111,6.588078411969097,7.502329188215743,12.856211367938155
HA,3,3,2026-02-04,1,151,0.31423295605612467,0.5084305313028558,0.3449462625618325
HA,3,3,2026-02-04,2,159,0.529011660401926,0.8365744986529063,0.5506959306109666
HA,3,3,2026-02-04,3,134,0.43507715481430737,0.4816634378688327,0.4377144427353907
HA,3,3,2026-02-04,4,162,2.3961110736444007,3.6314416373038245,3.1559558541694077
HA,3,3,2026-02-04,5,79,6.580080335485616,7.500235896322323,13.054342682295319
HA,3,3,2026-02-05,1,189,0.5205021610966436,1.2261359701302126,0.5864375172672127
HA,3,3,2026-02-05,2,156,0.32313646821894193,0.3967950908345372,0.3325236244369125
HA,3,3,2026-02-05,3,173,0.4432138872973492,0.5054571211343765,0.4460865915514344
HA,3,3,2026-02-05,4,173,2.5076966478645457,3.8318616576213334,3.3533034725872573
HA,3,3,2026-02-05,5,109,6.300753252221904,7.399254602947083,12.489962324921535
HA,3,3,2026-02-06,1,148,0.22625670561919342,0.24445093941386922,0.24948708673833797
HA,3,3,2026-02-06,2,139,0.5125661067825429,0.7890664535271102,0.532713763520648
HA,3,3,2026-02-06,3,138,0.5077421215997227,0.5738863015306404,0.5106887728435392
HA,3,3,2026-02-06,4,152,1.9655870248002614,3.2308933270970757,2.5972489140824284
HA,3,3,2026-02-06,5,86,5.942460752580825,6.9697926223834505,11.410342921813836
HA,3,3,2026-02-07,1,163,0.22309692944485718,0.23646315994284764,0.24492048313794412
HA,3,3,2026-02-07,2,150,0.39278967963324657,0.49522876792374665,0.40193152782557784
HA,3,3,2026-02-07,3,182,0.5201466598790206,0.8263900981940787,0.5258588703769237
HA,3,3,2026-02-07,4,160,2.3643269168006045,3.7113274347446965,3.118540581105285
HA,3,3,2026-02-07,5,99,7.634496879363567,8.429082845586167,15.390067686966013
HA,3,3,2026-02-08,1,146,0.23570601580894157,0.24891454333952068,0.25949958188949146
HA,3,3,2026-02-08,2,162,0.4256599332079476,0.6344641945755224,0.4370202736013738
HA,3,3,2026-02-08,3,174,0.48881269140718536,0.7179698598096009,0.4932173550637421
HA,3,3,2026-02-08,4,182,1.8086997743636837,2.873661202728223,2.305088423456695
HA,3,3,2026-02-08,5,115,4.851583379478271,5.879219192764264,8.568106078673893
HA,3,6,2026-02-02,1,208,0.364682322282058,0.5708726393377019,0.4000959637157472
HA,3,6,2026-02-02,2,177,0.5100348406143329,0.6951845687599283,0.5243549696566131
HA,3,6,2026-02-02,3,184,0.4446114249851393,0.4926122202301179,0.44706895936988367
HA,3,6,2026-02-02,4,207,1.6280204588664322,2.506958925702723,2.1286923680948533
HA,3,6,2026-02-02,5,118,5.333855193976853,6.08658776361659,10.103138711158477
HA,3,6,2026-02-03,1,205,0.5336483144372467,0.9482049412444845,0.5971113181716355
HA,3,6,2026-02-03,2,164,0.41278873329886256,0.5457591684930028,0.424401921978877
HA,3,6,2026-02-03,3,175,0.40581787690662185,0.4741952391344308,0.40872531849357985
HA,3,6,2026-02-03,4,191,1.8983604062775516,3.070291462545978,2.481093840675028
HA,3,6,2026-02-03,5,134,5.761847581752694,6.607828945872249,11.260298960943713
HA,3,6,2026-02-04,1,195,0.31132239012976326,0.4004634336991335,0.34124913862099104
HA,3,6,2026-02-04,2,188,0.44459803335491854,0.588797995915873,0.4607289223270039
HA,3,6,2026-02-04,3,173,0.4106094713155934,0.45377684298616655,0.41293477204819745
HA,3,6,2026-02-04,4,196,1.9800886184450175,3.011705723229422,2.615471804629139
HA,3,6,2026-02-04,5,93,5.410775748632287,6.239645400438786,10.74570264068912
HA,3,6,2026-02-05,1,229,0.5277007790111558,0.9443185419302776,0.5905849546303561
HA,3,6,2026-02-05,2,202,0.2620221556610005,0.30971543713435873,0.27036525211625384
HA,3,6,2026-02-05,3,226,0.4185354992351701,0.4625284105186065,0.4210482299318711
HA,3,6,2026-02-05,4,205,1.958714424278032,3.109992633446663,2.563371027734817
HA,3,6,2026-02-05,5,128,5.443950886196561,6.392287145340064,10.747771324062812
HA,3,6,2026-02-06,1,195,0.2286830804286859,0.24687236021011671,0.25190714726129365
HA,3,6,2026-02-06,2,183,0.46731824197404354,0.6040842869140546,0.4828176464997287
HA,3,6,2026-02-06,3,176,0.46902585174098127,0.5152463614422026,0.47146794312791246
HA,3,6,2026-02-06,4,201,1.780493531825465,2.811179445882462,2.3426661456214037
HA,3,6,2026-02-06,5,121,5.605465391384997,6.4801769482767995,11.326993290997123
HA,3,6,2026-02-07,1,211,0.22573429487327829,0.24095745761868417,0.24799955359424564
HA,3,6,2026-02-07,2,183,0.36814176076531185,0.4558531175371992,0.3770515757800097
HA,3,6,2026-02-07,3,224,0.481875730696179,0.6322987964482281,0.48611093792520726
HA,3,6,2026-02-07,4,207,2.000315063279992,3.186740395220442,2.6177303986504623
HA,3,6,2026-02-07,5,126,6.6478686627046555,7.528093868601286,12.870996254009846
HA,3,6,2026-02-08,1,162,0.23801968421465086,0.24999420971940842,0.26190951343057994
HA,3,6,2026-02-08,2,176,0.35115985003384664,0.43623335315845646,0.36044524679080997
HA,3,6,2026-02-08,3,175,0.4312404378255209,0.5025106947294087,0.43401803274860284
HA,3,6,2026-02-08,4,177,1.7027261143724495,2.6818835108408656,2.197769675030289
HA,3,6,2026-02-08,5,118,4.243152383491818,5.156918562339289,7.6130787439584084
HA,4,1,2026-02-09,1,228,0.6338425463403177,1.819468098441928,0.7234376707669767
HA,4,1,2026-02-09,2,221,0.4270877406607926,0.6661451531922771,0.4403192338109107
HA,4,1,2026-02-09,3,236,0.4105645195912507,0.44163171949657154,0.41301405049033674
HA,4,1,2026-02-09,4,237,2.281105502915952,3.652736877615862,3.047444289795322
HA,4,1,2026-02-09,5,153,6.676667830523322,7.82719969153918,13.188832843202052
HA,4,1,2026-02-10,1,175,0.21715968540736608,0.23183382388340645,0.23910520533064888
HA,4,1,2026-02-10,2,175,0.4716920253208705,1.2998570869196096,0.49086062549862347
HA,4,1,2026-02-10,3,181,0.4145046676720045,0.4445440443875471,0.4168690916474629
HA,4,1,2026-02-10,4,170,2.1211471557617188,3.341913182476554,2.812302767515609
HA,4,1,2026-02-10,5,117,6.853496681930673,7.9550054114003945,13.616825921449076
HA,4,1,2026-02-11,1,147,0.26759691303279126,0.6090802111943104,0.2947558253654614
HA,4,1,2026-02-11,2,160,0.3931020736694336,0.4950591519187535,0.4023263793616943
HA,4,1,2026-02-11,3,147,0.4199522368761958,0.44897333596461686,0.42219037098801815
HA,4,1,2026-02-11,4,151,2.5377163244925325,3.9083686605502335,3.43556406702179
HA,4,1,2026-02-11,5,93,8.046795834777175,9.032613204038226,16.48488310639328
HA,4,1,2026-02-12,1,164,0.44627966531893104,1.5171668001281748,0.5088778672745361
HA,4,1,2026-02-12,2,157,0.5078255720199294,0.9913016383638724,0.522664231543778
HA,4,1,2026-02-12,3,156,0.44138526916503906,0.5085090476128641,0.4441402169869453
HA,4,1,2026-02-12,4,155,2.7673301286594842,4.280624585999198,3.84442664049454
HA,4,1,2026-02-12,5,101,8.162389371261344,9.210131375196688,17.278820723894782
HA,4,1,2026-02-13,1,192,0.7624189853668213,3.630858531552046,0.972699494160315
HA,4,1,2026-02-13,2,179,1.0799991032264753,4.551803023194708,1.2316730329339318
HA,4,1,2026-02-13,3,176,1.5326845862648704,5.9405386715887225,1.7597355994871753
HA,4,1,2026-02-13,4,175,3.128999459402902,6.28887006731526,3.974575054378591
HA,4,1,2026-02-13,5,116,5.808918985827216,6.9938516650414,11.073010350670906
HA,4,1,2026-02-14,1,240,0.796724944644504,2.6926189881909184,0.9324428242356143
HA,4,1,2026-02-14,2,244,0.48713148356786845,1.1041656914337084,0.5048889103472576
HA,4,1,2026-02-14,3,250,0.4383043721516927,0.5528501335916012,0.4416558977663352
HA,4,1,2026-02-14,4,241,2.100487536249649,3.3683696176452105,2.756565424108061
HA,4,1,2026-02-14,5,157,5.605783936324393,6.7098120659957505,9.973459296192935
HA,4,1,2026-02-15,1,230,0.42708766771399465,1.3513300989799286,0.4844314540311967
HA,4,1,2026-02-15,2,227,1.0619939504390945,2.9752501284316,1.1297847991003798
HA,4,1,2026-02-15,3,231,1.7426691096582452,4.5399701483399335,1.8674456283128684
HA,4,1,2026-02-15,4,226,4.482680993094204,6.975014078986221,5.904300931804686
HA,4,1,2026-02-15,5,149,8.366436354532604,9.77666620733194,15.618114595264139
HA,4,3,2026-02-09,1,172,0.6067568904669709,1.3372532162245951,0.6835791655126713
HA,4,3,2026-02-09,2,155,0.4173202186502437,0.5423814121128111,0.4289704464922579
HA,4,3,2026-02-09,3,189,0.39371151394314235,0.4367093804402563,0.39631037789619
HA,4,3,2026-02-09,4,185,2.2759230467650267,3.5025780916313862,3.045699247192275
HA,4,3,2026-02-09,5,123,6.331067165385094,7.3282425165930345,12.254586748652352
HA,4,3,2026-02-10,1,106,0.2052143024948408,0.22306025357919224,0.22617932745903138
HA,4,3,2026-02-10,2,101,0.4497933466442348,0.8000961174378383,0.46275171543661
HA,4,3,2026-02-10,3,105,0.42343590146019344,0.46497930308245206,0.42582264468705666
HA,4,3,2026-02-10,4,93,2.051402685605212,3.1067807470607973,2.7189751365568138
HA,4,3,2026-02-10,5,69,7.034099793856463,8.024632377013953,13.996768787708373
HA,4,3,2026-02-11,1,78,0.2572804312420705,0.40787417560314143,0.28188482801354237
HA,4,3,2026-02-11,2,89,0.39137113764044945,0.4980189062104613,0.40037271372168176
HA,4,3,2026-02-11,3,79,0.44521978837025317,0.4800143007541914,0.4471826679626509
HA,4,3,2026-02-11,4,82,2.1918270038718455,3.4712600470672506,2.9051585380509826
HA,4,3,2026-02-11,5,50,7.547838541666668,8.755946770343998,15.63635656091232
HA,4,3,2026-02-12,1,81,0.4266860396773727,0.8505338870190957,0.4757438740526391
HA,4,3,2026-02-12,2,59,0.523615001958642,0.706418280312761,0.5357659009728809
HA,4,3,2026-02-12,3,61,0.4569469931347121,0.49206522432894456,0.4590966471021197
HA,4,3,2026-02-12,4,56,3.146692094348726,4.664522521464852,4.468080097898563
HA,4,3,2026-02-12,5,44,8.460626640705147,9.474530944912525,18.908119115112434
HA,4,3,2026-02-13,1,110,0.7306622360691878,2.106761009789641,0.9041605459876042
HA,4,3,2026-02-13,2,93,0.7227513849948898,1.6780632226482335,0.7520891607436133
HA,4,3,2026-02-13,3,85,1.443029037176394,3.4924089655456387,1.515941021100133
HA,4,3,2026-02-13,4,75,3.335899793836806,4.845538124871002,4.120449929683251
HA,4,3,2026-02-13,5,61,5.828601635653247,6.865347332571618,10.957012324118772
HA,4,3,2026-02-14,1,198,0.7786822292272222,1.9593213065834116,0.888851858767249
HA,4,3,2026-02-14,2,211,0.41230180126670296,0.6095798642728458,0.42366631894923523
HA,4,3,2026-02-14,3,221,0.44827949443374093,0.5043316248523692,0.45121817021151195
HA,4,3,2026-02-14,4,204,1.9196718087123628,3.030654329243578,2.5058060556506176
HA,4,3,2026-02-14,5,135,5.329690244070297,6.214476387740634,9.447571836037326
HA,4,3,2026-02-15,1,172,0.3749672448604302,0.7142646356265685,0.41754005047551207
HA,4,3,2026-02-15,2,165,0.9779632876617739,2.0864186644077516,1.0184333036658786
HA,4,3,2026-02-15,3,176,1.7737673412669783,3.1705481852422164,1.8365954261473254
HA,4,3,2026-02-15,4,173,3.9271749350683156,5.796790118833067,5.160930681855104
HA,4,3,2026-02-15,5,115,7.8950060563386915,9.112034991496543,14.536613025957879
HA,4,6,2026-02-09,1,202,0.5620978167610459,0.9915488573148936,0.6284436418734266
HA,4,6,2026-02-09,2,195,0.3907670893220819,0.49482444101809364,0.4023217799132284
HA,4,6,2026-02-09,3,225,0.39127156575520833,0.42989501885966747,0.393550374381099
HA,4,6,2026-02-09,4,229,1.8275933988923765,2.8055217549257363,2.435344301815905
HA,4,6,2026-02-09,5,157,5.40952185207618,6.406589407172235,10.817041199727164
HA,4,6,2026-02-10,1,106,0.20575570160487913,0.22391408781916933,0.22612400806064387
HA,4,6,2026-02-10,2,122,0.4145435520860017,0.5925171905527734,0.4248921316120819
HA,4,6,2026-02-10,3,112,0.4016665049961635,0.439850196858237,0.4038569637986897
HA,4,6,2026-02-10,4,98,1.5988891670763357,2.596304759442944,2.07775283004459
HA,4,6,2026-02-10,5,85,5.643064991072112,6.64379520886936,11.29514809871408
HA,4,6,2026-02-11,1,83,0.2827537138299295,0.378992217717151,0.3087277737582633
HA,4,6,2026-02-11,2,94,0.39035910748420877,0.5014683822151834,0.3997964600570693
HA,4,6,2026-02-11,3,83,0.4408424101680158,0.471575837745382,0.44260328236515767
HA,4,6,2026-02-11,4,82,1.914027477150688,2.9402896969618144,2.5509904622025035
HA,4,6,2026-02-11,5,56,6.032160583374994,7.133302868423185,13.238085678485488
HA,4,6,2026-02-12,1,75,0.3672997843424478,0.5441973238378759,0.4064983143271354
HA,4,6,2026-02-12,2,59,0.47321628204173316,0.5846407361483368,0.48331900889636853
HA,4,6,2026-02-12,3,72,0.3985731336805556,0.4410229247039643,0.40072650261531517
HA,4,6,2026-02-12,4,62,2.9397022944624704,4.45181278263662,4.19770340241006
HA,4,6,2026-02-12,5,49,8.114408120222373,9.064781176760842,19.573485256057815
HA,4,6,2026-02-13,1,159,0.6099083506586168,1.4665910516041094,0.7286257437045504
HA,4,6,2026-02-13,2,115,0.725802453082541,1.444446430629623,0.7518173767580552
HA,4,6,2026-02-13,3,106,1.1129414492433178,2.190254911079819,1.1438289584780634
HA,4,6,2026-02-13,4,112,3.0510948271978466,4.198974773486616,3.7935224635651736
HA,4,6,2026-02-13,5,84,5.736973212509558,6.73899182820622,11.22084114126427
HA,4,6,2026-02-14,1,235,0.7465271768051398,1.4296516198199511,0.8415422247353305
HA,4,6,2026-02-14,2,251,0.4108641814847814,0.5370459869916474,0.42195475831974355
HA,4,6,2026-02-14,3,248,0.42404449900418606,0.46186260766471504,0.42660248980089327
HA,4,6,2026-02-14,4,238,1.7205494913623,2.688306255362402,2.2243814016602657
HA,4,6,2026-02-14,5,155,4.446259214339717,5.189312994213129,7.89821130565352
HA,4,6,2026-02-15,1,175,0.41484489707341254,0.6115486773515829,0.46142266404096705
HA,4,6,2026-02-15,2,178,0.9248804280522752,1.7967677921003236,0.9580486480888081
HA,4,6,2026-02-15,3,182,1.55388463338216,2.4866033916500245,1.5957884705527492
HA,4,6,2026-02-15,4,169,3.438671740570169,4.916995146878418,4.584238468834923
HA,4,6,2026-02-15,5,117,6.947655187825983,7.6457106025189105,13.150213830559213
HA,5,1,2026-02-16,1,245,0.21230337960379464,0.22571984086367447,0.23369930471513986
HA,5,1,2026-02-16,2,242,0.44151980817810565,1.0210313709846177,0.46050988291279615
HA,5,1,2026-02-16,3,244,0.40128596363171853,0.4803112485896389,0.4037087282429653
HA,5,1,2026-02-16,4,242,2.0428534473597835,3.3587208053544964,2.719926146567875
HA,5,1,2026-02-16,5,153,6.238610776681007,7.3567821587656885,12.495007239393049
HA,5,1,2026-02-17,1,7,0.23429325648716517,0.23820330618551197,0.2567471101106071
HA,5,1,2026-02-17,2,9,0.37892066107855904,0.47965047715644604,0.38786175433692255
HA,5,1,2026-02-17,3,8,0.3381376266479492,0.3572504971967209,0.3398225674815592
HA,5,1,2026-02-17,4,6,2.1505889892578125,3.7320528481882644,2.7293980738152563
HA,5,1,2026-02-17,5,5,9.777695465087891,10.894758254287904,18.11167772350593
HA,5,1,2026-02-18,1,186,0.21544515958396337,0.2273213143916093,0.23718058265459319
HA,5,1,2026-02-18,2,161,1.7699047586192256,4.248334710535789,1.8991610984096354
HA,5,1,2026-02-18,3,186,2.134058142221102,4.676822378573073,2.268572193719148
HA,5,1,2026-02-18,4,172,2.8504173811091933,4.794962026248225,3.9297938411308433
HA,5,1,2026-02-18,5,107,7.374417242602767,8.317266082330688,13.069802006569986
HA,5,1,2026-02-19,1,174,0.2150427281171426,0.22768105387294724,0.23683795282162604
HA,5,1,2026-02-19,2,171,0.6147975363926581,1.572825899273395,0.6391819839370869
HA,5,1,2026-02-19,3,187,0.6410709319905163,1.5901225649472137,0.6566455921918052
HA,5,1,2026-02-19,4,170,2.057044803394991,3.3675212428825603,2.707718101319204
HA,5,1,2026-02-19,5,121,5.810663491241203,7.109026876962908,11.089608054146145
HA,5,1,2026-02-20,1,180,0.20882432725694444,0.22267835929901303,0.22973571228622344
HA,5,1,2026-02-20,2,177,0.38996989219651157,0.5962738064194599,0.3998586141400428
HA,5,1,2026-02-20,3,184,0.38500130694845447,0.4145795717707172,0.38697807857418015
HA,5,1,2026-02-20,4,199,2.1235071818033857,3.5273759002778635,2.8121911955053327
HA,5,1,2026-02-20,5,120,6.338344160715739,7.527200866580065,12.143982537103357
HA,5,1,2026-02-21,1,226,0.21343690315179065,0.22622310534156614,0.23495409998586647
HA,5,1,2026-02-21,2,235,0.4224689456587987,0.9766543851945705,0.43654517039760476
HA,5,1,2026-02-21,3,238,0.5427412786403624,1.6414961515441309,0.5596571666327491
HA,5,1,2026-02-21,4,241,2.1773057148829205,3.702525016134874,2.8096491222609203
HA,5,1,2026-02-21,5,153,5.4974052994339555,6.6910817476260425,9.853602947983086
HA,5,1,2026-02-22,1,180,0.21456599765353732,0.22668989155857658,0.23616390932095396
HA,5,1,2026-02-22,2,152,1.8815691094649465,4.454411810915489,2.0226670096624493
HA,5,1,2026-02-22,3,179,2.218633342721609,4.8061543323758675,2.3606704073069738
HA,5,1,2026-02-22,4,165,2.957675494569721,4.923399282622863,4.086676721295667
HA,5,1,2026-02-22,5,101,7.213252794624555,8.167703798423116,12.838509446010466
HA,5,3,2026-02-16,1,209,0.20848488693602346,0.22279929064624177,0.2294674983718689
HA,5,3,2026-02-16,2,202,0.4462146570186805,0.7171855509591594,0.46225119934424935
HA,5,3,2026-02-16,3,209,0.38742734674821816,0.42584395949458387,0.389425318807243
HA,5,3,2026-02-16,4,203,1.815214093421806,2.9571781385542644,2.406068903293341
HA,5,3,2026-02-16,5,125,5.871805480957033,6.817178209283779,11.942371619096017
HA,5,3,2026-02-17,1,5,0.23905792236328124,0.24423805483804129,0.2624340232176742
HA,5,3,2026-02-17,2,3,0.1945164998372396,0.19748500552661735,0.20366664776274726
HA,5,3,2026-02-17,3,6,0.3386027018229167,0.37126784394972484,0.3405079049815766
HA,5,3,2026-02-17,4,3,3.3066279093424478,5.034842096472264,4.3419776071972604
HA,5,3,2026-02-17,5,1,1.5890274047851562,1.5890274047851562,1.8221644900541591
HA,5,3,2026-02-18,1,82,0.21890686779487423,0.22737854626651754,0.24099564577050747
HA,5,3,2026-02-18,2,63,1.7904831820694855,2.946810933362043,1.8698327654852702
HA,5,3,2026-02-18,3,88,1.9901868646795093,3.168689941347899,2.0570736877823164
HA,5,3,2026-02-18,4,75,2.344913228352865,4.0190128208673706,3.2654209023137364
HA,5,3,2026-02-18,5,42,7.200391648307679,7.983263137183474,13.172709424308742
HA,5,3,2026-02-19,1,64,0.22062194347381592,0.2311682221490086,0.24306875129934755
HA,5,3,2026-02-19,2,75,0.5863359578450519,1.1375073078207745,0.604172419178182
HA,5,3,2026-02-19,3,98,0.6271916603555483,0.9308349494630707,0.6339664231351367
HA,5,3,2026-02-19,4,72,1.8109603104767977,2.826022728701331,2.3945747483485573
HA,5,3,2026-02-19,5,66,5.615900829584911,6.861964315018911,11.01060159670408
HA,5,3,2026-02-20,1,84,0.20530618940080916,0.2198071438931478,0.22568297643780433
HA,5,3,2026-02-20,2,81,0.3317125108506944,0.4146862036336541,0.3391490790808875
HA,5,3,2026-02-20,3,89,0.5524161692415729,0.9636932819006877,0.5590748047991105
HA,5,3,2026-02-20,4,128,2.48125860426161,3.6954709118368507,3.2401882126943957
HA,5,3,2026-02-20,5,57,6.0641296565184115,7.068280422950271,12.385946607210132
HA,5,3,2026-02-21,1,161,0.21864309370147517,0.2304931228617225,0.24076596423355748
HA,5,3,2026-02-21,2,176,0.39184274095477467,0.6175382247462362,0.4023197705288307
HA,5,3,2026-02-21,3,193,0.42382256437047977,0.6646750721169875,0.427532794946417
HA,5,3,2026-02-21,4,196,1.8077059116493273,2.9581409918015056,2.31869008247908
HA,5,3,2026-02-21,5,123,4.911465335559931,5.949007595807434,8.639595948830546
HA,5,3,2026-02-22,1,77,0.21891754943054992,0.22789560306770745,0.24095998707513017
HA,5,3,2026-02-22,2,52,2.066147095117814,3.2607590204383516,2.1613005623959234
HA,5,3,2026-02-22,3,78,2.177878290160089,3.368891237776344,2.252544346496219
HA,5,3,2026-02-22,4,66,2.5756410926279396,4.281572770207099,3.6188346010409553
HA,5,3,2026-02-22,5,34,6.843620973474838,7.716296416176406,13.231953039926491
HA,5,6,2026-02-16,1,198,0.2105423127761995,0.22471723020802345,0.23168398146900002
HA,5,6,2026-02-16,2,196,0.4012052263532365,0.5444797550058524,0.4136098781679199
HA,5,6,2026-02-16,3,199,0.34539253068729053,0.3886896453151996,0.3471284485451838
HA,5,6,2026-02-16,4,194,1.4889738294813355,2.3260917314494534,1.9677097322366535
HA,5,6,2026-02-16,5,123,4.905133422603452,5.677195582753619,10.365826193999165
HA,5,6,2026-02-17,1,11,0.24421899968927557,0.2491953889891365,0.2684586145110719
HA,5,6,2026-02-17,2,5,0.1850189208984375,0.18704156388460497,0.1916814489196185
HA,5,6,2026-02-17,3,6,0.3394622802734375,0.3914064591595033,0.3420502532650349
HA,5,6,2026-02-17,4,5,0.5381729125976562,0.5433731117023042,0.539653312812546
HA,5,6,2026-02-17,5,1,14.714519500732422,14.714519500732422,32.23846644316795
HA,5,6,2026-02-18,1,97,0.21632220081447326,0.2246559007716696,0.23808871549705166
HA,5,6,2026-02-18,2,60,1.676045210096572,2.5199326352307048,1.741606122078307
HA,5,6,2026-02-18,3,106,1.8648126230299842,2.4679784380688896,1.9087954850693827
HA,5,6,2026-02-18,4,91,1.785593925727593,3.095358210426483,2.4095107557827364
HA,5,6,2026-02-18,5,51,6.8866182514265475,7.779656744566206,12.349139730365772
HA,5,6,2026-02-19,1,87,0.23070526123046875,0.2384035045283202,0.2546145543343085
HA,5,6,2026-02-19,2,91,0.4984316591814762,0.7731511486846014,0.5101254744856412
HA,5,6,2026-02-19,3,121,0.5265128017457067,0.6507319493218071,0.5304447330235282
HA,5,6,2026-02-19,4,87,1.9063048264075972,2.9944800837487224,2.5388486397596717
HA,5,6,2026-02-19,5,83,5.218820999329349,6.327751803504995,10.155656042146171
HA,5,6,2026-02-20,1,94,0.19571977980593416,0.21353668094664666,0.2153153134880236
HA,5,6,2026-02-20,2,108,0.3490816846305941,0.4372533206573702,0.35649556524893256
HA,5,6,2026-02-20,3,117,0.4945818257128075,0.688269341901369,0.4987716225400642
HA,5,6,2026-02-20,4,166,2.1152103817287378,3.153864002348328,2.7592005833468205
HA,5,6,2026-02-20,5,79,5.405562996093064,6.382120292224556,10.290062177985613
HA,5,6,2026-02-21,1,206,0.21917072777609223,0.22972808204772133,0.24105926368011135
HA,5,6,2026-02-21,2,209,0.32406527627217857,0.4183482641993302,0.33253602198472815
HA,5,6,2026-02-21,3,221,0.3697573516523497,0.4384227901677401,0.3719333561036751
HA,5,6,2026-02-21,4,219,1.607675822745235,2.6362368746213227,2.0782084222472976
HA,5,6,2026-02-21,5,144,4.447208456345546,5.461745065761165,8.062536879827308
HA,5,6,2026-02-22,1,84,0.2165293920607794,0.22594202857013826,0.23823088245845764
HA,5,6,2026-02-22,2,43,1.911299133300781,2.8360652531388517,1.9919113957402013
HA,5,6,2026-02-22,3,82,1.9372004873384305,2.515022037372818,1.983134490494982
HA,5,6,2026-02-22,4,73,2.061571805771083,3.441134363131007,2.829428602531941
HA,5,6,2026-02-22,5,32,6.481694722175598,7.267353117867105,12.10098609387341
HA,6,1,2026-02-23,1,224,0.39972479002816336,1.2948224499304406,0.44705758133866474
HA,6,1,2026-02-23,2,216,0.5713698304729696,1.3677843530682154,0.6007473760899619
HA,6,1,2026-02-23,3,214,0.38056129384263654,0.40886156340210805,0.38261647532255005
HA,6,1,2026-02-23,4,225,2.2410319575557,3.7199283329699546,3.005512718176686
HA,6,1,2026-02-23,5,137,6.324514421523342,7.384074448216975,11.879013936823068
HA,6,1,2026-02-24,1,198,0.2609085956406513,0.4050685713321333,0.2889629505221401
HA,6,1,2026-02-24,2,192,0.5416039890713161,1.4171530398088605,0.5627810900443425
HA,6,1,2026-02-24,3,200,0.6949426778157552,1.9629441956400655,0.7192702846723702
HA,6,1,2026-02-24,4,196,2.509774629761573,4.026600108322985,3.276180729788323
HA,6,1,2026-02-24,5,125,5.9260347493489585,6.969709886091627,10.801995862468102
HA,6,1,2026-02-25,1,248,0.22208026147657825,0.23659285056678483,0.2450118300463445
HA,6,1,2026-02-25,2,250,0.6393170572916668,1.5865963310916602,0.6654843851894682
HA,6,1,2026-02-25,3,252,0.7667969799546338,1.83333036640788,0.7889896122109678
HA,6,1,2026-02-25,4,252,2.1181995553314374,3.5287452599653464,2.6651581366877215
HA,6,1,2026-02-25,5,157,5.366537073868348,6.703289912881576,9.319905911990688
HA,6,1,2026-02-26,1,260,0.39939126234788164,1.0409769067091101,0.4466025725567011
HA,6,1,2026-02-26,2,259,0.7122767876780938,2.5065786912923893,0.7623607709135121
HA,6,1,2026-02-26,3,263,0.9646476097735464,3.059477650140412,1.0202280965759871
HA,6,1,2026-02-26,4,255,2.9149584801368467,4.679052310855327,3.7819738028005703
HA,6,1,2026-02-26,5,162,6.420211305343565,7.365373789121736,11.432430671103656
HA,6,1,2026-02-27,1,257,0.2824710791522272,0.6114883646084369,0.31153492078724343
HA,6,1,2026-02-27,2,259,0.4561376387548262,0.8611023507347283,0.47229411690410344
HA,6,1,2026-02-27,3,258,0.644594936715848,1.9447262327639556,0.6679486134970599
HA,6,1,2026-02-27,4,262,3.3958814198734197,5.67413409050764,4.403544547197648
HA,6,1,2026-02-27,5,167,6.643427058846175,7.857970495949723,12.249941813404941
HA,6,1,2026-02-28,1,246,0.23519770304361978,0.3054098360078149,0.2600036706687766
HA,6,1,2026-02-28,2,252,0.5161698457425233,1.130233065599313,0.5338138062980856
HA,6,1,2026-02-28,3,246,0.47599068825160906,1.0168583232298174,0.48450131779817673
HA,6,1,2026-02-28,4,248,1.9984106863698654,3.2794707789174895,2.610490675027656
HA,6,1,2026-02-28,5,156,5.314622927934695,6.4459358353818015,9.652148603112668
HA,6,3,2026-02-23,1,154,0.4039928441783912,0.8252867687317157,0.4455977902742403
HA,6,3,2026-02-23,2,146,0.5255963051155819,0.9369989787228105,0.5455392568178442
HA,6,3,2026-02-23,3,135,0.38413781060112845,0.4236546962831404,0.3861646918793059
HA,6,3,2026-02-23,4,157,1.6957878766123995,2.7805913996944147,2.2505729391450258
HA,6,3,2026-02-23,5,88,5.840724906536064,6.591214435128859,10.759445460239116
HA,6,3,2026-02-24,1,126,0.2435308385778358,0.2807092442654934,0.26963348972655937
HA,6,3,2026-02-24,2,93,0.49711022781499703,0.8245200257998704,0.5112990568601268
HA,6,3,2026-02-24,3,117,0.7366028339208479,1.2380042423507078,0.7473444057584308
HA,6,3,2026-02-24,4,103,2.683150076428921,3.9268466234551807,3.493032097331149
HA,6,3,2026-02-24,5,67,5.432761247676008,6.285982341818146,9.371594874017214
HA,6,3,2026-02-25,1,225,0.21944949679904513,0.23440989014367106,0.24204127470589656
HA,6,3,2026-02-25,2,235,0.4343868931980002,0.705672160428752,0.44592512513078286
HA,6,3,2026-02-25,3,236,0.6183079218460347,0.9628650035593289,0.6259020743800414
HA,6,3,2026-02-25,4,232,1.892120025167064,3.0949018398950225,2.3908165675131916
HA,6,3,2026-02-25,5,139,5.389918241188299,6.513205145224766,9.353296843816317
HA,6,3,2026-02-26,1,252,0.3693829793778679,0.5856071130835979,0.4089693574206562
HA,6,3,2026-02-26,2,247,0.6302796920247833,1.506150389996709,0.6538233201048517
HA,6,3,2026-02-26,3,261,0.9014001507716465,1.8477532241902324,0.922949716745451
HA,6,3,2026-02-26,4,237,2.6531709223021602,3.8800731790929515,3.4237264717429543
HA,6,3,2026-02-26,5,152,6.045160773204781,6.798923460180519,10.823774658741247
HA,6,3,2026-02-27,1,242,0.27875350657901804,0.3918472685694049,0.3066646975772673
HA,6,3,2026-02-27,2,251,0.383569998570172,0.5399422568569541,0.3956807536418853
HA,6,3,2026-02-27,3,246,0.620928536047242,1.178078825268402,0.6308316109587476
HA,6,3,2026-02-27,4,257,3.168631494689493,4.546105392302882,4.101341648151465
HA,6,3,2026-02-27,5,165,6.386698692655725,7.396672513668498,11.839024036502067
HA,6,3,2026-02-28,1,213,0.23282247194102107,0.25661266236199926,0.2573639652717624
HA,6,3,2026-02-28,2,228,0.4359564716123465,0.67412362676094,0.44773851180948465
HA,6,3,2026-02-28,3,211,0.4709789201797719,0.6731325212920747,0.4762600691394498
HA,6,3,2026-02-28,4,219,1.8362646698044502,2.8724259023688408,2.4055054770002537
HA,6,3,2026-02-28,5,132,4.809971793332084,5.816348539233431,9.077854528716601
HA,6,6,2026-02-23,1,206,0.3796683038837059,0.5986560215741488,0.4168535545042689
HA,6,6,2026-02-23,2,184,0.4470499149267222,0.6708755014346697,0.4599639543526539
HA,6,6,2026-02-23,3,193,0.3667030136819948,0.4034252005565036,0.3686213070766842
HA,6,6,2026-02-23,4,211,1.6927303561290477,2.7021978622197556,2.2430223487466194
HA,6,6,2026-02-23,5,115,5.128965980419214,5.783374357252972,9.621517148187234
HA,6,6,2026-02-24,1,163,0.21484400691349012,0.23086863235327784,0.23672072211975695
HA,6,6,2026-02-24,2,127,0.4688231981332528,0.6415818249725593,0.4817686943012451
HA,6,6,2026-02-24,3,145,0.6587407862637693,0.8721719306501519,0.6663631383700837
HA,6,6,2026-02-24,4,152,2.321800092507524,3.4426039624533344,3.0315705726916593
HA,6,6,2026-02-24,5,93,4.440755415247617,5.55037521769895,7.528143410222696
HA,6,6,2026-02-25,1,247,0.22316040780380186,0.23893595976108828,0.24626835999045085
HA,6,6,2026-02-25,2,255,0.3178313304759836,0.44728112053451463,0.32634820397188774
HA,6,6,2026-02-25,3,261,0.4698236204807489,0.6364873792942338,0.47403320680591354
HA,6,6,2026-02-25,4,258,1.6892017045789094,2.834188183604827,2.158578548362684
HA,6,6,2026-02-25,5,158,4.8157849361457234,5.91281536871558,8.473971162012212
HA,6,6,2026-02-26,1,264,0.31801138213186514,0.3962734709778128,0.351386640126496
HA,6,6,2026-02-26,2,263,0.6069315553769112,1.067032378886808,0.6257530334720248
HA,6,6,2026-02-26,3,264,0.8195647730971825,1.3355040648479388,0.8321301697335665
HA,6,6,2026-02-26,4,261,2.3496797693998777,3.3371795945432603,3.0514695632128452
HA,6,6,2026-02-26,5,162,5.26043063295885,5.976992140334055,9.515252776473066
HA,6,6,2026-02-27,1,264,0.25928111991496977,0.2983847607217277,0.28518338909894125
HA,6,6,2026-02-27,2,264,0.3305032453954418,0.41893424066528473,0.34057248191494804
HA,6,6,2026-02-27,3,262,0.5445581424832847,0.895953073157713,0.5510895173027925
HA,6,6,2026-02-27,4,264,2.860969047674828,4.005308645825001,3.6590158356598983
HA,6,6,2026-02-27,5,168,5.737978269183446,6.597344537610212,10.625153481088857
HA,6,6,2026-02-28,1,197,0.2277260381759929,0.24341730710580026,0.25150693521007006
HA,6,6,2026-02-28,2,198,0.3427817690385845,0.43916149720642794,0.35157102193258566
HA,6,6,2026-02-28,3,191,0.4151404371367004,0.48920192407310725,0.4185350644206187
HA,6,6,2026-02-28,4,198,1.424395406018738,2.2438271771323754,1.8701649850762336
HA,6,6,2026-02-28,5,126,3.6628069142605693,4.571951128737956,6.997930533948471
Persistence,1,1,2026-01-19,1,172,0.32558160494168426,1.6581176465204372,0.3825504272761946
Persistence,1,1,2026-01-19,2,181,0.5193372333158738,2.4119866472250124,0.5547796289735564
Persistence,1,1,2026-01-19,3,169,0.28994096431079885,1.508359336131383,0.301965515403822
Persistence,1,1,2026-01-19,4,182,1.3663004742523872,3.3801655302177176,1.7829123106072742
Persistence,1,1,2026-01-19,5,123,3.228997427202899,5.615643986904233,6.422852540286928
Persistence,1,1,2026-01-20,1,174,2.072374130896595e-07,4.7471436929305075e-07,3.9625576312111027e-07
Persistence,1,1,2026-01-20,2,171,0.33918149388393715,1.6167977817008852,0.3573352658299227
Persistence,1,1,2026-01-20,3,184,0.1902175474290551,1.3156664751343756,0.19930102988537463
Persistence,1,1,2026-01-20,4,173,1.0924856364480178,2.8099740204201717,1.4715469688121146
Persistence,1,1,2026-01-20,5,119,3.0336135570043443,5.334996294777885,6.100385476280587
Persistence,1,1,2026-01-21,1,193,0.25388622276068756,1.029361675340343,0.284161730193209
Persistence,1,1,2026-01-21,2,186,0.2025091397765326,0.9369297217175688,0.21413061323500673
Persistence,1,1,2026-01-21,3,188,0.35283706051533353,1.6394047537716623,0.3694076558650166
Persistence,1,1,2026-01-21,4,184,0.8478261607973268,2.552291265617667,1.1827959935481722
Persistence,1,1,2026-01-21,5,102,3.1339869666153413,5.325873150088054,6.074556493713503
Persistence,1,1,2026-01-22,1,177,0.09039568475140135,0.8503904004636322,0.10511141382651751
Persistence,1,1,2026-01-22,2,186,0.27419376388936023,1.6534421466280738,0.29170327155421394
Persistence,1,1,2026-01-22,3,173,1.5285726965496227e-07,1.9158838560565042e-07,1.5472816910677794e-07
Persistence,1,1,2026-01-22,4,178,1.0224719981229984,2.7549751086186305,1.451590523442933
Persistence,1,1,2026-01-22,5,116,3.3534482691919334,5.253898389098124,6.432122187415131
Persistence,1,1,2026-01-23,1,197,1.7272164020746436e-07,4.0870856448550016e-07,3.0997633610629165e-07
Persistence,1,1,2026-01-23,2,195,2.168537810995566e-07,2.3659908553078492e-07,2.2456944069669107e-07
Persistence,1,1,2026-01-23,3,207,1.5659501061614226e-07,1.9571996484477564e-07,1.5856650873832607e-07
Persistence,1,1,2026-01-23,4,207,0.8212561556272938,2.3671917211387816,1.149312730528083
Persistence,1,1,2026-01-23,5,126,2.708994968779541,4.691825687145849,5.372608085370276
Persistence,1,1,2026-01-24,1,205,0.8951221155562088,2.978695795142285,1.0413596403633527
Persistence,1,1,2026-01-24,2,208,1.4198719595313445,4.405040316051872,1.5868104381960095
Persistence,1,1,2026-01-24,3,191,1.889179915597524,5.3461275133570165,2.0812552243483053
Persistence,1,1,2026-01-24,4,200,2.4341667636269575,5.470368413397255,3.0993855544610955
Persistence,1,1,2026-01-24,5,134,3.3445274705167716,5.449631852456206,6.33758508515894
Persistence,1,1,2026-01-25,1,180,0.17777797232355902,1.3784048527383235,0.210001525956547
Persistence,1,1,2026-01-25,2,152,2.424342273217331,5.381040033032183,2.6200406072441664
Persistence,1,1,2026-01-25,3,179,2.9664805553416236,5.870102256298887,3.190152704615862
Persistence,1,1,2026-01-25,4,165,1.3848485703207547,3.499134086863901,1.93869730809156
Persistence,1,1,2026-01-25,5,101,3.143564468741033,4.842315567967846,5.644854819909285
Persistence,1,3,2026-01-19,1,66,0.4511786810885477,1.7701859081461027,0.525442217311385
Persistence,1,3,2026-01-19,2,85,0.5019610107482193,2.0624245036390656,0.5262735972587765
Persistence,1,3,2026-01-19,3,68,0.37745108956374884,1.6917233902073903,0.39257508653198675
Persistence,1,3,2026-01-19,4,89,2.0324595393272205,3.818272761459714,2.5992234118832327
Persistence,1,3,2026-01-19,5,62,4.400537706708197,6.23440712895699,8.21329900277028
Persistence,1,3,2026-01-20,1,68,1.7623873435133967e-07,4.2705796546795504e-07,3.28120962257683e-07
Persistence,1,3,2026-01-20,2,73,0.527397424945086,1.7422365019594355,0.5510931969633645
Persistence,1,3,2026-01-20,3,88,0.1988638015896848,0.9389509054378241,0.2033962772990584
Persistence,1,3,2026-01-20,4,77,1.3593074938299143,3.2738194605906066,1.8135496925744017
Persistence,1,3,2026-01-20,5,60,3.886111343662131,6.269599059817165,7.436343463109716
Persistence,1,3,2026-01-21,1,111,0.16966990107042593,0.5380887539055812,0.18773331893865597
Persistence,1,3,2026-01-21,2,91,0.2912089290817433,0.9255451113437243,0.30660817803259965
Persistence,1,3,2026-01-21,3,93,0.14755095269262275,0.5350765747350892,0.14899799456180934
Persistence,1,3,2026-01-21,4,91,1.1953602871246714,3.0054782466529884,1.6397013824754918
Persistence,1,3,2026-01-21,5,37,4.399399611562415,7.013143830697347,8.166456794975856
Persistence,1,3,2026-01-22,1,71,0.22535226501154457,1.0963019259375926,0.2580971988222415
Persistence,1,3,2026-01-22,2,86,0.2131785157667127,1.3113497719529226,0.2245569232455562
Persistence,1,3,2026-01-22,3,68,1.4485702676585574e-07,1.8243097179375214e-07,1.4651260530441785e-07
Persistence,1,3,2026-01-22,4,81,1.707818993716078,3.812656715524518,2.3758563306229985
Persistence,1,3,2026-01-22,5,58,4.270114933118822,6.273614408806833,7.977881796204318
Persistence,1,3,2026-01-23,1,104,1.300716583330086e-07,3.220757333948925e-07,2.1206856138204763e-07
Persistence,1,3,2026-01-23,2,101,2.041453811189328e-07,2.2365552978055485e-07,2.1154182060343954e-07
Persistence,1,3,2026-01-23,3,123,1.6198564074189133e-07,2.0152948122890878e-07,1.641022238843398e-07
Persistence,1,3,2026-01-23,4,129,0.9931095129412584,2.565190005794893,1.3482366869762716
Persistence,1,3,2026-01-23,5,70,3.206349292406176,5.086405101353672,6.376297567863121
Persistence,1,3,2026-01-24,1,129,1.1410423718681413,3.0562024526754694,1.3085355415166253
Persistence,1,3,2026-01-24,2,130,1.1858976130161558,3.1162331964670678,1.2656488558873702
Persistence,1,3,2026-01-24,3,102,1.598311719609897,3.5875056515703463,1.6811906120969913
Persistence,1,3,2026-01-24,4,117,2.4639127779865517,4.912392060985725,3.118545312476207
Persistence,1,3,2026-01-24,5,84,3.712301655029541,5.344755680532039,7.1562442430425035
Persistence,1,3,2026-01-25,1,77,1.5192885642774215e-07,3.6740360733547055e-07,2.6105707265351964e-07
Persistence,1,3,2026-01-25,2,52,2.7051282906428287,4.456580587125134,2.8722521856876146
Persistence,1,3,2026-01-25,3,78,3.0683761364355475,5.175137810788567,3.2538302214436983
Persistence,1,3,2026-01-25,4,66,1.7853536850614373,4.084801909273839,2.463962368372092
Persistence,1,3,2026-01-25,5,34,4.975490306428192,6.635158521675656,8.791425039056213
Persistence,1,6,2026-01-19,1,80,0.3194446476249867,1.412440298923977,0.3699681804625797
Persistence,1,6,2026-01-19,2,94,0.4049647548698427,1.5626835685484652,0.41849938404071163
Persistence,1,6,2026-01-19,3,71,0.3899062113666717,1.6250688954977186,0.40387266336587363
Persistence,1,6,2026-01-19,4,107,2.2411216210190434,4.24794507453227,2.926590252153349
Persistence,1,6,2026-01-19,5,74,5.10427937124636,7.2329864826970995,8.742668431329774
Persistence,1,6,2026-01-20,1,90,1.3629060112584233e-07,3.4167768231993507e-07,2.3010771502027414e-07
Persistence,1,6,2026-01-20,2,94,0.3909576080315374,1.4068254086989842,0.4067292042194515
Persistence,1,6,2026-01-20,3,106,0.15408820410234583,0.7658732632983256,0.15710958820108045
Persistence,1,6,2026-01-20,4,92,1.529891368132985,3.5799534108750084,2.0431495593258977
Persistence,1,6,2026-01-20,5,68,5.30245121883734,7.263209343455899,9.586868595554591
Persistence,1,6,2026-01-21,1,142,0.19859178213271053,0.6757711387269062,0.2174612595734053
Persistence,1,6,2026-01-21,2,113,0.2646019058278973,0.8695133545979927,0.27920337479938
Persistence,1,6,2026-01-21,3,109,0.18944969918928561,0.5255896312842436,0.1920474002074171
Persistence,1,6,2026-01-21,4,107,1.2641745289138715,3.0402031173548383,1.7110723656260451
Persistence,1,6,2026-01-21,5,35,4.567142956623223,6.869620948626478,9.088138013749727
Persistence,1,6,2026-01-22,1,99,0.16430987871500607,0.8729891026477612,0.18746214046131054
Persistence,1,6,2026-01-22,2,126,0.20952402069343656,1.1086957742532653,0.21821484565404584
Persistence,1,6,2026-01-22,3,87,1.4945282402194785e-07,1.8774611626764358e-07,1.5123209521284896e-07
Persistence,1,6,2026-01-22,4,101,2.264686570264663,4.621389324531245,3.112952008966787
Persistence,1,6,2026-01-22,5,80,5.242291702208206,7.229244511860124,9.400560744209075
Persistence,1,6,2026-01-23,1,133,1.293268699750375e-07,2.9572273679080137e-07,1.9524996470876157e-07
Persistence,1,6,2026-01-23,2,134,2.0859512623341722e-07,2.274346539436693e-07,2.1648561281645002e-07
Persistence,1,6,2026-01-23,3,144,1.4325512627995826e-07,1.8054156482119157e-07,1.4486759079306566e-07
Persistence,1,6,2026-01-23,4,152,1.5831872452058304,3.5629836193465154,2.1832379754271045
Persistence,1,6,2026-01-23,5,90,4.137592733854128,5.946301333309364,7.82021294959744
Persistence,1,6,2026-01-24,1,161,1.3287268395786684,3.003400933207108,1.507851481912785
Persistence,1,6,2026-01-24,2,157,1.2218331188583464,3.1418488393054234,1.3140657865562153
Persistence,1,6,2026-01-24,3,115,1.90975861717177,3.9932515640944195,2.0163428117025664
Persistence,1,6,2026-01-24,4,139,3.380815504169626,5.693568899339342,4.207657432585808
Persistence,1,6,2026-01-24,5,97,6.010194739098625,7.724040040250722,11.437679646432422
Persistence,1,6,2026-01-25,1,84,1.6332557283335733e-07,3.902879058802634e-07,2.876395338764006e-07
Persistence,1,6,2026-01-25,2,43,2.577131816194869,4.09724564160171,2.732395491719049
Persistence,1,6,2026-01-25,3,82,2.1827236003807906,3.6320823574320342,2.2942015505226476
Persistence,1,6,2026-01-25,4,73,2.726484135876471,5.454838870013868,3.7121537721771256
Persistence,1,6,2026-01-25,5,32,7.404687965804264,8.960951084216097,12.824632189597073
Persistence,2,1,2026-01-26,1,187,0.16934060550140828,1.1807779923740735,0.18841452109138787
Persistence,2,1,2026-01-26,2,183,0.41803288544821154,2.229031005514918,0.45332344352576537
Persistence,2,1,2026-01-26,3,189,0.5105820447453289,2.3946037240464952,0.5410417308461339
Persistence,2,1,2026-01-26,4,191,1.3926701506609158,3.5308413687031193,1.7723493975312608
Persistence,2,1,2026-01-26,5,125,3.212000178620386,5.495270684268342,6.7453162885310745
Persistence,2,1,2026-01-27,1,178,1.5895454141449019e-07,3.3087331377843704e-07,2.953256849420525e-07
Persistence,2,1,2026-01-27,2,172,0.15310085843067966,1.0456319120241149,0.15994582393005416
Persistence,2,1,2026-01-27,3,183,0.1830601415056453,1.2386092918454452,0.19106662876710773
Persistence,2,1,2026-01-27,4,195,0.7487179883582497,2.2321147442409024,1.0540380800590194
Persistence,2,1,2026-01-27,5,119,2.915966460123691,5.0800316911740815,5.922828373978371
Persistence,2,1,2026-01-28,1,199,0.04690130843535144,0.46783760865576607,0.051165178556982896
Persistence,2,1,2026-01-28,2,195,0.15726507476416446,1.11452474239287,0.16546171521810507
Persistence,2,1,2026-01-28,3,199,3.524284256946432e-08,4.5687204618066524e-08,3.5696676922998384e-08
Persistence,2,1,2026-01-28,4,198,0.8417508747938806,2.6210855949005802,1.1706524248768444
Persistence,2,1,2026-01-28,5,118,2.9251411612208296,4.812907308291018,5.7828319680583515
Persistence,2,1,2026-01-29,1,198,0.09259276278518072,0.4869222164303697,0.10436772072616597
Persistence,2,1,2026-01-29,2,192,0.4531250984219593,2.043154212618443,0.48016065292146776
Persistence,2,1,2026-01-29,3,200,0.5000000315745371,2.3151673783635185,0.5313582708708714
Persistence,2,1,2026-01-29,4,195,1.164102562968518,2.9694071436368747,1.5368319013929725
Persistence,2,1,2026-01-29,5,124,3.065860415822152,4.9298168396498525,6.0257887621211905
Persistence,2,1,2026-01-30,1,221,1.2812899345236347e-07,2.844577938082678e-07,2.267440597919585e-07
Persistence,2,1,2026-01-30,2,216,0.22839514425459584,1.3615833550588978,0.24100125212909038
Persistence,2,1,2026-01-30,3,218,0.007645304876831004,0.05755825546670557,0.00781861860012707
Persistence,2,1,2026-01-30,4,194,1.477663242790684,3.5620421116586805,1.8603242274945198
Persistence,2,1,2026-01-30,5,144,2.5497684721571936,4.438646354825329,4.9950846608144595
Persistence,2,1,2026-01-31,1,225,0.2237038280670056,1.3620064823971327,0.26032108513968566
Persistence,2,1,2026-01-31,2,225,0.4533334535453717,1.9754668153637562,0.48501074663803845
Persistence,2,1,2026-01-31,3,231,0.757575791899313,2.625539633302494,0.7975584992566497
Persistence,2,1,2026-01-31,4,219,0.8812785325588283,2.401536346693687,1.1846924443824247
Persistence,2,1,2026-01-31,5,144,2.3182871341620364,3.956139692960037,4.5662408782503645
Persistence,2,1,2026-02-01,1,202,0.7194720895485346,2.6616082253024076,0.8458740899635464
Persistence,2,1,2026-02-01,2,210,0.3047620035842844,1.4784161313763156,0.3211184160159321
Persistence,2,1,2026-02-01,3,211,0.03317538777293836,0.3407546536241336,0.03446793443874106
Persistence,2,1,2026-02-01,4,214,1.4688474238265181,3.5792106013265568,2.082124856145809
Persistence,2,1,2026-02-01,5,126,3.605820027322731,5.3853695086431035,6.863322131214515
Persistence,2,3,2026-01-26,1,92,0.13768127058741889,1.0440190698536398,0.152943317167857
Persistence,2,3,2026-01-26,2,85,0.2941177541160494,2.0685949207166243,0.31803904014544165
Persistence,2,3,2026-01-26,3,95,0.7350877487438414,2.09154522137721,0.7617411920822724
Persistence,2,3,2026-01-26,4,102,1.478758177653098,3.438742717536801,1.8727395163174039
Persistence,2,3,2026-01-26,5,72,4.719135827455336,7.371533415670971,10.588828877687288
Persistence,2,3,2026-01-27,1,74,1.582131104085518e-07,3.2288363425174835e-07,2.863923544206054e-07
Persistence,2,3,2026-01-27,2,71,0.3051643754023617,1.5303398840824474,0.31876932536553093
Persistence,2,3,2026-01-27,3,82,0.2073171008031079,1.3274769652158267,0.2165191642499356
Persistence,2,3,2026-01-27,4,112,1.3333333915143106,3.1367635897070243,1.8660253765231316
Persistence,2,3,2026-01-27,5,57,4.53508784190451,7.377557976162169,9.194249159189685
Persistence,2,3,2026-01-28,1,115,0.054106428116164396,0.45870808825055914,0.0587790993901897
Persistence,2,3,2026-01-28,2,108,0.16666676461317328,0.9999999978032509,0.1736536095852633
Persistence,2,3,2026-01-28,3,114,3.445716214500543e-08,4.4808390048516577e-08,3.4890640803327035e-08
Persistence,2,3,2026-01-28,4,109,1.2477064353069116,3.1417865694979215,1.6990667619387136
Persistence,2,3,2026-01-28,5,64,3.6206594912839036,5.3697530628850645,6.737190947269675
Persistence,2,3,2026-01-29,1,125,0.10933350302732504,0.3761404380049059,0.12236309593412056
Persistence,2,3,2026-01-29,2,94,0.46631215458912595,1.8064600293796067,0.4880878410572294
Persistence,2,3,2026-01-29,3,121,0.4742883613648085,1.890474944968075,0.49473320170779433
Persistence,2,3,2026-01-29,4,103,2.1823085002736575,4.061421599627755,2.8408260969813024
Persistence,2,3,2026-01-29,5,64,4.185764020969366,6.194584844647482,7.8696308632912695
Persistence,2,3,2026-01-30,1,157,1.1223545434578302e-07,2.5687790774199354e-07,1.9105595358222086e-07
Persistence,2,3,2026-01-30,2,151,0.17218554753973944,0.8831676364198691,0.17830895794180573
Persistence,2,3,2026-01-30,3,147,0.004535176983564269,0.04347001287809942,0.00463759261167384
Persistence,2,3,2026-01-30,4,99,1.6677890416488612,3.4155407547632266,2.1059437790879936
Persistence,2,3,2026-01-30,5,107,3.6614745152102453,5.859302734622862,6.750876622193932
Persistence,2,3,2026-01-31,1,159,0.2141860063829624,1.2029239746781075,0.24728075594244742
Persistence,2,3,2026-01-31,2,158,0.6357243854229052,2.2173997306061004,0.6741809520749562
Persistence,2,3,2026-01-31,3,175,0.633968286328528,1.9402312538352915,0.6567946500552018
Persistence,2,3,2026-01-31,4,148,1.2646395939820212,2.916802388390011,1.7418550032747915
Persistence,2,3,2026-01-31,5,99,3.698653047564384,5.4858177165466575,7.086924332682845
Persistence,2,3,2026-02-01,1,105,0.38783088096897755,1.1474865796834963,0.43921836156481053
Persistence,2,3,2026-02-01,2,128,0.20833343025005924,0.8423986007060079,0.2159225196265837
Persistence,2,3,2026-02-01,3,128,0.05468752479109995,0.35721723083030726,0.0564779781257491
Persistence,2,3,2026-02-01,4,146,1.9581431697200804,4.3495094010634485,2.843821437138533
Persistence,2,3,2026-02-01,5,70,4.526984124602738,6.1896540084745455,8.195522754060878
Persistence,2,6,2026-01-26,1,112,0.15550606715150384,0.9598448195489317,0.17089397363733208
Persistence,2,6,2026-01-26,2,98,0.32755112091047067,1.9308716409950115,0.3479824106970291
Persistence,2,6,2026-01-26,3,117,0.6049857844762364,1.820362691809408,0.6241327815102921
Persistence,2,6,2026-01-26,4,124,2.199238356896479,4.361923671576045,2.834752633854776
Persistence,2,6,2026-01-26,5,102,6.0166666355705525,8.67876047102526,13.158558282650713
Persistence,2,6,2026-01-27,1,83,2.1041764109421743e-07,4.0376092996067453e-07,4.1923697498787957e-07
Persistence,2,6,2026-01-27,2,88,0.4064394206423998,1.7227640811235714,0.42437376705677715
Persistence,2,6,2026-01-27,3,99,0.25252528197139923,1.4512272623279772,0.26351419651090796
Persistence,2,6,2026-01-27,4,139,1.8878896997725632,3.849231525821041,2.588530949580297
Persistence,2,6,2026-01-27,5,67,5.3893034326437705,7.818153148372374,10.002434245399602
Persistence,2,6,2026-01-28,1,139,0.07945654702986125,0.5691819070048603,0.08640700881502854
Persistence,2,6,2026-01-28,2,145,0.10620701834536292,0.6100061441307699,0.1092285928023389
Persistence,2,6,2026-01-28,3,145,3.541607415611687e-08,4.5878706046614594e-08,3.587439665682794e-08
Persistence,2,6,2026-01-28,4,136,1.6801878387450382,3.71680406587085,2.275667052704218
Persistence,2,6,2026-01-28,5,85,4.825686079458791,6.685193734338934,8.11182840294446
Persistence,2,6,2026-01-29,1,161,0.07115265930867172,0.2782688476672188,0.07954134142863123
Persistence,2,6,2026-01-29,2,130,0.3948718839345792,1.5036834992066863,0.4123727039216173
Persistence,2,6,2026-01-29,3,142,0.32077466203681176,1.2680072248581475,0.3310563781568022
Persistence,2,6,2026-01-29,4,143,2.7076145651263763,4.691677889143103,3.5694986659623376
Persistence,2,6,2026-01-29,5,92,5.490036233242763,7.330150702907854,9.642224900072595
Persistence,2,6,2026-01-30,1,199,9.451105457153415e-08,2.2156793422189994e-07,1.508648555232917e-07
Persistence,2,6,2026-01-30,2,195,0.2283761686841706,1.208562221166322,0.23865502281224146
Persistence,2,6,2026-01-30,3,192,0.0030382260505837553,0.03658210353860605,0.003107214964487211
Persistence,2,6,2026-01-30,4,139,2.3191845968674896,4.35119057813848,2.972648597537671
Persistence,2,6,2026-01-30,5,135,4.730329206512153,6.79900964415224,8.134274721786266
Persistence,2,6,2026-01-31,1,207,0.3117553638939059,1.3910610572181308,0.35868838907235767
Persistence,2,6,2026-01-31,2,200,0.6287500560697863,1.7962539829222148,0.6568190498463838
Persistence,2,6,2026-01-31,3,208,0.7561965965209295,1.9780599579527252,0.7795130459933757
Persistence,2,6,2026-01-31,4,193,1.989694861318335,4.001098434781923,2.7779749084757452
Persistence,2,6,2026-01-31,5,122,5.588979849235419,7.5714358530914225,10.678184155939682
Persistence,2,6,2026-02-01,1,135,0.6343211856738004,1.93901473924656,0.7321210415835642
Persistence,2,6,2026-02-01,2,150,0.1737778695944176,0.5241960247539863,0.17802782195317288
Persistence,2,6,2026-02-01,3,155,0.02032260698706092,0.11361601452608708,0.020804778415600647
Persistence,2,6,2026-02-01,4,160,1.9840278069461212,4.338392304694014,2.815337056847377
Persistence,2,6,2026-02-01,5,87,5.775031804851772,7.525075267008441,10.779343269270734
Persistence,3,1,2026-02-02,1,223,0.36621830775316544,1.7942913805625766,0.4149326637115778
Persistence,3,1,2026-02-02,2,218,0.41896045058150005,1.6933642489087988,0.4582967745776625
Persistence,3,1,2026-02-02,3,212,2.889855503575368e-07,3.19002845066754e-07,2.8939129432024956e-07
Persistence,3,1,2026-02-02,4,226,0.8274339131713057,2.5064813271014517,1.1815717560609162
Persistence,3,1,2026-02-02,5,137,2.907542735316495,4.6113336842551576,5.979454621323993
Persistence,3,1,2026-02-03,1,217,0.9554532241777711,3.7889806423361514,1.1584237559364152
Persistence,3,1,2026-02-03,2,203,0.5205256028936156,2.161070237462859,0.5619440290943019
Persistence,3,1,2026-02-03,3,206,0.4142397446248216,1.8167089778821217,0.4336902047135606
Persistence,3,1,2026-02-03,4,213,1.3012521937469381,2.8535250695635552,1.676349207670195
Persistence,3,1,2026-02-03,5,144,2.798611349274507,4.417365436206886,5.260504186367118
Persistence,3,1,2026-02-04,1,221,0.18702873324007624,1.1719873922040451,0.20707329393127183
Persistence,3,1,2026-02-04,2,220,0.43939409384097344,1.7510459261791693,0.4737033261642197
Persistence,3,1,2026-02-04,3,213,2.8654900242499636e-07,3.173014669675447e-07,2.8696653096691955e-07
Persistence,3,1,2026-02-04,4,224,0.9613097609894429,2.6736793359612925,1.2846919762733424
Persistence,3,1,2026-02-04,5,131,3.176845067884102,5.228473868151281,6.823056246502346
Persistence,3,1,2026-02-05,1,234,0.6752137700052844,3.1737437952948917,0.8170181177932458
Persistence,3,1,2026-02-05,2,221,0.2058824741580732,1.0828255777452502,0.21412108095679963
Persistence,3,1,2026-02-05,3,231,0.13852842402630164,1.0547768365167247,0.14432489536748838
Persistence,3,1,2026-02-05,4,228,1.124269250295322,2.901695124166895,1.5665081061922306
Persistence,3,1,2026-02-05,5,141,3.0957447249030015,4.932153774374629,6.202086653819147
Persistence,3,1,2026-02-06,1,223,9.926783553406176e-08,2.3397169005165804e-07,1.9867330489830524e-07
Persistence,3,1,2026-02-06,2,214,0.17757024082034129,1.2988132571855733,0.19895823622819686
Persistence,3,1,2026-02-06,3,212,0.1399374098053195,0.8524536881446428,0.14367276067836926
Persistence,3,1,2026-02-06,4,226,0.8480828800036316,2.369037821516434,1.1824754609653583
Persistence,3,1,2026-02-06,5,140,2.701190708556131,4.589649275215913,5.570680974664673
Persistence,3,1,2026-02-07,1,226,9.431783662441489e-08,2.271248260805059e-07,1.8802637335031035e-07
Persistence,3,1,2026-02-07,2,214,0.07476650273592571,0.7733891721865009,0.07870157511180281
Persistence,3,1,2026-02-07,3,230,0.05217419453491778,0.39562829616660705,0.05296872149399184
Persistence,3,1,2026-02-07,4,218,0.9311929665162529,2.2920107436755632,1.2738651893447532
Persistence,3,1,2026-02-07,5,140,2.601190800463462,3.9284019897121656,5.3946128870842704
Persistence,3,1,2026-02-08,1,219,9.382555250240703e-08,2.2526887961981688e-07,1.860528427506174e-07
Persistence,3,1,2026-02-08,2,226,0.1769912882213887,1.356726906765822,0.1887105674121913
Persistence,3,1,2026-02-08,3,230,0.3826089793967453,2.3883776741350475,0.4134660763248014
Persistence,3,1,2026-02-08,4,235,0.9645393230971168,3.076449263197232,1.2115524105778965
Persistence,3,1,2026-02-08,5,148,1.688063033094548,2.945290588458323,3.3279569067005825
Persistence,3,3,2026-02-02,1,152,0.33918137302437923,1.2913246761255512,0.3748109975871281
Persistence,3,3,2026-02-02,2,143,0.4203575853791418,1.4799882737619308,0.45045204757510293
Persistence,3,3,2026-02-02,3,133,2.844847250870723e-07,3.1585286454363355e-07,2.849122376886055e-07
Persistence,3,3,2026-02-02,4,158,1.2710974114460791,3.1572918511466233,1.7662784408849328
Persistence,3,3,2026-02-02,5,88,4.625000078528063,6.368550210237645,8.649705697980563
Persistence,3,3,2026-02-03,1,155,0.8616487975901713,2.854691257279453,1.0113897856593803
Persistence,3,3,2026-02-03,2,138,0.3023351017076728,1.3935109190257935,0.3245080293935358
Persistence,3,3,2026-02-03,3,120,0.20000024946572795,0.8231788132134404,0.2034685548215078
Persistence,3,3,2026-02-03,4,148,1.532657850634874,2.9160337626060246,1.993528892649402
Persistence,3,3,2026-02-03,5,111,4.087587702000798,5.944518012851204,7.901232238918626
Persistence,3,3,2026-02-04,1,151,0.22222227342317144,1.111773097800025,0.24366520038190304
Persistence,3,3,2026-02-04,2,159,0.5552062853867155,1.6241073014584608,0.5942597833626585
Persistence,3,3,2026-02-04,3,134,2.7614622304914083e-07,3.099324321055342e-07,2.766140655520274e-07
Persistence,3,3,2026-02-04,4,162,1.4146092827559542,3.155761120106042,1.8931885750956008
Persistence,3,3,2026-02-04,5,79,4.486638805103994,7.052434608132353,9.813549666230827
Persistence,3,3,2026-02-05,1,189,0.6640212521775318,2.6232410101822397,0.782938942330159
Persistence,3,3,2026-02-05,2,156,0.13247871569524777,0.6247505999163384,0.13584907283524947
Persistence,3,3,2026-02-05,3,173,0.028902012889897105,0.2688017053773136,0.02926785807829446
Persistence,3,3,2026-02-05,4,173,1.5969815833616894,3.2196493839563223,2.197418766885247
Persistence,3,3,2026-02-05,5,109,4.9617736804098,6.84784374703376,9.725500186963277
Persistence,3,3,2026-02-06,1,148,1.1659022845065379e-07,2.593773225787032e-07,2.3851738061063433e-07
Persistence,3,3,2026-02-06,2,139,0.27338144247969715,1.315832379698713,0.3010618578448888
Persistence,3,3,2026-02-06,3,138,0.13285055863933853,0.6150511459369651,0.13477470427972071
Persistence,3,3,2026-02-06,4,152,0.8976611405950224,2.5577714158560165,1.2457054664578024
Persistence,3,3,2026-02-06,5,86,4.497416111901964,6.642246358238784,8.571257460159053
Persistence,3,3,2026-02-07,1,163,9.261642331314599e-08,2.2594570783942434e-07,1.8532547673047685e-07
Persistence,3,3,2026-02-07,2,150,0.017777931156122407,0.21773239448885115,0.018202657239548135
Persistence,3,3,2026-02-07,3,182,0.18315045875890126,0.8700694550226078,0.18702955910870878
Persistence,3,3,2026-02-07,4,160,1.5954863786368043,3.2514212622919594,2.1314340007470727
Persistence,3,3,2026-02-07,5,99,3.884399608779913,5.5455802970494315,7.487230269692226
Persistence,3,3,2026-02-08,1,146,8.752106040204014e-08,2.1398126778308265e-07,1.7086181673023622e-07
Persistence,3,3,2026-02-08,2,162,0.24691369194675547,1.3084089825496774,0.25855899356440315
Persistence,3,3,2026-02-08,3,174,0.33716503373478357,2.0467087222419584,0.3597077706996701
Persistence,3,3,2026-02-08,4,182,0.9297927580351012,2.8187878871763066,1.1836807914575236
Persistence,3,3,2026-02-08,5,115,2.238647289944365,3.5516451195386103,4.056577322652584
Persistence,3,6,2026-02-02,1,208,0.32948724600197965,1.2625748299842665,0.36661528991011827
Persistence,3,6,2026-02-02,2,177,0.3531075079394213,1.2727519661219053,0.3748893687363257
Persistence,3,6,2026-02-02,3,184,2.8768731582480855e-07,3.180974542337013e-07,2.8809933881346633e-07
Persistence,3,6,2026-02-02,4,207,1.5107625584208817,3.410685604283515,2.0571526431722487
Persistence,3,6,2026-02-02,5,118,5.7629943357931595,7.484430217982297,10.84461423372563
Persistence,3,6,2026-02-03,1,205,0.8043903087986071,2.7093943092666675,0.9427166561899968
Persistence,3,6,2026-02-03,2,164,0.39539309796017397,1.5948403548823888,0.42206780827221985
Persistence,3,6,2026-02-03,3,175,0.26419074996846265,1.25902038926027,0.2740186867746739
Persistence,3,6,2026-02-03,4,191,1.6900816402663525,3.338237332177449,2.1983384810248903
Persistence,3,6,2026-02-03,5,134,5.865982552001076,7.755824763162255,11.148907046419819
Persistence,3,6,2026-02-04,1,195,0.19424505466021735,0.8824964681897414,0.21120733713029277
Persistence,3,6,2026-02-04,2,188,0.4045509577146417,1.2492658654535669,0.4308769267026654
Persistence,3,6,2026-02-04,3,173,2.8227067969844074e-07,3.142917418337568e-07,2.8270890072598485e-07
Persistence,3,6,2026-02-04,4,196,1.8255387691638483,3.724167773439355,2.445126867372676
Persistence,3,6,2026-02-04,5,93,6.648566250673042,9.14187419269203,13.084060474311872
Persistence,3,6,2026-02-05,1,229,0.7912664654983322,2.6947912038222106,0.9263161600921976
Persistence,3,6,2026-02-05,2,202,0.15647696093137028,0.6596419167707082,0.1603283770149394
Persistence,3,6,2026-02-05,3,226,0.07831886765155487,0.561544208267298,0.07994650080667709
Persistence,3,6,2026-02-05,4,205,1.7434690541158737,3.6518709956029474,2.3553815022490316
Persistence,3,6,2026-02-05,5,128,5.887499967286882,8.068442228616377,11.421439543335946
Persistence,3,6,2026-02-06,1,195,1.169892602075169e-07,2.6084462859656356e-07,2.402610696194453e-07
Persistence,3,6,2026-02-06,2,183,0.15054660094096217,0.8098859763522315,0.1640242860086563
Persistence,3,6,2026-02-06,3,176,0.14829576976408318,0.5996168536009457,0.1501255597444398
Persistence,3,6,2026-02-06,4,201,1.2786072577427468,3.1758170252257165,1.7711954122329954
Persistence,3,6,2026-02-06,5,121,5.566666602983867,7.465740762864689,10.592497201636734
Persistence,3,6,2026-02-07,1,211,1.0170913854368138e-07,2.402614203173952e-07,2.06405267997816e-07
Persistence,3,6,2026-02-07,2,183,0.0684882997833148,0.6224303405295589,0.07123314935891903
Persistence,3,6,2026-02-07,3,224,0.18139909125885037,0.6360492609405477,0.18355481825934944
Persistence,3,6,2026-02-07,4,207,1.7830920335857832,3.6517450473280952,2.394912625098417
Persistence,3,6,2026-02-07,5,126,5.756261104527098,7.6443434461168795,10.5551391987111
Persistence,3,6,2026-02-08,1,162,8.148280035887485e-08,2.0337551006262568e-07,1.568731738617668e-07
Persistence,3,6,2026-02-08,2,176,0.09772737544596465,0.41596903511801125,0.09960541050877919
Persistence,3,6,2026-02-08,3,175,0.2933336080126102,1.9628291755503036,0.3141384093635044
Persistence,3,6,2026-02-08,4,177,1.1599186771416812,3.1728233480832837,1.5320758454383858
Persistence,3,6,2026-02-08,5,118,3.426153625512072,4.992132765048395,6.099143769420451
Persistence,4,1,2026-02-09,1,228,0.5847955137508638,2.02854866872939,0.6780315967429729
Persistence,4,1,2026-02-09,2,221,0.09049788420107661,0.6726727812103721,0.09890478335945006
Persistence,4,1,2026-02-09,3,236,1.1499407449618803e-07,1.3105576364231701e-07,1.1628850530236904e-07
Persistence,4,1,2026-02-09,4,237,0.7426161650781191,2.140680596223039,1.0540960957629404
Persistence,4,1,2026-02-09,5,153,2.5860567938919683,4.267941324848665,5.283697883922088
Persistence,4,1,2026-02-10,1,175,2.296117665017456e-07,5.333479670050734e-07,4.570560926630504e-07
Persistence,4,1,2026-02-10,2,175,0.09714300900271546,1.2850792134122089,0.10734033116974154
Persistence,4,1,2026-02-10,3,181,1.1237881349615794e-07,1.281848289031203e-07,1.1359115255166778e-07
Persistence,4,1,2026-02-10,4,170,0.7921570503277053,2.608432862435616,1.1200385617844768
Persistence,4,1,2026-02-10,5,117,2.8860401389449732,5.458946254414224,6.126879741521996
Persistence,4,1,2026-02-11,1,147,0.09523829082644049,0.816496572194805,0.10523584143904458
Persistence,4,1,2026-02-11,2,160,0.10625014866213292,1.3439680000779084,0.11740346917294868
Persistence,4,1,2026-02-11,3,147,1.0825743895581588e-07,1.2352518335841862e-07,1.0934041010074842e-07
Persistence,4,1,2026-02-11,4,151,0.9337748567455083,2.8069476308606025,1.29970612541821
Persistence,4,1,2026-02-11,5,93,3.9157706105885253,6.70564300936935,8.609597696195905
Persistence,4,1,2026-02-12,1,164,0.48170752757748714,2.181546795596614,0.5663151897696871
Persistence,4,1,2026-02-12,2,157,0.26751606399429856,1.3753980295179076,0.2796382222941682
Persistence,4,1,2026-02-12,3,156,0.06410266918970965,0.4003203560314912,0.06491409514250977
Persistence,4,1,2026-02-12,4,155,1.2365592482928272,3.3313973626754922,1.740539020497021
Persistence,4,1,2026-02-12,5,101,3.4059406278917335,5.584139715243478,7.551256010396566
Persistence,4,1,2026-02-13,1,192,1.1197918457221936,5.173802157513668,1.499310699643191
Persistence,4,1,2026-02-13,2,179,1.441340921898061,6.514701872549251,1.7264582888268913
Persistence,4,1,2026-02-13,3,176,2.329545555743174,8.493312861666395,2.7780568922325646
Persistence,4,1,2026-02-13,4,175,2.7771428972974856,7.849294803152715,3.3981678736611345
Persistence,4,1,2026-02-13,5,116,3.4741380820549175,5.807990994356926,6.419576417145129
Persistence,4,1,2026-02-14,1,240,0.8250002206757538,3.063411630406286,0.9921871740233448
Persistence,4,1,2026-02-14,2,244,0.24043728363965824,1.5101356853758103,0.2586286385456305
Persistence,4,1,2026-02-14,3,250,0.04266678717006044,0.47702795986207464,0.04475536721566267
Persistence,4,1,2026-02-14,4,241,0.6756571151150147,1.8710289941545108,0.9477833538916196
Persistence,4,1,2026-02-14,5,157,2.3450106239118145,4.034770015265579,4.393817214977534
Persistence,4,1,2026-02-15,1,230,0.44347844361280736,1.9434019029055218,0.5172278775513611
Persistence,4,1,2026-02-15,2,227,1.1380324694756832,3.7826730433545883,1.233261248280841
Persistence,4,1,2026-02-15,3,231,2.5050506954636744,6.1614873939955475,2.7346062021822304
Persistence,4,1,2026-02-15,4,226,3.268436659001333,6.056295257838082,4.140975845564328
Persistence,4,1,2026-02-15,5,149,3.978747145543154,6.198869856324394,7.830422723462377
Persistence,4,3,2026-02-09,1,172,0.7848839939627382,2.061605108275739,0.901499512702107
Persistence,4,3,2026-02-09,2,155,0.07526895602505534,0.4826747290932798,0.08142024691537791
Persistence,4,3,2026-02-09,3,189,1.2524895032463722e-07,1.417532793391239e-07,1.2686527661645545e-07
Persistence,4,3,2026-02-09,4,185,0.9519521592004687,2.38924867372916,1.3373995608948381
Persistence,4,3,2026-02-09,5,123,4.2172538348637945,6.15254705260821,8.087901062229252
Persistence,4,3,2026-02-10,1,106,2.70705117626041e-07,6.01088620357681e-07,5.610610768013831e-07
Persistence,4,3,2026-02-10,2,101,0.11221137088008622,0.7974105603386833,0.11668426787948345
Persistence,4,3,2026-02-10,3,105,1.1553063467588453e-07,1.3163703852075322e-07,1.1684190784100839e-07
Persistence,4,3,2026-02-10,4,93,1.2532857818432757,3.2817900128177286,1.761322641969129
Persistence,4,3,2026-02-10,5,69,4.942834141641884,8.041088461867059,10.374631567313184
Persistence,4,3,2026-02-11,1,78,0.0598293240237739,0.3736323289016441,0.06444836638282848
Persistence,4,3,2026-02-11,2,89,0.19101138447702273,1.8019963886449002,0.21106229321458048
Persistence,4,3,2026-02-11,3,79,9.978266692237009e-08,1.1334320405895328e-07,1.005996191602962e-07
Persistence,4,3,2026-02-11,4,82,1.2249323633047484,3.1163213185983345,1.6281894818311473
Persistence,4,3,2026-02-11,5,50,6.099999844465629,9.154907701601946,12.327085383673857
Persistence,4,3,2026-02-12,1,81,0.4814816463420351,1.7696574050152076,0.5552315895552842
Persistence,4,3,2026-02-12,2,59,0.42090407905190974,1.528603610367681,0.43685659226815704
Persistence,4,3,2026-02-12,3,61,0.06830610098214711,0.35387520336986217,0.06893920122076319
Persistence,4,3,2026-02-12,4,56,1.5089286649314928,3.867151685663816,2.2239341240419264
Persistence,4,3,2026-02-12,5,44,5.25126252971397,7.50644573283991,11.739456660971722
Persistence,4,3,2026-02-13,1,110,0.7954546691318859,3.144780727024913,1.015740886591574
Persistence,4,3,2026-02-13,2,93,0.3637994268310683,1.6613715263753144,0.38439535412595005
Persistence,4,3,2026-02-13,3,85,2.080392243151558,6.837731660528779,2.357790838388769
Persistence,4,3,2026-02-13,4,75,2.706666709191393,4.921156148858001,3.2297481337712886
Persistence,4,3,2026-02-13,5,61,4.572859896355088,6.489911840220985,8.233709925897164
Persistence,4,3,2026-02-14,1,198,1.019641070172067,3.0341204251649185,1.205257594999822
Persistence,4,3,2026-02-14,2,211,0.19062677639942527,1.1749934355678,0.20375852712721695
Persistence,4,3,2026-02-14,3,221,0.02413284160575342,0.20712952786519526,0.02485075009204874
Persistence,4,3,2026-02-14,4,204,0.9788944697357124,2.5140921349954324,1.3742269062013355
Persistence,4,3,2026-02-14,5,135,3.4621398056906187,5.1475618415254125,6.134890526582901
Persistence,4,3,2026-02-15,1,172,0.3940570682465189,1.4888810734291464,0.45208435559040644
Persistence,4,3,2026-02-15,2,165,1.0457914122384022,2.839410636246232,1.1119654210093144
Persistence,4,3,2026-02-15,3,176,2.235164296045031,4.566645996408307,2.3872188378213504
Persistence,4,3,2026-02-15,4,173,3.477841982858697,5.889067527276464,4.554941122557613
Persistence,4,3,2026-02-15,5,115,5.466666705482652,7.625053238899522,10.28533107729271
Persistence,4,6,2026-02-09,1,202,0.8599287482648807,2.135385959766364,0.9855538318191094
Persistence,4,6,2026-02-09,2,195,0.10427363539387376,0.5536720025589439,0.11270516465251464
Persistence,4,6,2026-02-09,3,225,1.1761934729292988e-07,1.3387578275880523e-07,1.1899618411513432e-07
Persistence,4,6,2026-02-09,4,229,1.4210094125020136,3.365493027544767,1.9788434496718734
Persistence,4,6,2026-02-09,5,157,5.748372308233589,7.735002868506266,11.170153984064541
Persistence,4,6,2026-02-10,1,106,2.817961717053824e-07,6.02990435250302e-07,5.727999392604502e-07
Persistence,4,6,2026-02-10,2,122,0.0836067069340897,0.5331625517064125,0.08592673003150193
Persistence,4,6,2026-02-10,3,112,1.1414359895362785e-07,1.3012909360007002e-07,1.1541133375272163e-07
Persistence,4,6,2026-02-10,4,98,1.9396826938219218,4.303650013616312,2.7034052152042536
Persistence,4,6,2026-02-10,5,85,7.512222034668004,10.491112188873885,14.9464323394671
Persistence,4,6,2026-02-11,1,83,0.17991988150977517,0.8471228398172072,0.19559945250191949
Persistence,4,6,2026-02-11,2,94,1.5193705002410694e-07,1.636447001117994e-07,1.5798248311671081e-07
Persistence,4,6,2026-02-11,3,83,9.52254540387945e-08,1.0746985446636587e-07,9.589935761588347e-08
Persistence,4,6,2026-02-11,4,82,2.561314431434959,4.765156777928578,3.365886838682386
Persistence,4,6,2026-02-11,5,56,9.240575076672794,11.855328860130022,18.752965762585827
Persistence,4,6,2026-02-12,1,75,0.462000135657489,1.696860963719759,0.5320255370041478
Persistence,4,6,2026-02-12,2,59,0.44802271891506673,1.4649900637359472,0.46371952916716236
Persistence,4,6,2026-02-12,3,72,0.07638898158355308,0.32808362220780424,0.07693293215164326
Persistence,4,6,2026-02-12,4,62,1.8430108173994055,4.4653345725647595,2.6236877319983583
Persistence,4,6,2026-02-12,5,49,5.912471709741518,7.81077922873189,12.020757917784145
Persistence,4,6,2026-02-13,1,159,0.8829141562435678,3.6628884894641573,1.1576874618635302
Persistence,4,6,2026-02-13,2,115,1.0200001220315862,4.725223607943846,1.166216276709532
Persistence,4,6,2026-02-13,3,106,1.5209120367072235,5.063699325185502,1.6781688092527784
Persistence,4,6,2026-02-13,4,112,3.944345272189959,6.593631617147772,4.849096369045492
Persistence,4,6,2026-02-13,5,84,6.6355820248572215,8.170573206117282,12.670355686970165
Persistence,4,6,2026-02-14,1,235,1.1272342696454567,2.8809475988368467,1.311847491161892
Persistence,4,6,2026-02-14,2,251,0.22169113337426732,1.1006894643352556,0.23514623014085445
Persistence,4,6,2026-02-14,3,248,0.04587825652839374,0.3733881083351572,0.04755775952672057
Persistence,4,6,2026-02-14,4,238,1.4779529614315918,3.37253667600203,2.0210298288551294
Persistence,4,6,2026-02-14,5,155,4.89234782296826,6.698224749488729,8.575320469888299
Persistence,4,6,2026-02-15,1,175,0.5904128802466811,1.7207758005616145,0.6750819882677083
Persistence,4,6,2026-02-15,2,178,1.0605806690765351,2.642899922427561,1.1194906569942016
Persistence,4,6,2026-02-15,3,182,1.8765874237901174,3.3899088362793846,1.9545950510690044
Persistence,4,6,2026-02-15,4,169,4.147764624744299,6.089186957883035,5.3777229886126
Persistence,4,6,2026-02-15,5,117,7.4021366568409706,9.041267587153508,13.534615503061806
Persistence,5,1,2026-02-16,1,245,1.5080865520006654e-07,4.1190926235043093e-07,3.203442762569929e-07
Persistence,5,1,2026-02-16,2,242,0.16942166397011213,1.3213128866558401,0.19069138692152635
Persistence,5,1,2026-02-16,3,244,0.06489108756407097,0.419864757288751,0.06578502168408375
Persistence,5,1,2026-02-16,4,242,0.7534438381307991,2.092363306412249,1.047671147887877
Persistence,5,1,2026-02-16,5,153,2.446623155714441,4.154243518340661,5.044755011412602
Persistence,5,1,2026-02-17,1,7,2.4368668099279082e-08,2.722638112258197e-08,2.6866621112130317e-08
Persistence,5,1,2026-02-17,2,9,1.7556888249398779e-07,2.5504443052610393e-07,1.783782297885842e-07
Persistence,5,1,2026-02-17,3,8,3.9223840531121823e-07,3.923328203240339e-07,3.941635638742125e-07
Persistence,5,1,2026-02-17,4,6,0.04166689140467147,0.10206196901426946,0.05350476082132202
Persistence,5,1,2026-02-17,5,5,3.099999856702547,4.596495966051783,6.130713256059388
Persistence,5,1,2026-02-18,1,186,1.3350513251181485e-07,3.8194459829019173e-07,2.7956414440208563e-07
Persistence,5,1,2026-02-18,2,161,2.385093301689008,5.474389843573655,2.5809025844206857
Persistence,5,1,2026-02-18,3,186,2.9516132073999994,5.884872210851658,3.1757797103312186
Persistence,5,1,2026-02-18,4,172,1.3594964170476849,3.472785458792604,1.8999866357721806
Persistence,5,1,2026-02-18,5,107,3.266355193536848,5.1000631202581115,5.9984429233159995
Persistence,5,1,2026-02-19,1,174,1.4101163994327776e-07,3.948296439377023e-07,2.969687744699384e-07
Persistence,5,1,2026-02-19,2,171,0.46198849582632057,1.9398860764069565,0.4867101802636401
Persistence,5,1,2026-02-19,3,187,0.38235332884217377,1.8625927006575569,0.4005373428486226
Persistence,5,1,2026-02-19,4,170,1.0470590991199755,2.7859943965490213,1.438549047307764
Persistence,5,1,2026-02-19,5,121,3.0371902725598634,5.379598794173596,6.148550775402349
Persistence,5,1,2026-02-20,1,180,1.5856451014428784e-07,4.250460062328138e-07,3.389296472440461e-07
Persistence,5,1,2026-02-20,2,177,0.1563090350038666,1.0666726137272773,0.1635221100463166
Persistence,5,1,2026-02-20,3,184,0.19293516574249497,1.3099742754629997,0.20191563636662496
Persistence,5,1,2026-02-20,4,199,0.8592967816315966,2.4317025376593224,1.1867736067002101
Persistence,5,1,2026-02-20,5,120,3.023611173875944,5.223455809194328,6.128677199624744
Persistence,5,1,2026-02-21,1,226,1.4375679401648117e-07,3.9999193794860274e-07,3.03741993819011e-07
Persistence,5,1,2026-02-21,2,235,0.17304983976817723,1.3561872140854212,0.18473645745618542
Persistence,5,1,2026-02-21,3,238,0.36974828589426983,2.3478937768198085,0.39956817148421575
Persistence,5,1,2026-02-21,4,241,0.9432921519505583,3.0391256458520397,1.1858156801239097
Persistence,5,1,2026-02-21,5,153,1.740740706810603,3.0637145902486433,3.441238191376018
Persistence,5,1,2026-02-22,1,180,1.3692880311092873e-07,3.882138589472568e-07,2.8774511115395154e-07
Persistence,5,1,2026-02-22,2,152,2.450658031530817,5.521638061976419,2.6529285307361157
Persistence,5,1,2026-02-22,3,179,3.022346670584647,5.9710662163677215,3.254618500460709
Persistence,5,1,2026-02-22,4,165,1.4393942209535322,3.5973474714619713,2.0098322650357754
Persistence,5,1,2026-02-22,5,101,3.2425743194934733,4.95049752107333,5.929844712119284
Persistence,5,3,2026-02-16,1,209,1.5944978478660993e-07,4.2607039577711144e-07,3.406978310593167e-07
Persistence,5,3,2026-02-16,2,202,0.10148531886141673,0.5904213426327704,0.10997260632220107
Persistence,5,3,2026-02-16,3,209,0.07575795053652881,0.37041243115899963,0.07645207892413178
Persistence,5,3,2026-02-16,4,203,0.8992887814250214,2.4170112846914447,1.224829345108176
Persistence,5,3,2026-02-16,5,125,3.348444268730301,5.441660836223812,6.845475743922469
Persistence,5,3,2026-02-17,1,5,2.5069724074455735e-08,2.780262635771351e-08,2.7659550646746077e-08
Persistence,5,3,2026-02-17,2,3,1.326754196876815e-07,2.180160156526873e-07,1.3568261979644923e-07
Persistence,5,3,2026-02-17,3,6,3.9058204492903315e-07,3.906944161001623e-07,3.93148923282602e-07
Persistence,5,3,2026-02-17,4,3,0.08333351354747265,0.14433742078211786,0.10700925177301805
Persistence,5,3,2026-02-17,5,1,1.3370637930165685e-08,1.3370637930165685e-08,1.5193906739115626e-08
Persistence,5,3,2026-02-18,1,82,9.172518545250479e-08,2.9764783120396716e-07,1.8123597589403834e-07
Persistence,5,3,2026-02-18,2,63,2.69576729488877,4.622094373724872,2.8642895647193396
Persistence,5,3,2026-02-18,3,88,3.3390154095553104,5.601930867261203,3.548744369729063
Persistence,5,3,2026-02-18,4,75,1.664444737498094,3.919230769897495,2.2774222580617467
Persistence,5,3,2026-02-18,5,42,5.3095238596461805,6.834204386443255,9.151897072202663
Persistence,5,3,2026-02-19,1,64,1.1001196598137142e-07,3.365607625152698e-07,2.239089854877477e-07
Persistence,5,3,2026-02-19,2,75,0.5711113068930039,1.814244060211244,0.5962023993038208
Persistence,5,3,2026-02-19,3,98,0.39795957121889003,1.2265950497045128,0.4056631961566583
Persistence,5,3,2026-02-19,4,72,1.0138891705097128,2.74367961717611,1.3940551400481578
Persistence,5,3,2026-02-19,5,66,3.9469698708342715,6.406311461751425,7.588233233410591
Persistence,5,3,2026-02-20,1,84,1.6754484935940388e-07,4.398731286592553e-07,3.6053548969085386e-07
Persistence,5,3,2026-02-20,2,81,0.27572037441389463,1.4612039339481462,0.2882591620268887
Persistence,5,3,2026-02-20,3,89,0.3707869006550186,1.6069838650498174,0.3841905579214796
Persistence,5,3,2026-02-20,4,128,1.5776912411762658,3.2749701589095275,2.09187869088136
Persistence,5,3,2026-02-20,5,57,4.933723218617766,7.6243642386477966,9.819956268089342
Persistence,5,3,2026-02-21,1,161,1.2554432573171925e-07,3.67283873175101e-07,2.60765313425814e-07
Persistence,5,3,2026-02-21,2,176,0.23106080427666711,1.279533405376262,0.24215758789919295
Persistence,5,3,2026-02-21,3,193,0.3039727518830804,1.9433544261482496,0.3242962577109709
Persistence,5,3,2026-02-21,4,196,0.9308393340536358,2.8178796805602953,1.1922586132762092
Persistence,5,3,2026-02-21,5,123,2.4092139897632334,3.8268718685420273,4.382350288338629
Persistence,5,3,2026-02-22,1,77,9.573480035846665e-08,3.0705454884039477e-07,1.9084804852423198e-07
Persistence,5,3,2026-02-22,2,52,2.78846163363305,4.551932027128097,2.9643933474586124
Persistence,5,3,2026-02-22,3,78,3.1068378667229095,5.2836899428996835,3.3006608030318487
Persistence,5,3,2026-02-22,4,66,1.8156568639700732,4.141489536703637,2.4981914994930907
Persistence,5,3,2026-02-22,5,34,5.044117675805426,6.677381117126571,9.050246873965959
Persistence,5,6,2026-02-16,1,198,1.534227602874263e-07,4.164218735854323e-07,3.2663807845163075e-07
Persistence,5,6,2026-02-16,2,196,0.07321446450486832,0.36459487555909337,0.07864735232522006
Persistence,5,6,2026-02-16,3,199,0.07956486316364371,0.35508815108460584,0.08020317666201422
Persistence,5,6,2026-02-16,4,194,1.2667959195279308,2.9928920065514357,1.7066054903860362
Persistence,5,6,2026-02-16,5,123,4.528522989034954,7.026061022769387,8.79316672957506
Persistence,5,6,2026-02-17,1,11,2.5961977133771474e-08,2.8519194817169617e-08,2.866873369080251e-08
Persistence,5,6,2026-02-17,2,5,2.305377165612299e-07,2.923527187087166e-07,2.3542229129775662e-07
Persistence,5,6,2026-02-17,3,6,3.87269324164663e-07,3.873968204680041e-07,3.9111964209938094e-07
Persistence,5,6,2026-02-17,4,5,3.972074864577735e-07,3.972074864577735e-07,3.972074856490441e-07
Persistence,5,6,2026-02-17,5,1,7.166666749213164,7.166666749213164,14.502529688648302
Persistence,5,6,2026-02-18,1,97,9.539078757590931e-08,3.058899111602323e-07,1.898151686640374e-07
Persistence,5,6,2026-02-18,2,60,2.816111163222337,4.510994777223658,2.992722178309005
Persistence,5,6,2026-02-18,3,106,2.711320970542222,4.594326499769094,2.8670859622123324
Persistence,5,6,2026-02-18,4,91,2.403480076891918,5.015188345965229,3.2338417597299705
Persistence,5,6,2026-02-18,5,51,8.393790944726817,9.813636372866657,14.445096154965176
Persistence,5,6,2026-02-19,1,87,7.428939327304572e-08,2.5089551820249826e-07,1.3859870615087867e-07
Persistence,5,6,2026-02-19,2,91,0.4562273152206238,1.1583284411358388,0.46776888085391616
Persistence,5,6,2026-02-19,3,121,0.32809956260719686,0.9516986128293812,0.3327376815219757
Persistence,5,6,2026-02-19,4,87,1.515517477711987,3.6523776497094222,2.0397302598915026
Persistence,5,6,2026-02-19,5,83,5.579317379155449,7.713231126422921,10.623570558341504
Persistence,5,6,2026-02-20,1,94,2.090201920954643e-07,4.995280520890687e-07,4.573816895239378e-07
Persistence,5,6,2026-02-20,2,108,0.34475330220374506,1.5950639162830451,0.36032481552486967
Persistence,5,6,2026-02-20,3,117,0.43589781802461597,1.6222983715708557,0.44958730664889157
Persistence,5,6,2026-02-20,4,166,2.0441434724692495,3.8555957023137113,2.701647533960158
Persistence,5,6,2026-02-20,5,79,6.028059057515994,8.417240618592146,11.064115733926252
Persistence,5,6,2026-02-21,1,206,1.0993735647832968e-07,3.381193644764083e-07,2.2479717597396028e-07
Persistence,5,6,2026-02-21,2,209,0.19712937659496704,1.10174749271461,0.20563415252216766
Persistence,5,6,2026-02-21,3,221,0.2322779125040495,1.7466480213977176,0.24875230487713712
Persistence,5,6,2026-02-21,4,219,1.144977481097025,3.1047374133045382,1.5313176229783776
Persistence,5,6,2026-02-21,5,144,4.056886441443472,5.679689757841858,7.497930390504621
Persistence,5,6,2026-02-22,1,84,1.056311746643652e-07,3.284825746924592e-07,2.141838289028395e-07
Persistence,5,6,2026-02-22,2,43,2.6275194120623833,4.136324355321228,2.786759522638836
Persistence,5,6,2026-02-22,3,82,2.242073392839244,3.712177424608671,2.3583979073909203
Persistence,5,6,2026-02-22,4,73,2.740639484335236,5.471940192182499,3.7255340480998917
Persistence,5,6,2026-02-22,5,32,7.468229107326117,9.021684378961664,13.073400243495579
Persistence,6,1,2026-02-23,1,224,0.3794644272125323,1.8459387893329156,0.4301454317456082
Persistence,6,1,2026-02-23,2,216,0.42901256376738695,1.7394598354766149,0.4693562368078773
Persistence,6,1,2026-02-23,3,214,0.06074781944951199,0.8886617023448745,0.06497092149684985
Persistence,6,1,2026-02-23,4,225,0.8518518587980819,2.5806975509182872,1.2201438119232197
Persistence,6,1,2026-02-23,5,137,2.993917196459067,4.7245067313957065,6.246038550837278
Persistence,6,1,2026-02-24,1,198,0.09932674708727289,0.5181877510669232,0.11204777981512107
Persistence,6,1,2026-02-24,2,192,0.4131946267905671,1.966884427916049,0.4383336965338616
Persistence,6,1,2026-02-24,3,200,0.5933334719369349,2.5933676133345527,0.6325013928388049
Persistence,6,1,2026-02-24,4,196,1.279761923635068,3.120932680045395,1.668440193626693
Persistence,6,1,2026-02-24,5,125,3.0520000575528283,4.865045371086268,6.035602613033338
Persistence,6,1,2026-02-25,1,248,1.4331563829590587e-07,3.166556761401519e-07,2.739530666607573e-07
Persistence,6,1,2026-02-25,2,250,0.7686668401728491,2.412479137242505,0.8082420933850607
Persistence,6,1,2026-02-25,3,252,0.914682671872354,2.7823077087631343,0.9595967923917658
Persistence,6,1,2026-02-25,4,252,1.0238096068618612,2.588278200275409,1.2174114516212153
Persistence,6,1,2026-02-25,5,157,1.989915249015743,3.4903376329936893,3.671926789382988
Persistence,6,1,2026-02-26,1,260,0.38461552131463367,1.497683406730085,0.4359232120600907
Persistence,6,1,2026-02-26,2,259,0.6628058404941443,3.3338561031044667,0.7408268867408035
Persistence,6,1,2026-02-26,3,263,1.1286439934696475,4.253065000386236,1.228877436630675
Persistence,6,1,2026-02-26,4,255,1.9183006874631459,4.0112721903026145,2.393444100234464
Persistence,6,1,2026-02-26,5,162,2.6949589977459985,4.193907876551195,4.90369146358493
Persistence,6,1,2026-02-27,1,257,0.1251622745023433,0.8260054646282399,0.13712971116802963
Persistence,6,1,2026-02-27,2,259,0.29794101731825273,1.2462084792188393,0.3164700802477822
Persistence,6,1,2026-02-27,3,258,0.527777938390471,2.66534413822412,0.5686216077648417
Persistence,6,1,2026-02-27,4,262,2.384223995195774,5.566255033995872,2.919691384966813
Persistence,6,1,2026-02-27,5,167,2.4940119574116615,3.7216994748504564,4.837739918193939
Persistence,6,1,2026-02-28,1,246,0.02642290391592432,0.29304263436491423,0.0298987260810257
Persistence,6,1,2026-02-28,2,252,0.38227532646139095,1.5534638497469906,0.4010539598282156
Persistence,6,1,2026-02-28,3,246,0.2100272623041919,1.3615743007269245,0.22312089493156412
Persistence,6,1,2026-02-28,4,248,0.6041667461761502,1.6315520553431704,0.8180682520801594
Persistence,6,1,2026-02-28,5,156,1.724358992232693,2.8250254030043056,3.1272557768486844
Persistence,6,3,2026-02-23,1,154,0.3513710133697919,1.3504938477944635,0.3886735138598798
Persistence,6,3,2026-02-23,2,146,0.4299849338118468,1.544125223494532,0.4611623396346838
Persistence,6,3,2026-02-23,3,135,0.09629645805372415,1.118861852061834,0.10299085554794395
Persistence,6,3,2026-02-23,4,157,1.2285917059700882,3.1082853707318607,1.7095908838215694
Persistence,6,3,2026-02-23,5,88,4.719696746139555,6.456699644815991,8.926208890250157
Persistence,6,3,2026-02-24,1,126,0.11904778268656063,0.4162697043492242,0.13335636024627318
Persistence,6,3,2026-02-24,2,93,0.45280783737267016,1.6237403623391278,0.47239327849870466
Persistence,6,3,2026-02-24,3,117,0.684235623873467,2.1432981371908246,0.710672687051551
Persistence,6,3,2026-02-24,4,103,2.355717348721527,4.209179896454703,3.0608804146984716
Persistence,6,3,2026-02-24,5,67,4.201907198643268,6.236912798135952,7.976226897871142
Persistence,6,3,2026-02-25,1,225,1.4435146037309702e-07,3.177158229409394e-07,2.7575188558655065e-07
Persistence,6,3,2026-02-25,2,235,0.5878252230197215,1.7431702265564615,0.6102693396134313
Persistence,6,3,2026-02-25,3,236,0.8345104645259994,2.286451024930102,0.8642291949004762
Persistence,6,3,2026-02-25,4,232,1.1556513872111558,2.537123187877626,1.4024824773700202
Persistence,6,3,2026-02-25,5,139,2.522382193235362,4.030143993120383,4.499682141074299
Persistence,6,3,2026-02-26,1,252,0.3968255255478478,1.2421121035764087,0.44488200930543376
Persistence,6,3,2026-02-26,2,247,0.6176340187481053,2.516594096736214,0.6625607687519979
Persistence,6,3,2026-02-26,3,261,1.1587911292579256,3.534709409770719,1.2300808344087004
Persistence,6,3,2026-02-26,4,237,2.627051131886079,4.451415642001381,3.3410655766608937
Persistence,6,3,2026-02-26,5,152,4.251096608024007,5.633759716730209,7.635795455130926
Persistence,6,3,2026-02-27,1,242,0.13292025206013947,0.6950182173069437,0.1442071916684797
Persistence,6,3,2026-02-27,2,251,0.31053585569800196,1.0857612512675539,0.32737429179872946
Persistence,6,3,2026-02-27,3,246,0.5451672745969403,2.1342543116899715,0.5748057443760474
Persistence,6,3,2026-02-27,4,257,2.752594038983153,4.900727298676375,3.4557083962243738
Persistence,6,3,2026-02-27,5,165,4.043434345711706,5.303091789166532,7.6817158466601665
Persistence,6,3,2026-02-28,1,213,0.030516566778960114,0.2571360300195621,0.03432178887065334
Persistence,6,3,2026-02-28,2,228,0.41045342358533854,1.355768812635385,0.42661604445021284
Persistence,6,3,2026-02-28,3,211,0.23328084348577505,1.1885348399382394,0.2444465428349057
Persistence,6,3,2026-02-28,4,219,0.9037291416103916,2.1574340202501703,1.216618704450274
Persistence,6,3,2026-02-28,5,132,3.0202020126717253,4.386629220159781,5.387834776847221
Persistence,6,6,2026-02-23,1,206,0.3731932499312851,1.4027824281196477,0.41553457400008365
Persistence,6,6,2026-02-23,2,184,0.24637696946727014,0.9984448639112155,0.2623387475977969
Persistence,6,6,2026-02-23,3,193,0.13471518901792964,1.323365152103538,0.1440804073049123
Persistence,6,6,2026-02-23,4,211,1.6394945408955495,3.635912852633019,2.2428424719437
Persistence,6,6,2026-02-23,5,115,5.727729344042913,7.503261319706837,10.793226456285124
Persistence,6,6,2026-02-24,1,163,0.07886855684468413,0.31535832636120315,0.08825285847321067
Persistence,6,6,2026-02-24,2,127,0.48018393347177657,1.470548658029056,0.5000213183026928
Persistence,6,6,2026-02-24,3,145,0.5626054682722872,1.4767187399837562,0.5775759605273036
Persistence,6,6,2026-02-24,4,152,2.9252924044538973,4.814427365911183,3.8014753323423833
Persistence,6,6,2026-02-24,5,93,5.552628566422202,7.34293477990083,9.735274950569782
Persistence,6,6,2026-02-25,1,247,1.4766087969087768e-07,3.2391619383166376e-07,2.8429135147152873e-07
Persistence,6,6,2026-02-25,2,255,0.5978977694690628,1.733511921738555,0.6209552734638263
Persistence,6,6,2026-02-25,3,261,0.8260750107947258,2.188993025672537,0.8530960176260646
Persistence,6,6,2026-02-25,4,258,1.5041020780605268,3.0408981787342255,1.8880063354626604
Persistence,6,6,2026-02-25,5,158,3.7656996426069242,5.448312927278647,6.81473058747476
Persistence,6,6,2026-02-26,1,264,0.38333346517473016,1.1405634229518804,0.4286559855521075
Persistence,6,6,2026-02-26,2,263,0.7863541823786367,2.749729046371434,0.8439046734930359
Persistence,6,6,2026-02-26,3,264,1.2156146224123485,3.356472272677943,1.279556242900627
Persistence,6,6,2026-02-26,4,261,2.943220564648934,4.811699718785915,3.759011284085773
Persistence,6,6,2026-02-26,5,162,5.7586934865504285,7.3804961212289975,10.21127215824773
Persistence,6,6,2026-02-27,1,264,0.12184357576536135,0.622452108111196,0.13187207408112134
Persistence,6,6,2026-02-27,2,264,0.3124476001515565,1.0329742329237124,0.3282245139587055
Persistence,6,6,2026-02-27,3,262,0.556509908034136,2.0820964752339255,0.5824603162804092
Persistence,6,6,2026-02-27,4,264,3.6038616273922703,5.861477250060672,4.545204561752932
Persistence,6,6,2026-02-27,5,168,5.885995442504295,7.3818170908153675,10.877719168776796
Persistence,6,6,2026-02-28,1,197,0.03409489623775541,0.25271230787476456,0.03828384292412571
Persistence,6,6,2026-02-28,2,198,0.32842332593852547,1.1261799689943703,0.3393019068512544
Persistence,6,6,2026-02-28,3,191,0.11576514864907629,0.6313228455618184,0.11915509699289822
Persistence,6,6,2026-02-28,4,198,1.1853114735060128,2.5450802703985063,1.6059254850774602
Persistence,6,6,2026-02-28,5,126,3.8538358337873113,5.309338933333045,6.858851336116243
Ridge,1,1,2026-01-19,1,172,1.015211208846218,1.869386269222267,1.2246496846315045
Ridge,1,1,2026-01-19,2,181,0.8245290260947211,1.951584940138434,0.8609459180360768
Ridge,1,1,2026-01-19,3,169,0.6580787523258367,1.247235912037727,0.6687212250076581
Ridge,1,1,2026-01-19,4,182,1.8823763808924638,2.960933997232286,2.3517263382973423
Ridge,1,1,2026-01-19,5,123,3.1598762884372618,4.700811605721587,6.093212937714482
Ridge,1,1,2026-01-20,1,174,0.8447055597414915,1.235639598989867,1.0082399587220847
Ridge,1,1,2026-01-20,2,171,0.9053444667169225,1.5925804160747332,0.942125317176267
Ridge,1,1,2026-01-20,3,184,0.7605381841244905,1.2624150405528958,0.7730695241090666
Ridge,1,1,2026-01-20,4,173,1.4256184307826048,2.1536060363819813,1.7432735585790164
Ridge,1,1,2026-01-20,5,119,2.7519300765350083,3.8963155476297207,5.488470134362256
Ridge,1,1,2026-01-21,1,193,0.6830713934231298,1.0053491400967836,0.8730549050274297
Ridge,1,1,2026-01-21,2,186,0.7234227033498895,1.0660687494037189,0.751791758317356
Ridge,1,1,2026-01-21,3,188,0.7415464414772412,1.346628994975782,0.7561339420719302
Ridge,1,1,2026-01-21,4,184,1.2388792176177537,1.9567275237925517,1.4944452799871717
Ridge,1,1,2026-01-21,5,102,2.3646164314419615,3.4390438177866955,4.446126594926372
Ridge,1,1,2026-01-22,1,177,0.4705044374627582,0.8306500802751763,0.5923974109105604
Ridge,1,1,2026-01-22,2,186,0.6869259906071489,1.4206843513170204,0.7146004343726875
Ridge,1,1,2026-01-22,3,173,0.47087101578023394,0.5896474587766369,0.4744614147044253
Ridge,1,1,2026-01-22,4,178,1.2170074334305323,1.9031390059720217,1.536519824632072
Ridge,1,1,2026-01-22,5,116,2.6477571355885474,3.5362302748750425,4.874547489275691
Ridge,1,1,2026-01-23,1,197,0.5238160844986814,0.6509940632550828,0.6302298861502421
Ridge,1,1,2026-01-23,2,195,0.5336857722355769,0.6687830001508003,0.5504429228830919
Ridge,1,1,2026-01-23,3,207,0.4840758687632095,0.5895370098365541,0.48731051159223837
Ridge,1,1,2026-01-23,4,207,1.0853964764138926,1.7230338883931546,1.330623501603829
Ridge,1,1,2026-01-23,5,126,2.352344452388703,3.2221766395969027,4.569831032086264
Ridge,1,1,2026-01-24,1,205,1.2688142047664983,2.6822022222135917,1.5131141984631946
Ridge,1,1,2026-01-24,2,208,1.5956678879566684,3.5730548899764014,1.730565487277688
Ridge,1,1,2026-01-24,3,191,1.8247069646758765,4.103842991678877,1.949462693616706
Ridge,1,1,2026-01-24,4,200,2.5957376289367677,4.460811120508017,3.1979953595938184
Ridge,1,1,2026-01-24,5,134,3.2839455865508884,4.38560565489443,6.140027364998367
Ridge,1,1,2026-01-25,1,180,0.6152598698933919,1.0699762838347993,0.7539740863891805
Ridge,1,1,2026-01-25,2,152,2.37185317591617,4.463381115343533,2.530818431920504
Ridge,1,1,2026-01-25,3,179,2.7702726651836374,4.781039016351886,2.9255429772731483
Ridge,1,1,2026-01-25,4,165,1.7735950816761363,2.990304548955471,2.2632789998991503
Ridge,1,1,2026-01-25,5,101,2.5118053171894337,3.454164475310109,4.338495380674863
Ridge,1,3,2026-01-19,1,66,0.9614560933225483,1.8133126273407292,1.1501149638054702
Ridge,1,3,2026-01-19,2,85,0.6424526738185509,1.1838016917709273,0.6606496517601408
Ridge,1,3,2026-01-19,3,68,0.5375430537205117,0.7837519050339508,0.5416563809554511
Ridge,1,3,2026-01-19,4,89,1.7253196421038641,2.812349075139179,2.1776585751292226
Ridge,1,3,2026-01-19,5,62,3.031061459613103,4.140665737118278,5.936138085408713
Ridge,1,3,2026-01-20,1,68,0.7646952236399931,1.201431557741787,0.9101354819353501
Ridge,1,3,2026-01-20,2,73,0.8842391967773438,1.3774184936799625,0.9146081621197094
Ridge,1,3,2026-01-20,3,88,0.6978544755415481,0.9337778826287696,0.7065718220465048
Ridge,1,3,2026-01-20,4,77,1.1770339899764948,1.7163038463452103,1.4424381657040197
Ridge,1,3,2026-01-20,5,60,2.1633695390489365,2.9470512755068823,4.474825751154086
Ridge,1,3,2026-01-21,1,111,0.5479212351389479,0.729935108184755,0.7237545680508886
Ridge,1,3,2026-01-21,2,91,0.6255682920798274,0.9166529039234703,0.6511988755420306
Ridge,1,3,2026-01-21,3,93,0.4150008972970107,0.5655253008602581,0.4198798448224348
Ridge,1,3,2026-01-21,4,91,1.0293176066453347,1.5794808513484315,1.2248190004353174
Ridge,1,3,2026-01-21,5,37,1.623644178694075,2.6233171433578057,2.9907033144711277
Ridge,1,3,2026-01-22,1,71,0.39414515965421454,0.6807254702079796,0.47892343030596735
Ridge,1,3,2026-01-22,2,86,0.5053927990817285,0.7589018397848797,0.520949702236897
Ridge,1,3,2026-01-22,3,68,0.3068128473618451,0.36468819931282415,0.3085237699062631
Ridge,1,3,2026-01-22,4,81,1.0892222526142137,1.5302471907976274,1.4040074104581213
Ridge,1,3,2026-01-22,5,58,1.8895979694936462,2.6770232739454887,3.513934612061927
Ridge,1,3,2026-01-23,1,104,0.573177667764517,0.7396552613227673,0.6620455126420901
Ridge,1,3,2026-01-23,2,101,0.42339324951171875,0.5527903780664483,0.43765715651638804
Ridge,1,3,2026-01-23,3,123,0.457126152224657,0.5596002378270637,0.45963747846222364
Ridge,1,3,2026-01-23,4,129,0.8869346861794113,1.2631100514099685,1.0640941612097357
Ridge,1,3,2026-01-23,5,70,1.7678399827745221,2.352044805230992,3.5434445389372584
Ridge,1,3,2026-01-24,1,129,0.9724269081661147,1.905886364052011,1.1219253839620762
Ridge,1,3,2026-01-24,2,130,1.1420042575933997,2.201974102765079,1.1982230264922433
Ridge,1,3,2026-01-24,3,102,1.454158450523493,2.792541924503174,1.5114346032033497
Ridge,1,3,2026-01-24,4,117,2.4716296037491006,3.9804297006724205,3.0324861240961116
Ridge,1,3,2026-01-24,5,84,3.0207868808161016,3.638765415458557,5.881210061763366
Ridge,1,3,2026-01-25,1,77,0.4226286751883371,0.4891572292625328,0.5057850620598181
Ridge,1,3,2026-01-25,2,52,2.218623479207357,3.2110752100863147,2.3138080663989418
Ridge,1,3,2026-01-25,3,78,2.4090364244249134,3.524052343949255,2.48820045196822
Ridge,1,3,2026-01-25,4,66,1.6638918982611763,2.585648583456191,2.117520062058958
Ridge,1,3,2026-01-25,5,34,2.557389839022768,3.2636089662526317,4.445461702273745
Ridge,1,6,2026-01-19,1,80,0.6582728279961481,1.0636567258009921,0.8243515493211735
Ridge,1,6,2026-01-19,2,94,0.5788816736099567,0.8627157333225173,0.5949666331021981
Ridge,1,6,2026-01-19,3,71,0.47547610287375236,0.6405930961312117,0.47793997649696374
Ridge,1,6,2026-01-19,4,107,1.7567546998971717,2.5037129567101255,2.266928839676581
Ridge,1,6,2026-01-19,5,74,3.111529290139139,3.88918906886291,5.894307265805212
Ridge,1,6,2026-01-20,1,90,0.9913581848144531,1.5102990450340141,1.1303491574814866
Ridge,1,6,2026-01-20,2,94,0.768433834644074,1.0257501479514164,0.7934744522613797
Ridge,1,6,2026-01-20,3,106,0.812788525467399,1.0548805719111558,0.8235457878021076
Ridge,1,6,2026-01-20,4,92,1.2916120114533796,1.6300476654028948,1.5890549766060054
Ridge,1,6,2026-01-20,5,68,1.7743814019595876,2.065899533878616,3.4563671563727993
Ridge,1,6,2026-01-21,1,142,0.5209176005332126,0.6718103419523088,0.7283620318244324
Ridge,1,6,2026-01-21,2,113,0.6047580100090452,0.8326238358663269,0.6263556449075696
Ridge,1,6,2026-01-21,3,109,0.5314064235862243,0.6768682356382412,0.5376304285592456
Ridge,1,6,2026-01-21,4,107,1.0666030408437377,1.2918724753596225,1.1974663234582426
Ridge,1,6,2026-01-21,5,35,1.0786321294875367,1.4978460910100067,1.9141520091703643
Ridge,1,6,2026-01-22,1,99,0.3429251802489409,0.46458232214786216,0.38874315514118285
Ridge,1,6,2026-01-22,2,126,0.41960490393260175,0.5352861708226082,0.43217100692581495
Ridge,1,6,2026-01-22,3,87,0.3195018549075072,0.40894708835553395,0.32136722641025667
Ridge,1,6,2026-01-22,4,101,0.8530381558358471,1.1690162131157529,1.068723062405113
Ridge,1,6,2026-01-22,5,80,1.3646781476338712,1.8505419299470243,2.4117640713449857
Ridge,1,6,2026-01-23,1,133,0.5158196069244155,0.6274495432338443,0.5938371620193393
Ridge,1,6,2026-01-23,2,134,0.43167319226620804,0.5339033245329194,0.4462500494140552
Ridge,1,6,2026-01-23,3,144,0.45243411593967015,0.55914213765264,0.4547267887025106
Ridge,1,6,2026-01-23,4,152,0.8027544925087375,1.0408987248222223,0.9504140795742027
Ridge,1,6,2026-01-23,5,90,1.44520853113245,1.851366197238706,2.638340029321206
Ridge,1,6,2026-01-24,1,161,0.9381947077085757,1.426350413926637,1.0620497940060414
Ridge,1,6,2026-01-24,2,157,1.155406144689518,1.7294317774018537,1.2043064670208592
Ridge,1,6,2026-01-24,3,115,1.268711342926762,1.9075759021677146,1.3025759818532665
Ridge,1,6,2026-01-24,4,139,2.147323751106537,3.247800404451779,2.5793308256871716
Ridge,1,6,2026-01-24,5,97,3.129817884866862,3.69011136050878,6.3884710887377
Ridge,1,6,2026-01-25,1,84,0.4415383565993536,0.5111484804185122,0.5424772950473457
Ridge,1,6,2026-01-25,2,43,2.010630774682807,2.8012210804767,2.088991754570556
Ridge,1,6,2026-01-25,3,82,1.9920787408099907,2.6176505966722825,2.036950744223894
Ridge,1,6,2026-01-25,4,73,1.4223830723871376,2.1331981645696896,1.8169136797316552
Ridge,1,6,2026-01-25,5,32,1.603532385826111,2.0338194055434866,2.9085251932777543
Ridge,2,1,2026-01-26,1,187,0.4903135520676665,1.0005540295460797,0.5784280215728391
Ridge,2,1,2026-01-26,2,183,1.1188284034937457,2.088284306577337,1.1644314349008968
Ridge,2,1,2026-01-26,3,189,1.2404075097785425,2.2063991046259988,1.2700554693348736
Ridge,2,1,2026-01-26,4,191,1.544855227645155,2.8046078645961243,1.8801359128507218
Ridge,2,1,2026-01-26,5,125,3.1965980631510416,4.751921585686477,6.900546206356194
Ridge,2,1,2026-01-27,1,178,0.4297825673992714,0.6236637063006889,0.5675228583931982
Ridge,2,1,2026-01-27,2,172,0.7119757777960726,1.043311535329166,0.7325570243901637
Ridge,2,1,2026-01-27,3,183,0.6782600110997268,0.973618167888555,0.6850698231819397
Ridge,2,1,2026-01-27,4,195,1.0024775448008478,1.5315125678534047,1.238509514344942
Ridge,2,1,2026-01-27,5,119,2.454753074325433,3.3675468775008746,4.971645343091195
Ridge,2,1,2026-01-28,1,199,0.37838940005406263,0.5785694374718657,0.47602088067782083
Ridge,2,1,2026-01-28,2,195,0.5392883952866252,1.005746842852821,0.5588450588297132
Ridge,2,1,2026-01-28,3,199,0.41662413630653267,0.5373990699345317,0.4195112462704587
Ridge,2,1,2026-01-28,4,198,1.0420440134375986,1.8824299890306062,1.2954356374923466
Ridge,2,1,2026-01-28,5,118,2.1711534941937285,3.12111829326607,4.143720720989386
Ridge,2,1,2026-01-29,1,198,0.36924064841736043,0.5346252313359685,0.45768423779845663
Ridge,2,1,2026-01-29,2,192,0.6452231804529825,1.6116656515201884,0.6719561037845018
Ridge,2,1,2026-01-29,3,200,0.6286745834350586,1.7103370316631645,0.6478028853196007
Ridge,2,1,2026-01-29,4,195,1.2232796041374532,2.205932543621314,1.508044005660277
Ridge,2,1,2026-01-29,5,124,2.2330783413302515,3.3911956974657245,4.409580611826944
Ridge,2,1,2026-01-30,1,221,0.37516682827634507,0.47825414721176157,0.4649021743616971
Ridge,2,1,2026-01-30,2,216,0.6340560559873227,1.300460817596701,0.6569146096406747
Ridge,2,1,2026-01-30,3,218,0.388993277826805,0.530296263024926,0.3912059908862171
Ridge,2,1,2026-01-30,4,194,1.4291251598764532,2.5476297084951685,1.730275211433829
Ridge,2,1,2026-01-30,5,144,2.168392296190615,3.116269873347718,4.128485272083595
Ridge,2,1,2026-01-31,1,225,0.5558609969527634,1.1573207283947091,0.674938207330291
Ridge,2,1,2026-01-31,2,225,0.78657144052011,1.6978388055286169,0.8237356063379019
Ridge,2,1,2026-01-31,3,231,0.8967139504172585,1.979720610038434,0.9225420948913808
Ridge,2,1,2026-01-31,4,219,1.1937416692121205,1.8977856035841787,1.492323046805812
Ridge,2,1,2026-01-31,5,144,2.1847771450325295,2.8721197788608315,4.129376028469557
Ridge,2,1,2026-02-01,1,202,0.8362626872046947,2.0297488434336723,1.0112138524525087
Ridge,2,1,2026-02-01,2,210,0.5688815525599888,1.1657990925071453,0.5901229864040077
Ridge,2,1,2026-02-01,3,211,0.4014858950935834,0.5901739217293756,0.4044834762701469
Ridge,2,1,2026-02-01,4,214,1.6213942316833687,2.8846947892648753,2.1654084183184903
Ridge,2,1,2026-02-01,5,126,2.909574962797619,3.96926247490314,5.26966586640411
Ridge,2,3,2026-01-26,1,92,0.42472079180289013,0.6034890851444891,0.4860098920129989
Ridge,2,3,2026-01-26,2,85,0.9998849008597581,1.7749986313433046,1.0323197460868627
Ridge,2,3,2026-01-26,3,95,1.318170166015625,1.7673461954941503,1.3389599840087598
Ridge,2,3,2026-01-26,4,102,1.564356797660878,2.4383843203418905,1.8518133098609724
Ridge,2,3,2026-01-26,5,72,3.558567653467626,5.570515716299695,8.173293051804745
Ridge,2,3,2026-01-27,1,74,0.4212430490029825,0.6120252471366587,0.5962118218272132
Ridge,2,3,2026-01-27,2,71,0.8926502281511334,1.2185436241743652,0.9153064554491039
Ridge,2,3,2026-01-27,3,82,0.7253270963343178,1.0568351579814306,0.7315287719638489
Ridge,2,3,2026-01-27,4,112,0.9087509692661344,1.2191055989630648,1.1078952039301855
Ridge,2,3,2026-01-27,5,57,2.351187722724781,3.049778450104584,4.938611631854734
Ridge,2,3,2026-01-28,1,115,0.32194925575440636,0.4725219566771856,0.41777223058792223
Ridge,2,3,2026-01-28,2,108,0.4777543809678819,0.7170682151718942,0.49220979044489727
Ridge,2,3,2026-01-28,3,114,0.3875969334652549,0.4870301641261204,0.39020952622827754
Ridge,2,3,2026-01-28,4,109,0.9937317485595454,1.6468423254992615,1.2110161963721984
Ridge,2,3,2026-01-28,5,64,1.4627380900912819,2.046468809161329,2.958419507712539
Ridge,2,3,2026-01-29,1,125,0.34819989013671876,0.43961691106946305,0.4388862971110742
Ridge,2,3,2026-01-29,2,94,0.5134902034245485,0.9099318066376125,0.5282566428949148
Ridge,2,3,2026-01-29,3,121,0.5187942532906299,0.9973511811801496,0.5252490749470721
Ridge,2,3,2026-01-29,4,103,1.3390136109715265,2.069921015594951,1.6112610641189649
Ridge,2,3,2026-01-29,5,64,1.7758763829867044,2.575010809874772,3.4619308959894517
Ridge,2,3,2026-01-30,1,157,0.4113431553931753,0.5253057416871373,0.506970022394484
Ridge,2,3,2026-01-30,2,151,0.5644874656963558,0.8722744145699198,0.5849249458916236
Ridge,2,3,2026-01-30,3,147,0.3463874003784457,0.45485726389330383,0.3475262442800627
Ridge,2,3,2026-01-30,4,99,1.2043942538174721,1.7361376856982387,1.4079287994591503
Ridge,2,3,2026-01-30,5,107,2.1487518500687557,2.8711466039144615,4.09093057035012
Ridge,2,3,2026-01-31,1,159,0.4596488174235878,0.6793994382536541,0.5520322795860795
Ridge,2,3,2026-01-31,2,158,0.6943971604402223,1.3368010463436946,0.7206586192362789
Ridge,2,3,2026-01-31,3,175,0.7259869917612228,1.0833729646401908,0.7370301568658524
Ridge,2,3,2026-01-31,4,148,1.0853480404919689,1.6429025946864317,1.3421249966874762
Ridge,2,3,2026-01-31,5,99,2.3666825513914644,2.9348824769183715,4.559275958382921
Ridge,2,3,2026-02-01,1,105,0.7429740623191552,1.2325543577873608,0.903381344752027
Ridge,2,3,2026-02-01,2,128,0.45790590842564916,0.6805968334272916,0.47210213256043226
Ridge,2,3,2026-02-01,3,128,0.3519521951675416,0.4494438677735365,0.3530950687245612
Ridge,2,3,2026-02-01,4,146,1.566210185011772,2.5869269657714113,2.1387655594087196
Ridge,2,3,2026-02-01,5,70,2.953159326220317,3.6149897407828058,5.191704153707929
Ridge,2,6,2026-01-26,1,112,0.4485633600325812,0.6193595713256593,0.5164493189613004
Ridge,2,6,2026-01-26,2,98,1.3516665867396764,2.087929138154706,1.3947642679193375
Ridge,2,6,2026-01-26,3,117,1.3273570394923544,1.7454560356911961,1.3483135428282882
Ridge,2,6,2026-01-26,4,124,1.617833296116108,2.1975033127827546,1.9470584150016295
Ridge,2,6,2026-01-26,5,102,3.3576569750418073,4.984839206454038,7.263984093236602
Ridge,2,6,2026-01-27,1,83,0.4864626964890813,0.6675779377610483,0.7406573039163759
Ridge,2,6,2026-01-27,2,88,0.8636924454660128,1.163731416533237,0.886793489464916
Ridge,2,6,2026-01-27,3,99,0.7146072387695312,1.05185431251399,0.7214409161023132
Ridge,2,6,2026-01-27,4,139,0.9355112437149891,1.1627098929811757,1.1089176470720064
Ridge,2,6,2026-01-27,5,67,1.8211070236281972,2.2707529862276568,3.390605091465191
Ridge,2,6,2026-01-28,1,139,0.32078026726567965,0.4401534216981965,0.43842151273101265
Ridge,2,6,2026-01-28,2,145,0.41476667031474496,0.5375354235709635,0.4284428968233323
Ridge,2,6,2026-01-28,3,145,0.4234916950094289,0.554132182636678,0.42654934550466883
Ridge,2,6,2026-01-28,4,136,1.0172006644454659,1.478046483104587,1.227188011030117
Ridge,2,6,2026-01-28,5,85,1.164621883217805,1.5259332491153865,2.032217891210658
Ridge,2,6,2026-01-29,1,161,0.27526266968110363,0.3566029440448546,0.33881544518413637
Ridge,2,6,2026-01-29,2,130,0.39124469854892835,0.6132394222662383,0.40280043171936675
Ridge,2,6,2026-01-29,3,142,0.4548954278650416,0.6817598033639896,0.45846211774569356
Ridge,2,6,2026-01-29,4,143,1.0766563563728475,1.5326295727047121,1.2838470527967902
Ridge,2,6,2026-01-29,5,92,1.4666675788768824,2.2736301747665015,2.613237527232505
Ridge,2,6,2026-01-30,1,199,0.39242929429864165,0.48956667150918476,0.46634053060170955
Ridge,2,6,2026-01-30,2,195,0.5494075181749128,0.7340952768548573,0.5680756562123784
Ridge,2,6,2026-01-30,3,192,0.3452200757132636,0.4278539306969986,0.3466175406365672
Ridge,2,6,2026-01-30,4,139,0.9041661434036362,1.2810362255248955,1.0671386518315717
Ridge,2,6,2026-01-30,5,135,1.7833199219252336,2.3821946513029526,3.2759262674741105
Ridge,2,6,2026-01-31,1,207,0.48936105503936145,0.6530219418425135,0.5842277813716676
Ridge,2,6,2026-01-31,2,200,0.644270858764649,0.9305855587913218,0.6663951271092406
Ridge,2,6,2026-01-31,3,208,0.6917872763087611,0.8391587236638341,0.7000570073831857
Ridge,2,6,2026-01-31,4,193,1.1265684963439349,1.6139505832219183,1.4283542118985857
Ridge,2,6,2026-01-31,5,122,2.290152669604358,2.8103584309985674,4.538058480981862
Ridge,2,6,2026-02-01,1,135,0.6731085487648295,1.0391661850442557,0.8108432340972836
Ridge,2,6,2026-02-01,2,150,0.42827111477322016,0.5648350258858218,0.4407095796390408
Ridge,2,6,2026-02-01,3,155,0.34112675820627514,0.42412047788479346,0.3420474473651434
Ridge,2,6,2026-02-01,4,160,1.512070764965481,2.3149295730831985,2.048554716236917
Ridge,2,6,2026-02-01,5,87,2.4535675984232834,3.0548727660537995,4.462129449163649
Ridge,3,1,2026-02-02,1,223,0.727627678658752,1.5948722485752338,0.8826961798992338
Ridge,3,1,2026-02-02,2,218,0.6554872122015062,1.4078585947035371,0.6908443161595931
Ridge,3,1,2026-02-02,3,212,0.3513111618329894,0.4644146344221813,0.3537692968362084
Ridge,3,1,2026-02-02,4,226,1.2302825725184077,2.313278456058036,1.582337424327141
Ridge,3,1,2026-02-02,5,137,2.786285149790075,4.055945242585209,5.556972339481265
Ridge,3,1,2026-02-03,1,217,0.9801835559663319,2.654317717722408,1.2169369568170583
Ridge,3,1,2026-02-03,2,203,0.7721781112094621,1.753228168213698,0.8127619156437562
Ridge,3,1,2026-02-03,3,206,0.6232751766069037,1.3405899915813282,0.6373329784838841
Ridge,3,1,2026-02-03,4,213,1.3426509194530791,2.032337096879823,1.6201964662808521
Ridge,3,1,2026-02-03,5,144,2.2501303796414978,2.96263332892214,4.080906606893155
Ridge,3,1,2026-02-04,1,221,0.5978097469738347,1.1094003735739388,0.7101333265214824
Ridge,3,1,2026-02-04,2,220,0.7153643636992483,1.4605508264252014,0.7528000270755804
Ridge,3,1,2026-02-04,3,213,0.3195473397841476,0.44710455218074374,0.322485226216709
Ridge,3,1,2026-02-04,4,224,1.0846908716928392,1.9492757441551347,1.339367632535207
Ridge,3,1,2026-02-04,5,131,2.351789314328259,3.512835639572327,5.220297969363304
Ridge,3,1,2026-02-05,1,234,0.9115515814887153,2.433434834221922,1.0973196625891584
Ridge,3,1,2026-02-05,2,221,0.4768970196063702,0.8942051329011411,0.4943920307127437
Ridge,3,1,2026-02-05,3,231,0.39251144211013594,0.8515636054958601,0.39746657626324744
Ridge,3,1,2026-02-05,4,228,1.0866966024476883,1.9965058812413228,1.404185379224498
Ridge,3,1,2026-02-05,5,141,2.228634142142943,3.170284678061898,4.546596191116945
Ridge,3,1,2026-02-06,1,223,0.4749721475780812,0.7579422752225081,0.5877767301994368
Ridge,3,1,2026-02-06,2,214,0.4718000821978132,1.1120593766095184,0.49710589985655923
Ridge,3,1,2026-02-06,3,212,0.4067824621620418,0.7419944879963829,0.41087479892885853
Ridge,3,1,2026-02-06,4,226,0.9327202237109519,1.5520956186087413,1.1636503145700874
Ridge,3,1,2026-02-06,5,140,1.9511303220476424,2.7127117283952757,4.001568253494971
Ridge,3,1,2026-02-07,1,226,0.562836115339161,0.7555588877073158,0.7023649090924254
Ridge,3,1,2026-02-07,2,214,0.5684262926333419,0.9009337921325477,0.588226721900671
Ridge,3,1,2026-02-07,3,230,0.509067203687585,0.659417445706889,0.512709344784693
Ridge,3,1,2026-02-07,4,218,1.1637063099339102,1.7302558479796113,1.4381188567228933
Ridge,3,1,2026-02-07,5,140,2.1336476916358587,2.7226917544119447,4.173888421239534
Ridge,3,1,2026-02-08,1,219,0.319729112598994,0.3879299462996731,0.40326050201652774
Ridge,3,1,2026-02-08,2,226,0.44703407625181485,1.0651904047668146,0.4653642095064072
Ridge,3,1,2026-02-08,3,230,0.5812752433445143,1.823885967397567,0.6000167494699006
Ridge,3,1,2026-02-08,4,235,1.1380025768956392,2.3101266596090166,1.3526130723678444
Ridge,3,1,2026-02-08,5,148,1.6019394505131352,2.1657366006238736,2.950208540586205
Ridge,3,3,2026-02-02,1,152,0.7515149953072534,1.1880935359281162,0.9374050857805605
Ridge,3,3,2026-02-02,2,143,0.647518670734918,0.9960995539839671,0.6741220114772097
Ridge,3,3,2026-02-02,3,133,0.432771438942816,0.4988123398585862,0.4360463237748212
Ridge,3,3,2026-02-02,4,158,1.5843945327522717,2.4222341713766498,2.0189126244885367
Ridge,3,3,2026-02-02,5,88,3.097808900505605,4.0535755332057715,5.742276884251201
Ridge,3,3,2026-02-03,1,155,0.8808556888265849,1.4853157392170229,1.0726890196210097
Ridge,3,3,2026-02-03,2,138,0.49837214397731405,0.8090710058155585,0.5169537431407402
Ridge,3,3,2026-02-03,3,120,0.43971536424424934,0.6134680544030836,0.44470360056169517
Ridge,3,3,2026-02-03,4,148,1.0100900403730146,1.3544829862933885,1.1995486148095977
Ridge,3,3,2026-02-03,5,111,1.9515801239777382,2.5923386826076795,3.7564467872243057
Ridge,3,3,2026-02-04,1,151,0.5508264930393872,0.7894229223013302,0.6370963516756722
Ridge,3,3,2026-02-04,2,159,0.6956539780505464,1.0548608114422389,0.7296685621388566
Ridge,3,3,2026-02-04,3,134,0.29854868419134795,0.3908667388894486,0.30135945635434747
Ridge,3,3,2026-02-04,4,162,0.9726644366856957,1.4149764656249995,1.2054657057087284
Ridge,3,3,2026-02-04,5,79,2.0919650865171198,3.040525164073434,4.960076321770674
Ridge,3,3,2026-02-05,1,189,0.7479743755683697,1.3293655252825378,0.8982618300772022
Ridge,3,3,2026-02-05,2,156,0.37236073485806453,0.5121273506910174,0.3856612318640011
Ridge,3,3,2026-02-05,3,173,0.341960091122313,0.4491167107793346,0.34427888648377303
Ridge,3,3,2026-02-05,4,173,0.8743586237030911,1.3597378426815563,1.1048098328295362
Ridge,3,3,2026-02-05,5,109,1.975818676807587,2.726628493093308,4.093306832306921
Ridge,3,3,2026-02-06,1,148,0.5140346578649573,0.6891996551394551,0.6537927110168124
Ridge,3,3,2026-02-06,2,139,0.5666184459658837,0.9390855620591994,0.5970718782239146
Ridge,3,3,2026-02-06,3,138,0.3991969564686651,0.5241437173402522,0.40156986365026015
Ridge,3,3,2026-02-06,4,152,0.8008323357119195,1.126811985471719,0.9581941483103426
Ridge,3,3,2026-02-06,5,86,1.5625785758637019,2.0734326414233917,3.0221289518011276
Ridge,3,3,2026-02-07,1,163,0.5692784362044071,0.7764724515619681,0.7101120855042634
Ridge,3,3,2026-02-07,2,150,0.47446616278754344,0.6017773412829235,0.4894736878155129
Ridge,3,3,2026-02-07,3,182,0.5751330476977449,0.9957064543257526,0.5809459781811732
Ridge,3,3,2026-02-07,4,160,1.311948725912306,1.875438419289555,1.5824458053871802
Ridge,3,3,2026-02-07,5,99,2.2440027264767353,2.6152706667968886,4.473184496207579
Ridge,3,3,2026-02-08,1,146,0.27355507628558434,0.32949925334949187,0.3546824489014849
Ridge,3,3,2026-02-08,2,162,0.41656880319854367,0.8055299590991208,0.4311777422154368
Ridge,3,3,2026-02-08,3,174,0.409519955572954,0.8670955737762515,0.4139724781676986
Ridge,3,3,2026-02-08,4,182,0.8774067991673582,1.3262631183814428,1.0434623453202172
Ridge,3,3,2026-02-08,5,115,1.6408973140992975,2.040938139586853,2.970704105095639
Ridge,3,6,2026-02-02,1,208,0.6859427806658623,0.9636511856842768,0.8525042743113906
Ridge,3,6,2026-02-02,2,177,0.5556974852825962,0.7563540494488549,0.5749398193737458
Ridge,3,6,2026-02-02,3,184,0.41100381768268085,0.4700618050595473,0.41431216464344073
Ridge,3,6,2026-02-02,4,207,1.4277596875537295,2.1081931317428144,1.8095040462000587
Ridge,3,6,2026-02-02,5,118,2.8641620750930126,3.3905064262889137,5.270481685935799
Ridge,3,6,2026-02-03,1,205,0.7347800327704213,1.041976679425937,0.937187100635706
Ridge,3,6,2026-02-03,2,164,0.49563413273674356,0.6922983698835804,0.512372912422474
Ridge,3,6,2026-02-03,3,175,0.4324133291093129,0.570994312844479,0.4375664267533488
Ridge,3,6,2026-02-03,4,191,0.8364132466740626,1.1498825542170195,0.9772951573262681
Ridge,3,6,2026-02-03,5,134,1.5358498201639108,2.0577553274093154,3.014542250979633
Ridge,3,6,2026-02-04,1,195,0.5064542495423234,0.6472495112085958,0.5941134166137857
Ridge,3,6,2026-02-04,2,188,0.536962937519623,0.7531000906221257,0.5609358481086186
Ridge,3,6,2026-02-04,3,173,0.26835848416896224,0.35768794017136635,0.2709042589268849
Ridge,3,6,2026-02-04,4,196,0.7306225458780921,1.027305932687811,0.8844251685752657
Ridge,3,6,2026-02-04,5,93,1.9335266559924424,2.8192879849837698,4.385100467684992
Ridge,3,6,2026-02-05,1,229,0.6404375101281045,0.925015307738237,0.7774793573413884
Ridge,3,6,2026-02-05,2,202,0.3865006701781015,0.5244338449320831,0.4016410137896818
Ridge,3,6,2026-02-05,3,226,0.3190683820606333,0.40452783827057587,0.3209224450817335
Ridge,3,6,2026-02-05,4,205,0.6874132924480495,0.9994792273737916,0.839869086270847
Ridge,3,6,2026-02-05,5,128,1.6802646782663135,2.144904938074324,3.445742773219415
Ridge,3,6,2026-02-06,1,195,0.5295494666466346,0.6570704193812377,0.6735090098695737
Ridge,3,6,2026-02-06,2,183,0.5353063197735227,0.7352988812376037,0.5608987486701008
Ridge,3,6,2026-02-06,3,176,0.3376450769829024,0.39880903449388305,0.3392790969785786
Ridge,3,6,2026-02-06,4,201,0.7634150727010023,0.9793476080974602,0.901723044653417
Ridge,3,6,2026-02-06,5,121,1.3246089399353527,1.6081927557584026,2.6849469376548933
Ridge,3,6,2026-02-07,1,211,0.5603033852238226,0.7126788454658749,0.7040406527857425
Ridge,3,6,2026-02-07,2,183,0.48810244145071996,0.5697173273182814,0.5025973470530203
Ridge,3,6,2026-02-07,3,224,0.5680217447735018,0.7741499248311263,0.5727512041004292
Ridge,3,6,2026-02-07,4,207,1.0408292146888525,1.313275108296611,1.2354790134089912
Ridge,3,6,2026-02-07,5,126,1.8547864379075467,2.2068744060586694,3.521362743977301
Ridge,3,6,2026-02-08,1,162,0.23382104473349488,0.27980422888189643,0.3018470054157049
Ridge,3,6,2026-02-08,2,176,0.34498155767267386,0.5747878519689672,0.35612875400286587
Ridge,3,6,2026-02-08,3,175,0.30422130766369054,0.5108095021914745,0.30637841741667454
Ridge,3,6,2026-02-08,4,177,0.8563230156524336,1.2327082747348976,1.0375868975426095
Ridge,3,6,2026-02-08,5,118,1.9345990692828336,2.273086479351499,3.5891745589475064
Ridge,4,1,2026-02-09,1,228,0.8961063965022215,1.9909269093450161,1.0860930403847522
Ridge,4,1,2026-02-09,2,221,0.43561778349034924,0.6504299484544841,0.4520848167540597
Ridge,4,1,2026-02-09,3,236,0.4507802219714149,0.6663000078067557,0.4544633268818434
Ridge,4,1,2026-02-09,4,237,1.1265883573164586,1.9838580701738178,1.418862056927855
Ridge,4,1,2026-02-09,5,153,2.3974840002122266,3.567499020182725,4.797178895155301
Ridge,4,1,2026-02-10,1,175,0.3620283726283482,0.49638650983802973,0.4898128443919065
Ridge,4,1,2026-02-10,2,175,0.3926760864257812,1.3060312786972985,0.41300714309562264
Ridge,4,1,2026-02-10,3,181,0.32108635665303437,0.3903715310764019,0.32376183654441004
Ridge,4,1,2026-02-10,4,170,0.973449534995883,1.6085237092390996,1.201318105898536
Ridge,4,1,2026-02-10,5,117,2.1591922944767186,3.1509766933784,4.388319726443984
Ridge,4,1,2026-02-11,1,147,0.3868820813237404,0.6966569709046724,0.4803100717502494
Ridge,4,1,2026-02-11,2,160,0.35033669471740725,0.5905775278116595,0.36200265402959986
Ridge,4,1,2026-02-11,3,147,0.29092967753507654,0.3930140809754064,0.29294081375275227
Ridge,4,1,2026-02-11,4,151,1.0866590925136674,1.9113772348502465,1.3943241118222647
Ridge,4,1,2026-02-11,5,93,2.8305652987572456,4.131431870311893,6.027401876990565
Ridge,4,1,2026-02-12,1,164,0.6443458882773795,1.765856949201827,0.8241084800074158
Ridge,4,1,2026-02-12,2,157,0.4439550023170034,1.1226320598701716,0.4582897791602933
Ridge,4,1,2026-02-12,3,156,0.30998454949794674,0.44400488409906325,0.312019363323397
Ridge,4,1,2026-02-12,4,155,1.1872861144363238,2.2033705101434258,1.5687728250942672
Ridge,4,1,2026-02-12,5,101,2.684375158630975,3.6420369453257497,5.984273101518666
Ridge,4,1,2026-02-13,1,192,1.1879034837086995,3.8724842762234513,1.4970487964658448
Ridge,4,1,2026-02-13,2,179,1.3468072560912403,4.885709666194103,1.5199998579197973
Ridge,4,1,2026-02-13,3,176,1.9678654670715332,6.344883976298217,2.2196257978799463
Ridge,4,1,2026-02-13,4,175,2.161772221156529,5.7246623654005075,2.5521554561895727
Ridge,4,1,2026-02-13,5,116,2.9139461188480773,4.133879102703733,5.2443918280208015
Ridge,4,1,2026-02-14,1,240,1.2251103136274548,2.6206758545036637,1.472487734531809
Ridge,4,1,2026-02-14,2,244,0.8286041093002904,1.5453707311392713,0.8598279894841401
Ridge,4,1,2026-02-14,3,250,0.8254220479329426,1.2705380854959067,0.83393570899976
Ridge,4,1,2026-02-14,4,241,1.2598773433954389,1.9185577813796668,1.5361430217954257
Ridge,4,1,2026-02-14,5,157,2.440640516341871,3.491392457837494,4.475097960285717
Ridge,4,1,2026-02-15,1,230,0.8584759256114131,1.774731711226763,1.0359178134021518
Ridge,4,1,2026-02-15,2,227,1.2382902685941226,3.04557018271484,1.3148389704343548
Ridge,4,1,2026-02-15,3,231,2.250008488114262,4.797906963256668,2.3952824453380015
Ridge,4,1,2026-02-15,4,226,3.1945240898469907,5.285334828858911,3.991655197955875
Ridge,4,1,2026-02-15,5,149,3.773199981757725,5.272736860252372,7.231825189175739
Ridge,4,3,2026-02-09,1,172,0.9730332988177158,1.7346248715177908,1.1925703464066222
Ridge,4,3,2026-02-09,2,155,0.43191736693023364,0.5363201319540192,0.4474239305799019
Ridge,4,3,2026-02-09,3,189,0.4643712523122313,0.6071344331300231,0.4688173517474213
Ridge,4,3,2026-02-09,4,185,1.039840666166655,1.748803608537171,1.284067901031112
Ridge,4,3,2026-02-09,5,123,2.513644227921263,3.834526893991733,5.060219751178369
Ridge,4,3,2026-02-10,1,106,0.3508907534041495,0.47744138784626594,0.5200067727408267
Ridge,4,3,2026-02-10,2,101,0.36647272896845356,0.7911513204990207,0.37965667822958304
Ridge,4,3,2026-02-10,3,105,0.3416319347563244,0.40962111730999246,0.34441086665653464
Ridge,4,3,2026-02-10,4,93,0.8872790456245448,1.2493409190870077,1.0552216054256924
Ridge,4,3,2026-02-10,5,69,2.17312496142303,3.0802299873816072,4.675877070348779
Ridge,4,3,2026-02-11,1,78,0.45810668488852985,0.6577536498833911,0.6315305667874284
Ridge,4,3,2026-02-11,2,89,0.35456025198604285,0.5704616305408302,0.3661644608096757
Ridge,4,3,2026-02-11,3,79,0.31229922137682953,0.3885889397734629,0.31443745124209216
Ridge,4,3,2026-02-11,4,82,1.0347364006972894,1.454846039572624,1.2945718304748042
Ridge,4,3,2026-02-11,5,50,2.3738528866238067,3.4745876604107013,4.700005695925338
Ridge,4,3,2026-02-12,1,81,0.5515893535849489,1.0751419577001895,0.6732733585980328
Ridge,4,3,2026-02-12,2,59,0.4591860582599529,0.890123399293349,0.4707845981885822
Ridge,4,3,2026-02-12,3,61,0.25084565376323414,0.3121902489787641,0.25211253488239194
Ridge,4,3,2026-02-12,4,56,1.132199968610491,1.888260049004282,1.5106982430182063
Ridge,4,3,2026-02-12,5,44,2.295455036741315,3.205657966354503,5.804659674807029
Ridge,4,3,2026-02-13,1,110,1.0814488844438033,2.271631522418613,1.2905741636699384
Ridge,4,3,2026-02-13,2,93,0.8234744875234516,1.7860727450742926,0.8537294725631016
Ridge,4,3,2026-02-13,3,85,1.793076249664905,3.853184753695859,1.8736553653085002
Ridge,4,3,2026-02-13,4,75,2.125899709065756,3.546812230256783,2.408190995290061
Ridge,4,3,2026-02-13,5,61,3.0617733383873555,4.0955086860451315,5.332913273015329
Ridge,4,3,2026-02-14,1,198,1.1981979460025876,2.061039366094802,1.4188825391741149
Ridge,4,3,2026-02-14,2,211,0.6887652782341755,1.0245520692732866,0.7097430856445929
Ridge,4,3,2026-02-14,3,221,0.7263816614855827,0.9555895568379605,0.7310701635472183
Ridge,4,3,2026-02-14,4,204,1.0925044099230135,1.6837394623313535,1.3574037461456847
Ridge,4,3,2026-02-14,5,135,2.4975493066104835,3.3299073254904714,4.516083986829849
Ridge,4,3,2026-02-15,1,172,0.908815519446243,1.3704498368886777,1.1010829548422862
Ridge,4,3,2026-02-15,2,165,1.1969993668373184,2.2398879202771567,1.246046591866938
Ridge,4,3,2026-02-15,3,176,1.9258781153746318,3.1751719081585805,1.9949674205407688
Ridge,4,3,2026-02-15,4,173,2.9626838742882757,4.448555831662155,3.7151886269096224
Ridge,4,3,2026-02-15,5,115,4.154622226291232,5.650534939131159,7.607059213224634
Ridge,4,6,2026-02-09,1,202,0.9364753601443515,1.3822260492214555,1.1364184382978104
Ridge,4,6,2026-02-09,2,195,0.4516675378522301,0.51751509973338,0.46918192043352613
Ridge,4,6,2026-02-09,3,225,0.49759002685546877,0.6309669262734716,0.5020337376473266
Ridge,4,6,2026-02-09,4,229,1.2073728218060111,1.7976099996841715,1.4974397152480394
Ridge,4,6,2026-02-09,5,157,2.541643200744068,3.3531402220868305,5.178101727755482
Ridge,4,6,2026-02-10,1,106,0.32551715059100456,0.4592591016959596,0.5147786996178902
Ridge,4,6,2026-02-10,2,122,0.3765372229404138,0.5918935304972754,0.38867250938172493
Ridge,4,6,2026-02-10,3,112,0.3892918314252581,0.45135454108506445,0.3927059905324392
Ridge,4,6,2026-02-10,4,98,0.8649639795696927,1.131904575082343,0.9846654099260571
Ridge,4,6,2026-02-10,5,85,2.0038234586030055,2.625650538757162,4.080320263711487
Ridge,4,6,2026-02-11,1,83,0.3657104185786117,0.5106371786213111,0.4746555013282331
Ridge,4,6,2026-02-11,2,94,0.25882639783494016,0.3115581056841881,0.26794769988809747
Ridge,4,6,2026-02-11,3,83,0.2645795891083867,0.32939160398839706,0.2659859794907875
Ridge,4,6,2026-02-11,4,82,1.0864059841083646,1.5089176266285897,1.378121964532212
Ridge,4,6,2026-02-11,5,56,2.1523972299363874,3.000848201133886,4.558235574425191
Ridge,4,6,2026-02-12,1,75,0.40068097941080716,0.6697511459798164,0.488669926174874
Ridge,4,6,2026-02-12,2,59,0.46243349064541434,0.753875550664366,0.4720292905358974
Ridge,4,6,2026-02-12,3,72,0.2401291529337565,0.29954994852639644,0.24124570301360634
Ridge,4,6,2026-02-12,4,62,1.1432726542154943,1.6968668295150582,1.5438675711108034
Ridge,4,6,2026-02-12,5,49,2.4384574820935865,3.154603433724683,6.640471142807402
Ridge,4,6,2026-02-13,1,159,0.9370007049112701,1.7172470437638805,1.1171983278964814
Ridge,4,6,2026-02-13,2,115,0.9532731164020043,1.6988451925749526,0.9841487620425678
Ridge,4,6,2026-02-13,3,106,1.5535562575238309,2.6272664645715027,1.5886028959438996
Ridge,4,6,2026-02-13,4,112,2.073701649620419,2.7691690074186996,2.371920963167731
Ridge,4,6,2026-02-13,5,84,3.421357640261372,4.321963920712239,6.324693158854884
Ridge,4,6,2026-02-14,1,235,1.1399134548899692,1.58328707334983,1.3560857253276133
Ridge,4,6,2026-02-14,2,251,0.6157674930432351,0.8150249582204329,0.6336002232924272
Ridge,4,6,2026-02-14,3,248,0.6135281108186235,0.7364046509907349,0.61660860417151
Ridge,4,6,2026-02-14,4,238,1.1086173473397334,1.5194926372553736,1.3368361193785483
Ridge,4,6,2026-02-14,5,155,2.2992302887072267,2.9042108893405816,4.294688726121446
Ridge,4,6,2026-02-15,1,175,0.9073953600686693,1.2103899564613099,1.0961272772372428
Ridge,4,6,2026-02-15,2,178,1.2559802632802128,2.1268418238362554,1.3025593182212871
Ridge,4,6,2026-02-15,3,182,1.856912216540511,2.680384602849696,1.9064907648822906
Ridge,4,6,2026-02-15,4,169,2.9880324449608153,4.225019492679174,3.7597866228723884
Ridge,4,6,2026-02-15,5,117,4.320213428725544,5.498671079490131,7.987865512585956
Ridge,5,1,2026-02-16,1,245,0.43315586946448503,0.5411222993186962,0.5411470216897732
Ridge,5,1,2026-02-16,2,242,0.6511994353995836,1.3102878286890127,0.6784550145780786
Ridge,5,1,2026-02-16,3,244,0.7004482811265956,1.0177342915544196,0.7065006684579738
Ridge,5,1,2026-02-16,4,242,1.3015864243520523,1.9422961355629256,1.5869433175843735
Ridge,5,1,2026-02-16,5,153,2.15868784919024,2.964567858177795,4.147648386139767
Ridge,5,1,2026-02-17,1,7,2.790337698800223,2.7907394612243484,3.0914983283558013
Ridge,5,1,2026-02-17,2,9,2.794397989908854,2.800029559559322,2.9184847255629496
Ridge,5,1,2026-02-17,3,8,2.7854766845703125,2.7861036307628733,2.839534210334976
Ridge,5,1,2026-02-17,4,6,3.086573282877604,3.0877182105532817,3.3516514739440537
Ridge,5,1,2026-02-17,5,5,6.50828857421875,7.486722776399264,11.944304435832667
Ridge,5,1,2026-02-18,1,186,4.608125809700258,5.224097365418689,5.833714798213814
Ridge,5,1,2026-02-18,2,161,4.926284979589237,5.841429236030742,5.284910786759919
Ridge,5,1,2026-02-18,3,186,5.014346420124013,5.957876592842637,5.286491333144711
Ridge,5,1,2026-02-18,4,172,4.7504307059354565,5.565801903664066,5.543306356686388
Ridge,5,1,2026-02-18,5,107,4.1409033659462615,5.11517604263926,7.054103037433559
Ridge,5,1,2026-02-19,1,174,0.35334014892578125,0.5676629817200608,0.4413413425393532
Ridge,5,1,2026-02-19,2,171,1.085462559036344,1.9816065617376448,1.1239114478437886
Ridge,5,1,2026-02-19,3,187,1.1163002054959057,2.042517656472473,1.1417966222880247
Ridge,5,1,2026-02-19,4,170,1.4183599808636833,2.612213290651041,1.833572400958187
Ridge,5,1,2026-02-19,5,121,2.880588499967717,4.369045406269325,5.4424547036316895
Ridge,5,1,2026-02-20,1,180,0.2825179206000434,0.36298145633004725,0.3607189773262473
Ridge,5,1,2026-02-20,2,177,0.5779853289185719,0.9656407549559245,0.5918181643376159
Ridge,5,1,2026-02-20,3,184,0.4532041549682617,0.6552948734698166,0.4560339534393922
Ridge,5,1,2026-02-20,4,199,0.9297257747682096,1.6165646763270562,1.1665177015696915
Ridge,5,1,2026-02-20,5,120,2.1893851280212404,3.3556375938481127,4.2853467695296645
Ridge,5,1,2026-02-21,1,226,0.47389243134355125,0.6082673015315961,0.5951326669781898
Ridge,5,1,2026-02-21,2,235,0.6608640197321032,1.1945840282102385,0.6831474268644818
Ridge,5,1,2026-02-21,3,238,0.7541995970140986,1.8233474814954465,0.7729695691921522
Ridge,5,1,2026-02-21,4,241,1.223920281332393,2.32916006129891,1.4508871477728669
Ridge,5,1,2026-02-21,5,153,1.7619525186376634,2.43080099204097,3.1963962930541756
Ridge,5,1,2026-02-22,1,180,0.26642195383707684,0.34131313016046266,0.3458097965651403
Ridge,5,1,2026-02-22,2,152,2.147089255483527,4.476622835438842,2.299820057088001
Ridge,5,1,2026-02-22,3,179,2.5869013610498865,4.817087161124859,2.7409316664698875
Ridge,5,1,2026-02-22,4,165,1.7143223849209872,3.103994824369422,2.2758098501012562
Ridge,5,1,2026-02-22,5,101,2.532107891422687,3.5427421997899073,4.566777159842609
Ridge,5,3,2026-02-16,1,209,0.4436693875983571,0.5523408137047049,0.573580071690923
Ridge,5,3,2026-02-16,2,202,0.6694312520546489,1.134050856114305,0.6963657296455783
Ridge,5,3,2026-02-16,3,209,0.6261124070941736,0.8294316301241919,0.6307429220720199
Ridge,5,3,2026-02-16,4,203,1.1661194758005458,1.75623063640874,1.3886595969626647
Ridge,5,3,2026-02-16,5,125,1.8440918850368913,2.5925617719718494,3.6042918862041446
Ridge,5,3,2026-02-17,1,5,5.0994384765625,5.0996191104106945,5.729623046032338
Ridge,5,3,2026-02-17,2,3,5.0538330078125,5.0610316631501675,5.445838063962511
Ridge,5,3,2026-02-17,3,6,5.108258565266927,5.10856071466775,5.278744073542029
Ridge,5,3,2026-02-17,4,3,5.4133148193359375,5.416230344448836,6.080073342662792
Ridge,5,3,2026-02-17,5,1,5.794914245605469,5.794914245605469,6.809331483345976
Ridge,5,3,2026-02-18,1,82,5.34893882565382,6.07624271714329,6.6020709726182245
Ridge,5,3,2026-02-18,2,63,4.01757723692233,5.046325890400287,4.304609009085588
Ridge,5,3,2026-02-18,3,88,4.867666360103723,5.829232387801631,5.133256606330658
Ridge,5,3,2026-02-18,4,75,5.267081485324435,6.154814888453892,6.193147969002191
Ridge,5,3,2026-02-18,5,42,5.8796043698749845,6.626484528852858,9.92933050843659
Ridge,5,3,2026-02-19,1,64,0.3257904648780823,0.6453227059241439,0.3888056474656255
Ridge,5,3,2026-02-19,2,75,1.2426451958550349,2.0133793621930423,1.2765953305494202
Ridge,5,3,2026-02-19,3,98,0.8949474931574192,1.2772812052127358,0.9077190869119817
Ridge,5,3,2026-02-19,4,72,1.3146001321298104,2.286143226494043,1.7433930178126553
Ridge,5,3,2026-02-19,5,66,2.9814062600183973,4.320000209495848,5.4145590274377255
Ridge,5,3,2026-02-20,1,84,0.2626995813278925,0.3418781501012578,0.32907011001317144
Ridge,5,3,2026-02-20,2,81,0.7247713818962191,1.1893338298263367,0.7406657578264713
Ridge,5,3,2026-02-20,3,89,0.6187132074591817,1.116494095244698,0.6258513134355416
Ridge,5,3,2026-02-20,4,128,1.1300582190354662,1.7295607401290989,1.3614307629483768
Ridge,5,3,2026-02-20,5,57,2.0831342700861577,2.888723706835628,4.229328101274201
Ridge,5,3,2026-02-21,1,161,0.45623253295140237,0.5890465956788957,0.5673155420016619
Ridge,5,3,2026-02-21,2,176,0.6272896708864153,0.8805119415246464,0.64369803391825
Ridge,5,3,2026-02-21,3,193,0.6243869735375175,0.9613125402812145,0.6289936033617576
Ridge,5,3,2026-02-21,4,196,0.9688504017940182,1.454653760671205,1.1433780886428786
Ridge,5,3,2026-02-21,5,123,1.7417795823949245,2.3106110904260335,3.108323388869657
Ridge,5,3,2026-02-22,1,77,0.2578795296805246,0.32444033568559477,0.32734428250211856
Ridge,5,3,2026-02-22,2,52,2.1529294038430242,3.25168211454221,2.2489761138386166
Ridge,5,3,2026-02-22,3,78,2.2294918288532486,3.5097764771777293,2.305968832690329
Ridge,5,3,2026-02-22,4,66,1.7138888041178386,2.9273573150263905,2.350155689301712
Ridge,5,3,2026-02-22,5,34,2.2621699688481343,3.1964224915753756,4.560288654072885
Ridge,5,6,2026-02-16,1,198,0.414597000738587,0.501579729152085,0.5398342649635961
Ridge,5,6,2026-02-16,2,196,0.6942060898761359,1.1165142391574798,0.7212540544271383
Ridge,5,6,2026-02-16,3,199,0.6183301157820902,0.8022474892895014,0.6231837147043561
Ridge,5,6,2026-02-16,4,194,1.2028579563346244,1.7654672752721614,1.4309815902245047
Ridge,5,6,2026-02-16,5,123,1.8489043245255237,2.6087878752898983,3.6234757284535744
Ridge,5,6,2026-02-17,1,11,5.025936473499645,5.032576917101539,5.655102929419857
Ridge,5,6,2026-02-17,2,5,5.230136108398438,5.235113593151101,5.580225926431392
Ridge,5,6,2026-02-17,3,6,5.1031443277994795,5.108642361649281,5.291428650032864
Ridge,5,6,2026-02-17,4,5,5.580665588378906,5.5848367558473,5.741107724759895
Ridge,5,6,2026-02-17,5,1,13.908649444580078,13.908649444580078,30.206201471004906
Ridge,5,6,2026-02-18,1,97,7.500006882185788,8.00223700977557,9.303063063938128
Ridge,5,6,2026-02-18,2,60,4.9670019955105245,5.519367527614397,5.348614406552714
Ridge,5,6,2026-02-18,3,106,5.4268920370617755,6.317674070171577,5.75304583606971
Ridge,5,6,2026-02-18,4,91,6.121214884104746,6.687729485897427,6.971443031215017
Ridge,5,6,2026-02-18,5,51,5.484905941034455,6.203584835396258,8.94935377728566
Ridge,5,6,2026-02-19,1,87,0.27282364066989945,0.31410760565934237,0.3137408060980173
Ridge,5,6,2026-02-19,2,91,0.9811160971393514,1.4804286500423542,1.0050513954601792
Ridge,5,6,2026-02-19,3,121,0.8354689753088417,1.1599968308253166,0.8459723655007115
Ridge,5,6,2026-02-19,4,87,1.4935299928160917,2.2676174091452292,2.0019917800605525
Ridge,5,6,2026-02-19,5,83,2.9011347973681834,3.604692720435898,5.123796782904636
Ridge,5,6,2026-02-20,1,94,0.2705418201203042,0.35019177885115643,0.34583600260925806
Ridge,5,6,2026-02-20,2,108,0.6367637587182315,1.0485416428464478,0.6507122690978201
Ridge,5,6,2026-02-20,3,117,0.5976788121410928,0.9018056354328112,0.6029799390458646
Ridge,5,6,2026-02-20,4,166,0.9884026349947312,1.3836062378041472,1.1836672902581693
Ridge,5,6,2026-02-20,5,79,1.66895552580199,2.127642204509244,3.158322783908793
Ridge,5,6,2026-02-21,1,206,0.44889603772209685,0.5380685770366562,0.5479740451432579
Ridge,5,6,2026-02-21,2,209,0.5615515725654464,0.7024245944961459,0.5775759494434872
Ridge,5,6,2026-02-21,3,221,0.5371742306072068,0.7133943096257935,0.5402466668153084
Ridge,5,6,2026-02-21,4,219,0.9235326034414287,1.3092899338529138,1.0871530601650399
Ridge,5,6,2026-02-21,5,144,1.8024937211731336,2.326486592782171,3.246089564675205
Ridge,5,6,2026-02-22,1,84,0.24030726296561106,0.29310513324191345,0.3140297340426896
Ridge,5,6,2026-02-22,2,43,2.111874436962512,2.9586646325549237,2.196227982159886
Ridge,5,6,2026-02-22,3,82,1.8286395995597529,2.502074814853215,1.8723468024869707
Ridge,5,6,2026-02-22,4,73,1.8740420615836368,2.995342084228348,2.553149323611888
Ridge,5,6,2026-02-22,5,32,3.1137031316757198,3.498663269400275,5.71887799148086
Ridge,6,1,2026-02-23,1,224,0.5479247059140887,1.4820069130132503,0.6661129137580956
Ridge,6,1,2026-02-23,2,216,1.0304203268922405,1.838477276457061,1.0755962397687526
Ridge,6,1,2026-02-23,3,214,0.7825514891437281,1.274822114877647,0.7927579084138839
Ridge,6,1,2026-02-23,4,225,1.1206796208134404,2.236531041040825,1.442645165420772
Ridge,6,1,2026-02-23,5,137,2.4669415550510383,3.8062924399142233,5.041550850460527
Ridge,6,1,2026-02-24,1,198,0.4288885392725267,0.6263549445083136,0.53739527976831
Ridge,6,1,2026-02-24,2,192,0.8056454526053534,1.7263917555235564,0.8349410088673035
Ridge,6,1,2026-02-24,3,200,0.9700414021809897,2.205019273114272,1.0001775682510716
Ridge,6,1,2026-02-24,4,196,1.3124744908339312,2.192866322217507,1.6108684867256433
Ridge,6,1,2026-02-24,5,125,2.2006534932454427,3.1155239010269717,4.313938019544709
Ridge,6,1,2026-02-25,1,248,0.2666149139404297,0.35879424427164575,0.3423177464129217
Ridge,6,1,2026-02-25,2,250,0.8059310404459636,1.8863988275270647,0.8389849135096522
Ridge,6,1,2026-02-25,3,252,0.8678839749129361,2.061924897697372,0.8939076373954927
Ridge,6,1,2026-02-25,4,252,1.3763821516087449,2.366352510771058,1.6400029184555953
Ridge,6,1,2026-02-25,5,157,2.5466458346939898,3.585167843171665,4.322260752123713
Ridge,6,1,2026-02-26,1,260,0.5140871488131009,1.1684427563715987,0.6290463429881967
Ridge,6,1,2026-02-26,2,259,0.8466597057524181,2.6602117130642418,0.9028145000559464
Ridge,6,1,2026-02-26,3,263,1.1514045125480235,3.2258847623471647,1.2121363407832029
Ridge,6,1,2026-02-26,4,255,1.8560918471392462,3.4352324669677015,2.283136385653525
Ridge,6,1,2026-02-26,5,162,2.7646414988325456,3.9096897050104285,5.016656123764481
Ridge,6,1,2026-02-27,1,257,0.4032871280971977,0.7145858466650747,0.5053105267124078
Ridge,6,1,2026-02-27,2,259,0.5774620969323118,1.0496027248841768,0.5984893271846976
Ridge,6,1,2026-02-27,3,258,0.7785236053072512,2.0254835621949936,0.8060465540116493
Ridge,6,1,2026-02-27,4,262,2.0512829069569514,4.22137509878372,2.4914737859347973
Ridge,6,1,2026-02-27,5,167,2.1630347246181465,3.1245266499643516,4.046972833552123
Ridge,6,1,2026-02-28,1,246,0.5968406801301289,0.7769676097311788,0.7375827186941775
Ridge,6,1,2026-02-28,2,252,0.8657121002358734,1.4396573286056533,0.8974410570724536
Ridge,6,1,2026-02-28,3,246,0.895451450089452,1.4621858245037094,0.9082633519872002
Ridge,6,1,2026-02-28,4,248,1.478960109013383,2.154835821739415,1.7321450099368236
Ridge,6,1,2026-02-28,5,156,1.9929000332824187,2.595642427557997,3.498524474755724
Ridge,6,3,2026-02-23,1,154,0.6524601285419768,1.1197417826063476,0.8036146471674667
Ridge,6,3,2026-02-23,2,146,1.081639416141597,1.7031437315594018,1.1205264814487406
Ridge,6,3,2026-02-23,3,135,0.9287460327148438,1.5071309962667507,0.9420640622626254
Ridge,6,3,2026-02-23,4,157,1.2684963952541686,2.116800266199822,1.5926562433202072
Ridge,6,3,2026-02-23,5,88,2.5000319529061357,3.8885371289435082,4.778180994891058
Ridge,6,3,2026-02-24,1,126,0.45114943085524156,0.5681659572377474,0.5710572285737444
Ridge,6,3,2026-02-24,2,93,0.800638032500747,1.2249752054777419,0.8219087558446754
Ridge,6,3,2026-02-24,3,117,1.1126982063083344,1.706375584922217,1.1307755230871015
Ridge,6,3,2026-02-24,4,103,1.2319011873411898,1.7146718459910353,1.4860468207409931
Ridge,6,3,2026-02-24,5,67,1.7512087592635777,2.4718653497457104,3.4789969228878466
Ridge,6,3,2026-02-25,1,225,0.2721048651801215,0.3923624562954909,0.3536306249015694
Ridge,6,3,2026-02-25,2,235,0.5942787837756726,0.9952680409044723,0.6122718558387976
Ridge,6,3,2026-02-25,3,236,0.7124018911587995,1.2069798496785349,0.7219886614429297
Ridge,6,3,2026-02-25,4,232,1.373154410000505,2.27794031929092,1.6592058599320572
Ridge,6,3,2026-02-25,5,139,2.6968297279900697,3.8663881464655425,4.502012802124775
Ridge,6,3,2026-02-26,1,252,0.5015706410483711,0.7396944795061408,0.6127068774007155
Ridge,6,3,2026-02-26,2,247,0.7621731537180979,1.6913753342060989,0.7911339207811808
Ridge,6,3,2026-02-26,3,261,1.00431303411608,1.9968681675012139,1.0286200874301714
Ridge,6,3,2026-02-26,4,237,1.8566793879040853,2.907806924530853,2.2846420937021397
Ridge,6,3,2026-02-26,5,152,2.8111567357827347,3.891397739676896,4.938423494924382
Ridge,6,3,2026-02-27,1,242,0.4013371638358459,0.5797311735778747,0.5024017735761696
Ridge,6,3,2026-02-27,2,251,0.4805212709005555,0.6835437144329737,0.4970350322514866
Ridge,6,3,2026-02-27,3,246,0.600233586284634,1.0686501098175292,0.6115693730660409
Ridge,6,3,2026-02-27,4,257,1.7488621877892114,2.7093829603094726,2.156085165237475
Ridge,6,3,2026-02-27,5,165,2.311275012083728,3.0801383598112855,4.317856315697697
Ridge,6,3,2026-02-28,1,213,0.656238358905058,0.782736679210452,0.7973925953064407
Ridge,6,3,2026-02-28,2,228,0.8292083963316086,1.1233489404794463,0.856634746818244
Ridge,6,3,2026-02-28,3,211,0.9098322518315047,1.2645527388664468,0.9184635632058396
Ridge,6,3,2026-02-28,4,219,1.684655838361069,2.330109865188113,2.000474414404649
Ridge,6,3,2026-02-28,5,132,2.5091337049850306,2.9798997531510483,4.439071738699615
Ridge,6,6,2026-02-23,1,206,0.6132067555877126,0.9126160100237329,0.7427191317654217
Ridge,6,6,2026-02-23,2,184,0.9166597034620202,1.4481050438208576,0.9460685431643967
Ridge,6,6,2026-02-23,3,193,0.9587460058340754,1.716094237332442,0.9756535352382049
Ridge,6,6,2026-02-23,4,211,1.2841098695004722,1.8669967144127375,1.5978760006143904
Ridge,6,6,2026-02-23,5,115,2.374011893157222,3.323064734311055,4.471470113360549
Ridge,6,6,2026-02-24,1,163,0.37034330725588593,0.4744940834802202,0.45493808443266015
Ridge,6,6,2026-02-24,2,127,0.749708973641783,1.131361180131765,0.7702708437814816
Ridge,6,6,2026-02-24,3,145,0.9734871957128532,1.216396396450622,0.9844754567501911
Ridge,6,6,2026-02-24,4,152,1.0880962053934726,1.3828890826544882,1.287454214683032
Ridge,6,6,2026-02-24,5,93,1.5666286081111278,1.9702873407702632,2.8135405846226877
Ridge,6,6,2026-02-25,1,247,0.2705935428017064,0.3959083235730218,0.35497395804373383
Ridge,6,6,2026-02-25,2,255,0.47530760920904774,0.7105209890170404,0.4887717363138363
Ridge,6,6,2026-02-25,3,261,0.6084678815546933,0.8699880093892983,0.6133652241102148
Ridge,6,6,2026-02-25,4,258,1.269952094893739,2.0701736371430712,1.5665793490166782
Ridge,6,6,2026-02-25,5,158,2.7000489864000627,3.703356465236359,4.538850072855766
Ridge,6,6,2026-02-26,1,264,0.402427092465487,0.5126822854819064,0.5052362661839057
Ridge,6,6,2026-02-26,2,263,0.7740239886729894,1.3179709272852427,0.798058677909328
Ridge,6,6,2026-02-26,3,264,0.9319625835226035,1.5368297741590538,0.9458353377483024
Ridge,6,6,2026-02-26,4,261,1.7176750641064016,2.4409166634769113,2.1526889934741993
Ridge,6,6,2026-02-26,5,162,2.7760819062283986,3.4934017153785377,4.807821823820846
Ridge,6,6,2026-02-27,1,264,0.3681760315943244,0.4771501194439118,0.47071188395797586
Ridge,6,6,2026-02-27,2,264,0.4199731068980406,0.5246081854180358,0.4344543501353376
Ridge,6,6,2026-02-27,3,262,0.4470765532023627,0.7378488645631828,0.45374357371277574
Ridge,6,6,2026-02-27,4,264,1.537219342318448,2.249974763579343,1.8558051681334966
Ridge,6,6,2026-02-27,5,168,1.8039353284886275,2.423191215428609,3.2940022351242946
Ridge,6,6,2026-02-28,1,197,0.6776162833328375,0.7695060067081557,0.8307243073805112
Ridge,6,6,2026-02-28,2,198,0.7914642950501105,0.9982453570886682,0.8164983396281278
Ridge,6,6,2026-02-28,3,191,0.8997855416697911,1.1935336820952422,0.9060860712717815
Ridge,6,6,2026-02-28,4,198,1.6814038834320304,2.2662184770872553,2.0212495259776926
Ridge,6,6,2026-02-28,5,126,2.374756601458084,2.8540759251440413,4.202183789268249
SeasonalHA,1,1,2026-01-19,1,172,0.23837207823760748,1.2450402119865043,0.2754845521571976
SeasonalHA,1,1,2026-01-19,2,181,0.4523097507202823,1.638735336151704,0.47757198577386006
SeasonalHA,1,1,2026-01-19,3,169,0.5105194001508182,1.435978618864804,0.5238965863373545
SeasonalHA,1,1,2026-01-19,4,182,1.263698011964232,2.409731733933453,1.5818167092583768
SeasonalHA,1,1,2026-01-19,5,123,2.0656051325604197,3.166175189110967,4.043944335874569
SeasonalHA,1,1,2026-01-20,1,174,0.39336693423917923,1.1558110173700853,0.4411609164849995
SeasonalHA,1,1,2026-01-20,2,171,0.6559943037423474,1.7156106957517603,0.6879029700610503
SeasonalHA,1,1,2026-01-20,3,184,0.5759963989257812,1.5950213658291108,0.5911711047160145
SeasonalHA,1,1,2026-01-20,4,173,1.3020230772867367,2.32685914068766,1.6940072864774578
SeasonalHA,1,1,2026-01-20,5,119,2.509943970111238,3.4916120928055934,4.859942398767295
SeasonalHA,1,1,2026-01-21,1,193,0.571783154739617,1.5488759368393212,0.6433168379677274
SeasonalHA,1,1,2026-01-21,2,186,0.5859319488634773,1.606227222555167,0.6117898746132279
SeasonalHA,1,1,2026-01-21,3,188,0.585217185054265,1.6738294878085822,0.6034156228533326
SeasonalHA,1,1,2026-01-21,4,184,1.525754790375198,2.6969365354557784,1.9265340550586176
SeasonalHA,1,1,2026-01-21,5,102,2.7422789405373966,3.7222247294122046,5.0244853411076775
SeasonalHA,1,1,2026-01-22,1,177,0.4993251649673376,1.467771762857694,0.5659142883625728
SeasonalHA,1,1,2026-01-22,2,186,0.5077284946236559,1.5543612958203872,0.5290787741182219
SeasonalHA,1,1,2026-01-22,3,173,0.5599790804647986,1.3364296339457298,0.5704394850792891
SeasonalHA,1,1,2026-01-22,4,178,1.5392321254430192,2.49434832106665,1.9309053912583434
SeasonalHA,1,1,2026-01-22,5,116,2.3651935478736617,3.2222603355004704,4.346121459307851
SeasonalHA,1,1,2026-01-23,1,197,0.17201077998592162,0.6697097170861418,0.19027866484681788
SeasonalHA,1,1,2026-01-23,2,195,0.18868955954527245,0.7646153080296496,0.1957878224747791
SeasonalHA,1,1,2026-01-23,3,207,0.13540656785458183,0.5198928778052548,0.13677470369209568
SeasonalHA,1,1,2026-01-23,4,207,0.64177399173067,1.2919466973992462,0.8286294719510309
SeasonalHA,1,1,2026-01-23,5,126,1.586243225783898,2.2410027912532446,3.164995568800303
SeasonalHA,1,1,2026-01-24,1,205,0.9243901942803607,2.7842126590351257,1.0618865167592042
SeasonalHA,1,1,2026-01-24,2,208,1.140865301474547,3.3480796859733917,1.2613752321314644
SeasonalHA,1,1,2026-01-24,3,191,1.2592931351320489,3.636567902844911,1.371598678327348
SeasonalHA,1,1,2026-01-24,4,200,1.95479154586792,4.356038481654201,2.4120944515825524
SeasonalHA,1,1,2026-01-24,5,134,2.2070687042539987,3.6216571405703677,4.252551886059764
SeasonalHA,1,1,2026-01-25,1,180,0.1762191348605686,0.4831055279209569,0.19448237367479176
SeasonalHA,1,1,2026-01-25,2,152,1.7655702390168841,4.267252275294949,1.8977072229028873
SeasonalHA,1,1,2026-01-25,3,179,2.3792599299766497,4.957549359440213,2.531209778422044
SeasonalHA,1,1,2026-01-25,4,165,2.0983250473484847,4.035685701861843,2.808246093566755
SeasonalHA,1,1,2026-01-25,5,101,3.1739273071289062,4.527824483311971,5.499856269617629
SeasonalHA,1,3,2026-01-19,1,66,0.2880190069025211,0.9390571981533785,0.3246431489749766
SeasonalHA,1,3,2026-01-19,2,85,0.42396530450559133,0.982158157991068,0.43467906261028655
SeasonalHA,1,3,2026-01-19,3,68,0.4711667603137447,0.936032234498561,0.4769929475308906
SeasonalHA,1,3,2026-01-19,4,89,1.0091029344575386,1.6480511548692356,1.2481475038680299
SeasonalHA,1,3,2026-01-19,5,62,1.4451169762560114,2.0391232880781858,2.9704549922224373
SeasonalHA,1,3,2026-01-20,1,68,0.2952818029067096,0.7106779163214977,0.32764514644601755
SeasonalHA,1,3,2026-01-20,2,73,0.7669523056239298,1.3702223022014666,0.7959590623152337
SeasonalHA,1,3,2026-01-20,3,88,0.5625105771151454,1.1351537583569675,0.5716004304546088
SeasonalHA,1,3,2026-01-20,4,77,1.161802613890016,1.7697168683217006,1.4976457707766937
SeasonalHA,1,3,2026-01-20,5,60,2.2257327397664386,2.8327820493843783,4.287220632642972
SeasonalHA,1,3,2026-01-21,1,111,0.6171463058517506,1.186344242015573,0.6847547635907542
SeasonalHA,1,3,2026-01-21,2,91,0.4738400544293486,1.0589699554519478,0.49221279316330757
SeasonalHA,1,3,2026-01-21,3,93,0.3806301741332275,0.9115931435437612,0.3851478166020176
SeasonalHA,1,3,2026-01-21,4,91,1.3475633465181194,2.149040706465579,1.7405919071366274
SeasonalHA,1,3,2026-01-21,5,37,2.283870725660352,2.8951342278030654,4.216218981876969
SeasonalHA,1,3,2026-01-22,1,71,0.520866071674186,1.0669932505263016,0.5836829913836054
SeasonalHA,1,3,2026-01-22,2,86,0.4664620392082275,0.91671447542312,0.48141557851454947
SeasonalHA,1,3,2026-01-22,3,68,0.41987284492043886,0.8524000945397981,0.42456703436449955
SeasonalHA,1,3,2026-01-22,4,81,1.562025313514741,2.3471361220740525,2.0175669708989874
SeasonalHA,1,3,2026-01-22,5,58,1.8289192243554127,2.6610599896800045,3.1527166188693108
SeasonalHA,1,3,2026-01-23,1,104,0.19400809361384466,0.52714865653027,0.2150059418203785
SeasonalHA,1,3,2026-01-23,2,101,0.23687230478418936,0.7356156485356635,0.2447896781737263
SeasonalHA,1,3,2026-01-23,3,123,0.1075954902462843,0.30385436935208265,0.10805931600415164
SeasonalHA,1,3,2026-01-23,4,129,0.5914978336199511,1.0230356662154247,0.7553496552809034
SeasonalHA,1,3,2026-01-23,5,70,1.1247751175411163,1.560440834449064,2.2769635167697895
SeasonalHA,1,3,2026-01-24,1,129,0.6932706742529,1.9000589483447197,0.777128039628256
SeasonalHA,1,3,2026-01-24,2,130,0.7175674829727569,1.8604048676575247,0.7623221969228815
SeasonalHA,1,3,2026-01-24,3,102,1.044639703754766,2.3502385814305473,1.0965793688722814
SeasonalHA,1,3,2026-01-24,4,117,1.8329926623917712,3.70138731320953,2.2359198776128597
SeasonalHA,1,3,2026-01-24,5,84,1.6883322650162633,2.4034329322645265,3.185417694696125
SeasonalHA,1,3,2026-01-25,1,77,0.1937771091213474,0.40852139723153214,0.21505851608104617
SeasonalHA,1,3,2026-01-25,2,52,1.839449906960512,3.120472908641527,1.9277822245457221
SeasonalHA,1,3,2026-01-25,3,78,2.1729874896188064,3.4160345260446654,2.2522525438508714
SeasonalHA,1,3,2026-01-25,4,66,2.0802399221092767,3.4317279312947004,2.845908464664113
SeasonalHA,1,3,2026-01-25,5,34,3.112649992400524,3.7929221588083415,5.884949134101696
SeasonalHA,1,6,2026-01-19,1,80,0.26170177883572004,0.6692237928401926,0.2926389277156105
SeasonalHA,1,6,2026-01-19,2,94,0.37647266793758316,0.6962706627848948,0.3840624905228469
SeasonalHA,1,6,2026-01-19,3,71,0.3957686375004586,0.6406386433971208,0.3991366635025017
SeasonalHA,1,6,2026-01-19,4,107,0.7137030081585555,1.0839870368782452,0.9106396735305586
SeasonalHA,1,6,2026-01-19,5,74,1.1527685612171616,1.5273678524967789,2.359529000315268
SeasonalHA,1,6,2026-01-20,1,90,0.47627588907877605,0.8428175422240801,0.5273217514727785
SeasonalHA,1,6,2026-01-20,2,94,0.6569974912819287,0.9635764346601875,0.6782103838838057
SeasonalHA,1,6,2026-01-20,3,106,0.5359433731942808,0.8517698542216992,0.5417907830457226
SeasonalHA,1,6,2026-01-20,4,92,1.2319743944251018,1.7588678480555284,1.600292027784433
SeasonalHA,1,6,2026-01-20,5,68,2.1342484268487674,2.4373643232959585,3.740896621443663
SeasonalHA,1,6,2026-01-21,1,142,0.6033307142660653,0.9095814296987251,0.6670634846513832
SeasonalHA,1,6,2026-01-21,2,113,0.437415185438848,0.734367399302652,0.4531831158066137
SeasonalHA,1,6,2026-01-21,3,109,0.3618013901083473,0.6936858883879293,0.36634359906650066
SeasonalHA,1,6,2026-01-21,4,107,1.1730088801398828,1.730602770151245,1.4305215189144478
SeasonalHA,1,6,2026-01-21,5,35,1.9133380599248977,2.2899722173845456,3.276921870214822
SeasonalHA,1,6,2026-01-22,1,99,0.4872486255787034,0.7351728473252799,0.5437306061956665
SeasonalHA,1,6,2026-01-22,2,126,0.3528903658427891,0.6193355501594803,0.36201100987701823
SeasonalHA,1,6,2026-01-22,3,87,0.4064856342885686,0.6298907467650973,0.4099844727295312
SeasonalHA,1,6,2026-01-22,4,101,1.1707639562021386,1.7154184727555455,1.4599474731922102
SeasonalHA,1,6,2026-01-22,5,80,1.1809911441802978,1.6124568146781924,1.970762296076695
SeasonalHA,1,6,2026-01-23,1,133,0.21820831298828125,0.39623339924972784,0.23968667032688107
SeasonalHA,1,6,2026-01-23,2,134,0.22881664446930386,0.6120311334628464,0.23685982119104843
SeasonalHA,1,6,2026-01-23,3,144,0.14073965284559461,0.3251753821691355,0.14127130712356029
SeasonalHA,1,6,2026-01-23,4,152,0.5625262266014054,0.8339768630685455,0.7215820582741894
SeasonalHA,1,6,2026-01-23,5,90,1.0007823694488147,1.2051763511419378,1.8327855752916353
SeasonalHA,1,6,2026-01-24,1,161,0.7184154344641642,1.4092456221287089,0.7951212208383236
SeasonalHA,1,6,2026-01-24,2,157,0.7263801666497341,1.4280448866659896,0.7621841752214171
SeasonalHA,1,6,2026-01-24,3,115,0.8897680737776452,1.653403884011434,0.919332730700909
SeasonalHA,1,6,2026-01-24,4,139,1.5046777806026665,2.7554586106892374,1.7807661964729626
SeasonalHA,1,6,2026-01-24,5,97,1.6920314456725594,2.2254385987296588,3.244338612105374
SeasonalHA,1,6,2026-01-25,1,84,0.1748659951346261,0.27551673266541055,0.1938111414981266
SeasonalHA,1,6,2026-01-25,2,43,1.8010763951974325,2.6227487979668274,1.8745685754429806
SeasonalHA,1,6,2026-01-25,3,82,1.9339502908350004,2.551086056294135,1.9805744197842368
SeasonalHA,1,6,2026-01-25,4,73,1.8105707943711649,3.0227781288360283,2.501705767790846
SeasonalHA,1,6,2026-01-25,5,32,3.7630241394042976,4.161240893636436,6.699808036715037
SeasonalHA,2,1,2026-01-26,1,187,0.154456303506399,0.9262855698647818,0.17275473030077754
SeasonalHA,2,1,2026-01-26,2,183,0.4383805071721312,1.5690030955093754,0.460846298977355
SeasonalHA,2,1,2026-01-26,3,189,0.6668503776429191,2.0252996125514016,0.6890240733910393
SeasonalHA,2,1,2026-01-26,4,191,1.1461387487814274,2.3528844209554425,1.4516773879757892
SeasonalHA,2,1,2026-01-26,5,125,2.4824002227783204,3.882561002939501,5.843013148046597
SeasonalHA,2,1,2026-01-27,1,178,0.4323579595330056,1.1735534742328984,0.48183778213059064
SeasonalHA,2,1,2026-01-27,2,172,0.5965761288191921,1.406350777321543,0.6217246021817064
SeasonalHA,2,1,2026-01-27,3,183,0.5368170399483436,1.3065538280673266,0.5468421279043642
SeasonalHA,2,1,2026-01-27,4,195,1.069266379592765,1.891937467491465,1.3401034883769556
SeasonalHA,2,1,2026-01-27,5,119,1.9112047467912947,2.7916672504792226,3.8069387065845866
SeasonalHA,2,1,2026-01-28,1,199,0.45979203011722025,1.268042900974678,0.5143347836241965
SeasonalHA,2,1,2026-01-28,2,195,0.45542734260233037,1.1177922309190786,0.4730645668501774
SeasonalHA,2,1,2026-01-28,3,199,0.6124232689938952,1.5565867180826376,0.6274407161408134
SeasonalHA,2,1,2026-01-28,4,198,1.4313133188369702,2.5579297676951014,1.8109057899758645
SeasonalHA,2,1,2026-01-28,5,118,2.1750708003502104,2.9205558078531384,4.1971277378702
SeasonalHA,2,1,2026-01-29,1,198,0.3872122844863018,1.105713989003397,0.4358750817870935
SeasonalHA,2,1,2026-01-29,2,192,0.538223385810852,1.6502967204623344,0.5612575790598502
SeasonalHA,2,1,2026-01-29,3,200,0.8057431411743164,2.109155376419043,0.8317146602150274
SeasonalHA,2,1,2026-01-29,4,195,1.373482943803836,2.359059274312347,1.681494962385114
SeasonalHA,2,1,2026-01-29,5,124,2.2633397963739212,3.1721805129256393,4.218154434406331
SeasonalHA,2,1,2026-01-30,1,221,0.1699976165909573,0.6137716722493458,0.18861179678146034
SeasonalHA,2,1,2026-01-30,2,216,0.2517553965250651,1.0151816582331779,0.26517563407114464
SeasonalHA,2,1,2026-01-30,3,218,0.12596836148416593,0.4513975495191352,0.12707567268297135
SeasonalHA,2,1,2026-01-30,4,194,0.8544029681543305,2.0940084592318704,1.0436142719093264
SeasonalHA,2,1,2026-01-30,5,144,1.4580440432937056,2.122553942134276,2.9977007037177077
SeasonalHA,2,1,2026-01-31,1,225,0.3150741012008102,1.130903369518808,0.355655592849513
SeasonalHA,2,1,2026-01-31,2,225,0.7483022958260995,1.9740181352345667,0.7892389950907804
SeasonalHA,2,1,2026-01-31,3,231,0.7724084895410579,2.028498163415657,0.8004128134492916
SeasonalHA,2,1,2026-01-31,4,219,0.9563927788349772,1.7780351374096575,1.168454370090455
SeasonalHA,2,1,2026-01-31,5,144,1.2734375264909532,1.8699717257883752,2.547971273710694
SeasonalHA,2,1,2026-02-01,1,202,0.5932481721682911,2.00955248733569,0.6837733571961739
SeasonalHA,2,1,2026-02-01,2,210,0.4870237804594494,1.3948525804669707,0.505669663189145
SeasonalHA,2,1,2026-02-01,3,211,0.5946354075065722,1.7676845844018094,0.6122712996208154
SeasonalHA,2,1,2026-02-01,4,214,2.2966576038491318,4.285369955577834,3.1593312813876606
SeasonalHA,2,1,2026-02-01,5,126,4.364627414279514,5.931521152712642,8.443014579766471
SeasonalHA,2,3,2026-01-26,1,92,0.09299513222514724,0.395136088733228,0.10262015291239124
SeasonalHA,2,3,2026-01-26,2,85,0.12148706772748162,0.44738490475286324,0.12379826915253236
SeasonalHA,2,3,2026-01-26,3,95,0.913372240568462,1.542106922262932,0.9272920390390763
SeasonalHA,2,3,2026-01-26,4,102,1.1181508731218728,1.7326029941828858,1.3179370211986583
SeasonalHA,2,3,2026-01-26,5,72,2.482433324978676,3.8358427503956727,6.401588153313808
SeasonalHA,2,3,2026-01-27,1,74,0.37068928898991765,0.8744230625424053,0.4125053614306601
SeasonalHA,2,3,2026-01-27,2,71,0.6064294089733715,1.2639058339196947,0.6266085601104361
SeasonalHA,2,3,2026-01-27,3,82,0.5174623815024771,1.121410468269753,0.5238467396716349
SeasonalHA,2,3,2026-01-27,4,112,1.069658971968151,1.5411913561686141,1.343439115132066
SeasonalHA,2,3,2026-01-27,5,57,1.7733593098601401,2.3345589900676784,3.640079056738717
SeasonalHA,2,3,2026-01-28,1,115,0.3986111700822766,0.9122250874467858,0.44337492682289453
SeasonalHA,2,3,2026-01-28,2,108,0.3996829280146846,0.7564859045376192,0.41143276353852476
SeasonalHA,2,3,2026-01-28,3,114,0.8272209167480469,1.520884152920744,0.8415595892742836
SeasonalHA,2,3,2026-01-28,4,109,1.3162801938927018,2.1549114019383553,1.645112399804708
SeasonalHA,2,3,2026-01-28,5,64,2.08442563811938,2.5557806970017642,3.750148144250966
SeasonalHA,2,3,2026-01-29,1,125,0.380992431640625,0.7298388556019502,0.4248897961864692
SeasonalHA,2,3,2026-01-29,2,94,0.48482088670662965,0.9419766490136233,0.49878245770926855
SeasonalHA,2,3,2026-01-29,3,121,0.8685146153137375,1.469345677714346,0.8810161260529703
SeasonalHA,2,3,2026-01-29,4,103,1.5013486374543321,2.2844305343193816,1.8669486988213972
SeasonalHA,2,3,2026-01-29,5,64,1.9348674847020044,2.6397319347236143,3.463962185247888
SeasonalHA,2,3,2026-01-30,1,157,0.1672536764934564,0.47999878236540594,0.18473953285269853
SeasonalHA,2,3,2026-01-30,2,151,0.18084998057114882,0.501118382654406,0.1895658072542347
SeasonalHA,2,3,2026-01-30,3,147,0.1555901006235828,0.40872551772184235,0.15645422751954352
SeasonalHA,2,3,2026-01-30,4,99,0.718406514554179,1.3394122261297243,0.8508564073683936
SeasonalHA,2,3,2026-01-30,5,107,1.1476895420474555,1.5238700525772682,2.1743563871710343
SeasonalHA,2,3,2026-01-31,1,159,0.20230590905616694,0.48014942771316527,0.22447231655309788
SeasonalHA,2,3,2026-01-31,2,158,0.5905823848418548,1.341868574826323,0.612939932418823
SeasonalHA,2,3,2026-01-31,3,175,0.46349471319289437,1.0764827547223472,0.47186019751864533
SeasonalHA,2,3,2026-01-31,4,148,0.7633133908291836,1.2414275870118812,0.9322966633733426
SeasonalHA,2,3,2026-01-31,5,99,1.1383606946026832,1.5016389779690362,2.305542946454112
SeasonalHA,2,3,2026-02-01,1,105,0.4749119430622727,1.137260535535215,0.5350588970916561
SeasonalHA,2,3,2026-02-01,2,128,0.3055807352066042,0.7632481449640721,0.31342740525552776
SeasonalHA,2,3,2026-02-01,3,128,0.47756463289260875,1.4890520028059906,0.48987097854579265
SeasonalHA,2,3,2026-02-01,4,146,1.977939123795276,3.7227487127357364,2.8324530339670404
SeasonalHA,2,3,2026-02-01,5,70,4.423359637790257,5.6715092920160926,8.142675830316923
SeasonalHA,2,6,2026-01-26,1,112,0.11186527070545019,0.3285667668987519,0.1220160475347857
SeasonalHA,2,6,2026-01-26,2,98,0.32381736599669186,0.6438956896193899,0.329115724186786
SeasonalHA,2,6,2026-01-26,3,117,0.7560668510589167,1.070171439073119,0.7641867851805166
SeasonalHA,2,6,2026-01-26,4,124,0.9211336614410514,1.3479946296429395,1.1043583772871532
SeasonalHA,2,6,2026-01-26,5,102,2.0604138351473673,3.3210608206509353,5.072634570804075
SeasonalHA,2,6,2026-01-27,1,83,0.3464029151273061,0.6584692693177564,0.38305466110350556
SeasonalHA,2,6,2026-01-27,2,88,0.5861554463704427,0.9828479949135199,0.6039790420034492
SeasonalHA,2,6,2026-01-27,3,99,0.4995899393100931,0.8614360116509402,0.5034601546533
SeasonalHA,2,6,2026-01-27,4,139,1.061418691584818,1.3479216400116305,1.310038600253329
SeasonalHA,2,6,2026-01-27,5,67,1.5662961020398498,1.970341802438545,2.9389282435247503
SeasonalHA,2,6,2026-01-28,1,139,0.3793542851265862,0.6695167697690186,0.42137890567842373
SeasonalHA,2,6,2026-01-28,2,145,0.4101897176106771,0.6543497057040706,0.42177320399510687
SeasonalHA,2,6,2026-01-28,3,145,0.5929660139412716,1.0047133042518357,0.5994305185734305
SeasonalHA,2,6,2026-01-28,4,136,1.2298546529283712,1.8058062301836009,1.5477007704998902
SeasonalHA,2,6,2026-01-28,5,85,1.502874945846259,1.9440323124804089,2.360553572318293
SeasonalHA,2,6,2026-01-29,1,161,0.3256465556458656,0.5222256674414306,0.36131778626205074
SeasonalHA,2,6,2026-01-29,2,130,0.3338471906613081,0.5412683008044055,0.3423723410079149
SeasonalHA,2,6,2026-01-29,3,142,0.7809191063536167,1.0893417283964144,0.7882128847036359
SeasonalHA,2,6,2026-01-29,4,143,1.2911922202892048,1.8647494405769265,1.5733137530437937
SeasonalHA,2,6,2026-01-29,5,92,1.4512635705551662,1.9188000890983288,2.4133046204362523
SeasonalHA,2,6,2026-01-30,1,199,0.2045457542841159,0.38227095513590803,0.22521362692375607
SeasonalHA,2,6,2026-01-30,2,195,0.15568584474742883,0.3183239516082823,0.16356081393636535
SeasonalHA,2,6,2026-01-30,3,192,0.1548924711015489,0.3382693706358604,0.15547620226765704
SeasonalHA,2,6,2026-01-30,4,139,0.6571158716337476,0.9781415950020528,0.7574265576890353
SeasonalHA,2,6,2026-01-30,5,135,0.935832440725569,1.1937351500998337,1.674588905971774
SeasonalHA,2,6,2026-01-31,1,207,0.2449078472340167,0.4449971000630609,0.27204007909448347
SeasonalHA,2,6,2026-01-31,2,200,0.45658279673258556,0.7988371233130459,0.47240410723603626
SeasonalHA,2,6,2026-01-31,3,208,0.43365173991928807,0.7525605067293275,0.4397782239504562
SeasonalHA,2,6,2026-01-31,4,193,0.6921481715033772,1.003760379285367,0.814138794429496
SeasonalHA,2,6,2026-01-31,5,122,1.0155010483955418,1.32676611509168,2.147868568806534
SeasonalHA,2,6,2026-02-01,1,135,0.43585555465133125,0.8914617523939355,0.4890639646104507
SeasonalHA,2,6,2026-02-01,2,150,0.28951195949978265,0.5661940761617342,0.2971695610430671
SeasonalHA,2,6,2026-02-01,3,155,0.3832616892168598,0.9140912772509758,0.38828411326444606
SeasonalHA,2,6,2026-02-01,4,160,2.1418934408823653,3.762223648092942,2.981291902076071
SeasonalHA,2,6,2026-02-01,5,87,4.880589113198936,5.73808886817811,9.380353930719858
SeasonalHA,3,1,2026-02-02,1,223,0.24909065372027983,1.306097534257564,0.2824594794149593
SeasonalHA,3,1,2026-02-02,2,218,0.4177752620218725,1.3392538014123458,0.4431663471957661
SeasonalHA,3,1,2026-02-02,3,212,0.3421513899317328,0.914455249945975,0.3474764841535822
SeasonalHA,3,1,2026-02-02,4,226,0.795538314324213,1.714570736513983,1.004421992634114
SeasonalHA,3,1,2026-02-02,5,137,2.015673310217196,3.1564099695488683,4.260052571196443
SeasonalHA,3,1,2026-02-03,1,217,0.8323247648787023,2.849159073905911,0.9743428933795344
SeasonalHA,3,1,2026-02-03,2,203,0.7336187002498331,1.7957311980128923,0.775339667167009
SeasonalHA,3,1,2026-02-03,3,206,0.6695166035377479,1.6788700260385558,0.6874096936176083
SeasonalHA,3,1,2026-02-03,4,213,1.3436955495246328,2.344209876240341,1.6547674690628658
SeasonalHA,3,1,2026-02-03,5,144,2.038602259423998,2.7944421209640335,3.931807633390601
SeasonalHA,3,1,2026-02-04,1,221,0.4850714613049998,1.364623178984632,0.5409561474362223
SeasonalHA,3,1,2026-02-04,2,220,0.5911020914713542,1.5603142936831202,0.6219024162891821
SeasonalHA,3,1,2026-02-04,3,213,0.47785219004456425,1.2704153442420298,0.488669392788522
SeasonalHA,3,1,2026-02-04,4,224,1.1155562287285214,1.9574131052818218,1.4100596716200635
SeasonalHA,3,1,2026-02-04,5,131,2.239870425702355,3.163536665991882,4.823956501016283
SeasonalHA,3,1,2026-02-05,1,234,0.5978752201438969,2.3912292280987866,0.7001483451887285
SeasonalHA,3,1,2026-02-05,2,221,0.3535176272845376,1.041982580409212,0.36497538500688415
SeasonalHA,3,1,2026-02-05,3,231,0.5254500748275163,1.3044619236446082,0.535952742728156
SeasonalHA,3,1,2026-02-05,4,228,1.4202068507322791,2.4272855039493035,1.7868313860358038
SeasonalHA,3,1,2026-02-05,5,141,2.527429071160355,3.5616081286472054,5.383137445640458
SeasonalHA,3,1,2026-02-06,1,223,0.16697627867283843,0.5728024537109316,0.18543140552429246
SeasonalHA,3,1,2026-02-06,2,214,0.2583675562778366,1.091202066285807,0.27653431453088206
SeasonalHA,3,1,2026-02-06,3,212,0.18514721948395732,0.7295339555038501,0.18795321845652332
SeasonalHA,3,1,2026-02-06,4,226,0.5007199143941422,1.1066417149410426,0.6346707439680034
SeasonalHA,3,1,2026-02-06,5,140,1.285442370460147,1.9382651275791678,2.8923465091322154
SeasonalHA,3,1,2026-02-07,1,226,0.2534993602111276,0.6842133416808834,0.27982503461337355
SeasonalHA,3,1,2026-02-07,2,214,0.5824237716532199,1.4688319285872917,0.6093658454785452
SeasonalHA,3,1,2026-02-07,3,230,0.5333504718282949,1.3136912965404148,0.5446212194058729
SeasonalHA,3,1,2026-02-07,4,218,0.9176842809088005,1.7274666972065782,1.1146810899846813
SeasonalHA,3,1,2026-02-07,5,140,1.1843152863638742,1.6701943634543484,2.459722673366903
SeasonalHA,3,1,2026-02-08,1,219,0.19398508986381635,0.6059119145446092,0.21627363157656984
SeasonalHA,3,1,2026-02-08,2,226,0.5313052962311601,1.3915538015044338,0.5507652293465168
SeasonalHA,3,1,2026-02-08,3,230,0.9026276298191236,2.3395651232177697,0.9338758111964797
SeasonalHA,3,1,2026-02-08,4,235,1.3499915373240803,2.82349536969173,1.5636407374931338
SeasonalHA,3,1,2026-02-08,5,148,1.354125095917298,1.918438200288396,2.4250173147449763
SeasonalHA,3,3,2026-02-02,1,152,0.27320905317340005,0.8169665884025628,0.3022782946765565
SeasonalHA,3,3,2026-02-02,2,143,0.4682758037860573,0.9061645760571739,0.48625515895100657
SeasonalHA,3,3,2026-02-02,3,133,0.43327429061545464,0.8456593044928012,0.43859009768665264
SeasonalHA,3,3,2026-02-02,4,158,0.7775139815361357,1.2267854694739364,0.9549040985021673
SeasonalHA,3,3,2026-02-02,5,88,1.6902510782684936,2.560470738652482,3.326989959029115
SeasonalHA,3,3,2026-02-03,1,155,0.8931330581719731,1.7793731344447494,1.0079526277870998
SeasonalHA,3,3,2026-02-03,2,138,0.407660025137442,0.7992483041366523,0.42414303328728986
SeasonalHA,3,3,2026-02-03,3,120,0.38346693250868086,0.6970729892427819,0.38786957828022545
SeasonalHA,3,3,2026-02-03,4,148,1.1470536698808185,1.5958448511355707,1.3885494629357946
SeasonalHA,3,3,2026-02-03,5,111,1.9860360314538175,2.44180495097035,3.7671764671157137
SeasonalHA,3,3,2026-02-04,1,151,0.5249707781277306,1.0666931972969034,0.579633552634091
SeasonalHA,3,3,2026-02-04,2,159,0.4705900169601814,0.9432473740003895,0.4935330050869339
SeasonalHA,3,3,2026-02-04,3,134,0.33061411843371036,0.8751845992628767,0.33735356791195453
SeasonalHA,3,3,2026-02-04,4,162,0.956531286566673,1.6367691298526772,1.221927914134668
SeasonalHA,3,3,2026-02-04,5,79,1.9844413467600384,2.9096603250714432,4.386851928215132
SeasonalHA,3,3,2026-02-05,1,189,0.6534749187489667,1.4381132058065,0.7374636550964141
SeasonalHA,3,3,2026-02-05,2,156,0.276941902617104,0.5645742315365052,0.285093286237809
SeasonalHA,3,3,2026-02-05,3,173,0.603931934158237,1.0757995594196599,0.6109738434344716
SeasonalHA,3,3,2026-02-05,4,173,1.4133532652122969,2.0855647735086715,1.775741286118604
SeasonalHA,3,3,2026-02-05,5,109,2.2848450255321073,3.321701944499354,4.652103714397809
SeasonalHA,3,3,2026-02-06,1,148,0.2243413667421083,0.5398376415989542,0.24838108199184256
SeasonalHA,3,3,2026-02-06,2,139,0.26386947082958656,0.6912005550114577,0.2780479263908923
SeasonalHA,3,3,2026-02-06,3,138,0.2011641350345335,0.4854645947705526,0.20239594315844578
SeasonalHA,3,3,2026-02-06,4,152,0.41877787015591433,0.7231159906602436,0.5024004405001067
SeasonalHA,3,3,2026-02-06,5,86,0.8788655426459102,1.364082663451688,2.0262551178672883
SeasonalHA,3,3,2026-02-07,1,163,0.19489854683905292,0.4656934763634137,0.21321678754801562
SeasonalHA,3,3,2026-02-07,2,150,0.3428954739040799,0.8217222429468864,0.3540114497944401
SeasonalHA,3,3,2026-02-07,3,182,0.5221100552178127,1.1974711383387173,0.531886417555404
SeasonalHA,3,3,2026-02-07,4,160,0.8819082472059465,1.4976673169576442,1.0483481133681811
SeasonalHA,3,3,2026-02-07,5,99,0.9829793709563358,1.3012886614992412,2.1325996608490096
SeasonalHA,3,3,2026-02-08,1,146,0.15862833310479987,0.3481584657987948,0.17529942976431828
SeasonalHA,3,3,2026-02-08,2,162,0.45120862482015983,1.1034328418676662,0.4646319749095054
SeasonalHA,3,3,2026-02-08,3,174,0.6960851004297248,1.4500474769071927,0.7091626918243693
SeasonalHA,3,3,2026-02-08,4,182,1.2554898896642366,2.1463018452682068,1.4249869828574617
SeasonalHA,3,3,2026-02-08,5,115,1.1349329999103637,1.5719139439129632,1.8199135114525287
SeasonalHA,3,6,2026-02-02,1,208,0.238407369760367,0.564897860416699,0.2610916164895915
SeasonalHA,3,6,2026-02-02,2,177,0.44146982349843544,0.7215934073984166,0.45444511225507056
SeasonalHA,3,6,2026-02-02,3,184,0.3797529054724652,0.6060227986184267,0.3828290499963525
SeasonalHA,3,6,2026-02-02,4,207,0.732371218359349,1.074559471742,0.8899468522323926
SeasonalHA,3,6,2026-02-02,5,118,1.3068872013558992,1.860116837211171,2.549560490741885
SeasonalHA,3,6,2026-02-03,1,205,0.7369561221735272,1.1886765301664475,0.8229838638282151
SeasonalHA,3,6,2026-02-03,2,164,0.4213285347956628,0.6636758734211957,0.4373827903493794
SeasonalHA,3,6,2026-02-03,3,175,0.3889167800176714,0.6644551571175241,0.39309247891852106
SeasonalHA,3,6,2026-02-03,4,191,0.9798520778902327,1.398534324387635,1.1835397026553798
SeasonalHA,3,6,2026-02-03,5,134,1.8229217918358034,2.130876627302931,3.5989662579676525
SeasonalHA,3,6,2026-02-04,1,195,0.4797685054768186,0.7402257355594055,0.5270282077330142
SeasonalHA,3,6,2026-02-04,2,188,0.4562469022493829,0.685776158945581,0.4748687919078905
SeasonalHA,3,6,2026-02-04,3,173,0.3468356270321532,0.7325736635225454,0.3509862624592589
SeasonalHA,3,6,2026-02-04,4,196,1.0087216690824692,1.5715029247871701,1.2877477373952675
SeasonalHA,3,6,2026-02-04,5,93,1.7877702359799987,2.6869487531653666,3.790984397518988
SeasonalHA,3,6,2026-02-05,1,229,0.606807905305421,1.0632353045513847,0.6805446753381708
SeasonalHA,3,6,2026-02-05,2,202,0.2567597744881908,0.44371070915405514,0.2630718438357677
SeasonalHA,3,6,2026-02-05,3,226,0.5307531913824841,0.8248022919732274,0.5352891459769109
SeasonalHA,3,6,2026-02-05,4,205,1.2016839831179074,1.6355938420125817,1.4364627302653323
SeasonalHA,3,6,2026-02-05,5,128,1.9059926983382967,2.624836815715031,3.928466479741504
SeasonalHA,3,6,2026-02-06,1,195,0.17708384195963542,0.3275245402482403,0.19559639208535384
SeasonalHA,3,6,2026-02-06,2,183,0.21205671133239395,0.48528969637498803,0.22122009009116061
SeasonalHA,3,6,2026-02-06,3,176,0.2306960076996771,0.40556211698254413,0.23154082879122526
SeasonalHA,3,6,2026-02-06,4,201,0.40972215263404665,0.6971293640380192,0.4905660642769486
SeasonalHA,3,6,2026-02-06,5,121,0.9838690110584042,1.3573347510158627,2.2747271242218754
SeasonalHA,3,6,2026-02-07,1,211,0.2146714920116262,0.38369339410412556,0.2353122171054804
SeasonalHA,3,6,2026-02-07,2,183,0.36895285295441277,0.6822556729274727,0.38061345316947404
SeasonalHA,3,6,2026-02-07,3,224,0.4796015489669076,0.8757910508059598,0.4868686425135152
SeasonalHA,3,6,2026-02-07,4,207,0.6300511936058747,0.9733133469167293,0.7168631436610086
SeasonalHA,3,6,2026-02-07,5,126,0.7232964894128232,0.9793647764194443,1.4400019329587812
SeasonalHA,3,6,2026-02-08,1,162,0.14603824380003375,0.24511199262868272,0.16138686959555895
SeasonalHA,3,6,2026-02-08,2,176,0.284514011036266,0.5582859237133887,0.29201231331715544
SeasonalHA,3,6,2026-02-08,3,175,0.5596632893880209,1.0317402887829181,0.566694597940095
SeasonalHA,3,6,2026-02-08,4,177,0.88635037141406,1.4343277751952772,1.0131961691369957
SeasonalHA,3,6,2026-02-08,5,118,0.9291215102775845,1.1925751516415422,1.5895619979165783
SeasonalHA,4,1,2026-02-09,1,228,0.5307262264497098,1.9022396745534287,0.6113318232886944
SeasonalHA,4,1,2026-02-09,2,221,0.32086475078876203,0.9876519871576287,0.333573029465535
SeasonalHA,4,1,2026-02-09,3,236,0.33690808183055815,0.857020279219619,0.3417381146966481
SeasonalHA,4,1,2026-02-09,4,237,0.6549435332522279,1.183451029888377,0.8185148207994554
SeasonalHA,4,1,2026-02-09,5,153,1.4452030456144047,2.1334411462597322,3.234363836704982
SeasonalHA,4,1,2026-02-10,1,175,0.06879551478794643,0.2587947066429327,0.07496574080431558
SeasonalHA,4,1,2026-02-10,2,175,0.23798239571707588,1.3248165350252719,0.25411441736750234
SeasonalHA,4,1,2026-02-10,3,181,0.1634974611398265,0.5696944661255807,0.16520019498695518
SeasonalHA,4,1,2026-02-10,4,170,0.684754285625383,1.243458949258734,0.8930611017869757
SeasonalHA,4,1,2026-02-10,5,117,1.6805798674580719,2.335931319315304,3.7553853678563804
SeasonalHA,4,1,2026-02-11,1,147,0.1695822371917517,0.6896948442186378,0.18802969392907085
SeasonalHA,4,1,2026-02-11,2,160,0.21708340644836427,0.6801152912406723,0.2227151326574539
SeasonalHA,4,1,2026-02-11,3,147,0.12337213633011798,0.5645872861185061,0.12499245101335191
SeasonalHA,4,1,2026-02-11,4,151,0.8793692346703402,1.7253649085665483,1.1982905841055658
SeasonalHA,4,1,2026-02-11,5,93,2.450892075842854,3.207302782406045,5.5179057926921695
SeasonalHA,4,1,2026-02-12,1,164,0.33182418637159394,1.5766212810573035,0.3835666428511497
SeasonalHA,4,1,2026-02-12,2,157,0.43999539515015423,1.240255007278993,0.4538128855128147
SeasonalHA,4,1,2026-02-12,3,156,0.4426159002842047,1.0067195001359992,0.4486754258580037
SeasonalHA,4,1,2026-02-12,4,155,1.368258511122837,2.2848416706744414,1.8464858635578887
SeasonalHA,4,1,2026-02-12,5,101,3.4860228359109104,4.403172309701187,8.255206566729633
SeasonalHA,4,1,2026-02-13,1,192,0.6634113788604736,3.684817761596455,0.8649774095540632
SeasonalHA,4,1,2026-02-13,2,179,0.8704337434395731,4.642249320115664,1.0193017966671396
SeasonalHA,4,1,2026-02-13,3,176,1.2329473061995073,5.992601158148986,1.4578691312346606
SeasonalHA,4,1,2026-02-13,4,175,1.8184513636997768,5.595721389223786,2.2756117773847944
SeasonalHA,4,1,2026-02-13,5,116,1.9259115416428139,3.118245292772251,3.830259191622895
SeasonalHA,4,1,2026-02-14,1,240,0.8417262607150607,2.7816399551426083,0.9834217711989716
SeasonalHA,4,1,2026-02-14,2,244,0.5958481668774548,1.5211149522378615,0.6259262858348807
SeasonalHA,4,1,2026-02-14,3,250,0.5433467915852864,1.3546346162277114,0.5553027466939512
SeasonalHA,4,1,2026-02-14,4,241,1.2898496414121257,2.2522230113769752,1.6350112070579281
SeasonalHA,4,1,2026-02-14,5,157,2.716953006266535,3.7276700280577075,5.425106658327322
SeasonalHA,4,1,2026-02-15,1,230,0.3724560613217562,1.2899069670815562,0.4260917353834742
SeasonalHA,4,1,2026-02-15,2,227,0.9913009553928906,2.9191829727247436,1.0576350243667403
SeasonalHA,4,1,2026-02-15,3,231,1.8217717510625224,4.564665441042917,1.9519817395101828
SeasonalHA,4,1,2026-02-15,4,226,3.3815044414328965,6.043148517534073,4.438776386182465
SeasonalHA,4,1,2026-02-15,5,149,5.354606756427944,7.704718228022032,9.98006698951104
SeasonalHA,4,3,2026-02-09,1,172,0.4835001184034717,1.3436629607447699,0.5482282115704304
SeasonalHA,4,3,2026-02-09,2,155,0.41280494607904916,0.9548265772348731,0.42513222171001436
SeasonalHA,4,3,2026-02-09,3,189,0.31595845701833253,0.6178202841820175,0.3196524395637278
SeasonalHA,4,3,2026-02-09,4,185,0.506257746241114,0.8332252046674852,0.6119991560868688
SeasonalHA,4,3,2026-02-09,5,123,1.1576813988138568,1.7098141523283388,2.5912477744168236
SeasonalHA,4,3,2026-02-10,1,106,0.05643333579009434,0.15108331835751201,0.06156747430586467
SeasonalHA,4,3,2026-02-10,2,101,0.25038076470000525,0.7999450885473641,0.2599750204603904
SeasonalHA,4,3,2026-02-10,3,105,0.15886920747302827,0.3585411264424269,0.15962055178925852
SeasonalHA,4,3,2026-02-10,4,93,0.5743548713419748,0.9742475249619553,0.7381365943808024
SeasonalHA,4,3,2026-02-10,5,69,1.399569485306549,2.0023162034289936,3.198486582077701
SeasonalHA,4,3,2026-02-11,1,78,0.12500022822975082,0.4126414145340936,0.13630996225264838
SeasonalHA,4,3,2026-02-11,2,89,0.19308300232619383,0.44965314444819515,0.19695826713469788
SeasonalHA,4,3,2026-02-11,3,79,0.020897780792622625,0.08697167641630611,0.020935674294371345
SeasonalHA,4,3,2026-02-11,4,82,0.7539030607476789,1.3596894787493037,0.9969808677745243
SeasonalHA,4,3,2026-02-11,5,50,2.4473352474636503,3.0690743576625077,5.26599432692513
SeasonalHA,4,3,2026-02-12,1,81,0.32544877794053817,0.894783694196041,0.3649721312133542
SeasonalHA,4,3,2026-02-12,2,59,0.5075317210396801,0.8904680042457176,0.5184532856917923
SeasonalHA,4,3,2026-02-12,3,61,0.36898357620656147,0.764960230944536,0.37213618534518467
SeasonalHA,4,3,2026-02-12,4,56,1.1318552834647042,1.9773464420530558,1.6179202638981762
SeasonalHA,4,3,2026-02-12,5,44,3.7002856755497477,4.370643816878758,9.103991651060122
SeasonalHA,4,3,2026-02-13,1,110,0.736330136385831,2.188588291089566,0.9134990166321959
SeasonalHA,4,3,2026-02-13,2,93,0.5293061177790379,1.7159830965182663,0.5564278743166499
SeasonalHA,4,3,2026-02-13,3,85,1.1988622029622398,3.5757701373193007,1.2699736822512258
SeasonalHA,4,3,2026-02-13,4,75,1.7898686387803824,3.5261769398045595,2.0679966361423516
SeasonalHA,4,3,2026-02-13,5,61,1.4251829435699408,2.1031374901039483,2.9566250561772924
SeasonalHA,4,3,2026-02-14,1,198,0.7128707637422947,1.9354769351663041,0.8153254659598599
SeasonalHA,4,3,2026-02-14,2,211,0.40762292139777523,0.9661824297497971,0.4224403947249133
SeasonalHA,4,3,2026-02-14,3,221,0.45981121878338677,1.0291375839372496,0.4670504441346528
SeasonalHA,4,3,2026-02-14,4,204,1.0670868597259193,1.785859140821748,1.340855698277681
SeasonalHA,4,3,2026-02-14,5,135,2.36895135165242,3.0569256053638654,4.768062801019237
SeasonalHA,4,3,2026-02-15,1,172,0.2799970740187696,0.6177650420135393,0.3129286597574936
SeasonalHA,4,3,2026-02-15,2,165,0.7945191251709806,1.8814096199380417,0.8288708507276225
SeasonalHA,4,3,2026-02-15,3,176,1.5052827054804014,2.8311862438239292,1.5642176909846413
SeasonalHA,4,3,2026-02-15,4,173,2.6329575809976116,4.386327489170121,3.528597274169362
SeasonalHA,4,3,2026-02-15,5,115,5.637959099737341,7.262283288890168,9.945238023402348
SeasonalHA,4,6,2026-02-09,1,202,0.445171415792702,0.9999705297201458,0.499762489475604
SeasonalHA,4,6,2026-02-09,2,195,0.3677969777685963,0.7442505761381407,0.37919630279045075
SeasonalHA,4,6,2026-02-09,3,225,0.3527646213107639,0.5439675288278706,0.3556275615670029
SeasonalHA,4,6,2026-02-09,4,229,0.5309011408450938,0.7781037613832484,0.6331750506861283
SeasonalHA,4,6,2026-02-09,5,157,1.1807709023704458,1.6367473364998741,2.6892032202412315
SeasonalHA,4,6,2026-02-10,1,106,0.07836309468971109,0.16078427399640569,0.08486484141899854
SeasonalHA,4,6,2026-02-10,2,122,0.23701129350505906,0.5480522588714113,0.24378310017789462
SeasonalHA,4,6,2026-02-10,3,112,0.12071425574166435,0.254744726448671,0.12123836570552142
SeasonalHA,4,6,2026-02-10,4,98,0.4465854549624215,0.6730686150841592,0.5481234759804214
SeasonalHA,4,6,2026-02-10,5,85,1.5325980531779775,2.06043567353238,3.2962268666054295
SeasonalHA,4,6,2026-02-11,1,83,0.16204115779524386,0.3725096997296787,0.1749015509531444
SeasonalHA,4,6,2026-02-11,2,94,0.20952638666680518,0.39429216970266256,0.21381109662915232
SeasonalHA,4,6,2026-02-11,3,83,0.02475637412932982,0.1345934337626667,0.02484744407456194
SeasonalHA,4,6,2026-02-11,4,82,0.7287995770048649,1.157661183514262,0.9632911546392867
SeasonalHA,4,6,2026-02-11,5,56,2.388571186671182,2.8362932931007787,5.484906001756768
SeasonalHA,4,6,2026-02-12,1,75,0.270065694173177,0.5476237097990596,0.300764902255049
SeasonalHA,4,6,2026-02-12,2,59,0.33282507772499587,0.513398403617295,0.33965606872901477
SeasonalHA,4,6,2026-02-12,3,72,0.3038037618001302,0.4576476030719214,0.30581214936873635
SeasonalHA,4,6,2026-02-12,4,62,1.2879585102040274,1.9998914164939476,1.8519299434621004
SeasonalHA,4,6,2026-02-12,5,49,4.0946538116385875,4.785403034273855,10.937207402499165
SeasonalHA,4,6,2026-02-13,1,159,0.6068424856637759,1.5358870593276743,0.7256157071582506
SeasonalHA,4,6,2026-02-13,2,115,0.5728066883916443,1.4956978581171838,0.5966859089152869
SeasonalHA,4,6,2026-02-13,3,106,0.9850290358441434,2.3289929254906814,1.0143449028518448
SeasonalHA,4,6,2026-02-13,4,112,1.4528443518139063,2.4721490130775674,1.62826297991542
SeasonalHA,4,6,2026-02-13,5,84,1.135478785176756,1.4926017301796668,2.2061418511350355
SeasonalHA,4,6,2026-02-14,1,235,0.6805799566318519,1.3793068459595563,0.7676471657395092
SeasonalHA,4,6,2026-02-14,2,251,0.447510445144336,0.7879724733712491,0.4632212947618323
SeasonalHA,4,6,2026-02-14,3,248,0.482589070856785,0.8869613028721062,0.4883947793329112
SeasonalHA,4,6,2026-02-14,4,238,1.0136911376183777,1.4745919860399548,1.2332336726285011
SeasonalHA,4,6,2026-02-14,5,155,2.176322462840746,2.6349256594680086,4.362666718766628
SeasonalHA,4,6,2026-02-15,1,175,0.3259540366520956,0.5541948027764404,0.3637331904951473
SeasonalHA,4,6,2026-02-15,2,178,0.7247173142641519,1.6274568860198335,0.7521423916996023
SeasonalHA,4,6,2026-02-15,3,182,1.3006496163951595,2.191105399873944,1.3398468634324752
SeasonalHA,4,6,2026-02-15,4,169,2.615904532287718,3.8143600102761885,3.461340453042953
SeasonalHA,4,6,2026-02-15,5,117,5.294312775440704,6.231435587735999,9.637028778131542
SeasonalHA,5,1,2026-02-16,1,245,0.09082364452128508,0.3783572108383396,0.10033788086395644
SeasonalHA,5,1,2026-02-16,2,242,0.3079586186684853,1.1191154979897497,0.32515915766390696
SeasonalHA,5,1,2026-02-16,3,244,0.3005716709491334,0.76621993890248,0.30435506891011715
SeasonalHA,5,1,2026-02-16,4,242,0.6318915921466082,1.225656234640629,0.7906437905661903
SeasonalHA,5,1,2026-02-16,5,153,1.4799558643681812,2.156330671021259,3.203139648149954
SeasonalHA,5,1,2026-02-17,1,7,0.0,0.0,0.0
SeasonalHA,5,1,2026-02-17,2,9,0.20899454752604166,0.44762142824556433,0.21213283459734114
SeasonalHA,5,1,2026-02-17,3,8,0.0,0.0,0.0
SeasonalHA,5,1,2026-02-17,4,6,0.1190478006998698,0.2916063667152271,0.134734777641424
SeasonalHA,5,1,2026-02-17,5,5,1.0587959289550781,1.4933498050345468,1.936063388049254
SeasonalHA,5,1,2026-02-18,1,186,0.30635423557732694,0.8243091200150839,0.34018049546331475
SeasonalHA,5,1,2026-02-18,2,161,1.6858881600895284,4.041933680720171,1.815956766940576
SeasonalHA,5,1,2026-02-18,3,186,2.0331754376811366,4.611901442551747,2.169586868914186
SeasonalHA,5,1,2026-02-18,4,172,1.686519888944404,3.2947495310588577,2.2362445707800562
SeasonalHA,5,1,2026-02-18,5,107,2.9394605583119615,4.321523475536706,5.4044005866722316
SeasonalHA,5,1,2026-02-19,1,174,0.22546356025783496,0.6393119548649565,0.25179775199368903
SeasonalHA,5,1,2026-02-19,2,171,0.568189431352225,1.6799631473307666,0.5916318788798423
SeasonalHA,5,1,2026-02-19,3,187,0.6799647693328041,1.840918619978444,0.6984386726770054
SeasonalHA,5,1,2026-02-19,4,170,0.9684020322911879,1.6462882086230963,1.1812142841094464
SeasonalHA,5,1,2026-02-19,5,121,1.7713608229455868,2.465772522375727,3.5268156728373015
SeasonalHA,5,1,2026-02-20,1,180,0.09231147766113282,0.3495354957847979,0.10266529880515218
SeasonalHA,5,1,2026-02-20,2,177,0.15138406987019623,0.5939699144136409,0.15729801824870737
SeasonalHA,5,1,2026-02-20,3,184,0.09714027073072351,0.33538149271616363,0.09771066863889867
SeasonalHA,5,1,2026-02-20,4,199,0.44960964464861747,0.9533969299904775,0.5810989115333683
SeasonalHA,5,1,2026-02-20,5,120,1.2028612772623697,1.9428410499095272,2.63290922001143
SeasonalHA,5,1,2026-02-21,1,226,0.22771362709788096,0.585289224168257,0.2517465249067434
SeasonalHA,5,1,2026-02-21,2,235,0.5442489515805076,1.4433753242492682,0.5691111333601319
SeasonalHA,5,1,2026-02-21,3,238,0.6843556315959001,2.0944125155560136,0.7107672712341834
SeasonalHA,5,1,2026-02-21,4,241,1.4178628565364852,2.7329858929100044,1.7461065647103582
SeasonalHA,5,1,2026-02-21,5,153,2.531586225256161,3.3271895235218114,4.8561736911965205
SeasonalHA,5,1,2026-02-22,1,180,0.199726316663954,0.49563858652980086,0.22180079715181858
SeasonalHA,5,1,2026-02-22,2,152,1.5360461787173623,3.846145955650933,1.668173484926158
SeasonalHA,5,1,2026-02-22,3,179,2.0201330770993366,4.349726054674404,2.1640756420948493
SeasonalHA,5,1,2026-02-22,4,165,1.6048942334724194,3.1937630646437527,2.175926913741055
SeasonalHA,5,1,2026-02-22,5,101,2.4584461061081084,3.637688722299347,4.402719609747398
SeasonalHA,5,3,2026-02-16,1,209,0.07927207399213143,0.26098324404735135,0.08732013815407441
SeasonalHA,5,3,2026-02-16,2,202,0.3363471833786163,0.8691859958029604,0.3499592746948813
SeasonalHA,5,3,2026-02-16,3,209,0.3380908672002197,0.6249868593565931,0.3412194442648026
SeasonalHA,5,3,2026-02-16,4,203,0.5615850155250456,0.9130087090167379,0.6774518963736779
SeasonalHA,5,3,2026-02-16,5,125,1.2800827619764539,1.7349157612355843,2.8883923859334755
SeasonalHA,5,3,2026-02-17,1,5,0.0,0.0,0.0
SeasonalHA,5,3,2026-02-17,2,3,0.0,0.0,0.0
SeasonalHA,5,3,2026-02-17,3,6,0.0,0.0,0.0
SeasonalHA,5,3,2026-02-17,4,3,0.06481424967447917,0.11226157349065248,0.08319889330508841
SeasonalHA,5,3,2026-02-17,5,1,0.6666641235351562,0.6666641235351562,0.7547141129367246
SeasonalHA,5,3,2026-02-18,1,82,0.30022923539324503,0.6291810824966417,0.33211848552176926
SeasonalHA,5,3,2026-02-18,2,63,1.6740385186735283,2.785377651654742,1.7498413149652507
SeasonalHA,5,3,2026-02-18,3,88,1.8958693417635823,3.1054299645298817,1.9628296340900446
SeasonalHA,5,3,2026-02-18,4,75,1.301998731825087,2.0993921191508287,1.6842039425883362
SeasonalHA,5,3,2026-02-18,5,42,1.9090728911142498,2.656185762478041,3.6520355669551217
SeasonalHA,5,3,2026-02-19,1,64,0.28546762466430664,0.5976514875184715,0.3164170374142411
SeasonalHA,5,3,2026-02-19,2,75,0.5152381388346352,1.1535045730633668,0.5321329659087668
SeasonalHA,5,3,2026-02-19,3,98,0.6855469528509645,1.1434897700044295,0.6934201911511575
SeasonalHA,5,3,2026-02-19,4,72,0.7308739026387532,1.2128034673771435,0.8503954458546632
SeasonalHA,5,3,2026-02-19,5,66,1.4213505850897898,1.829241935230037,2.695648069264204
SeasonalHA,5,3,2026-02-20,1,84,0.10891923450288318,0.31704478437212036,0.12164558207333026
SeasonalHA,5,3,2026-02-20,2,81,0.1069675021701389,0.3229415560165139,0.11122119785270909
SeasonalHA,5,3,2026-02-20,3,89,0.2998066591412832,0.9825895654620286,0.305087979931047
SeasonalHA,5,3,2026-02-20,4,128,0.6985163092613218,1.3339632640750871,0.8131073846800041
SeasonalHA,5,3,2026-02-20,5,57,0.9185229072793881,1.2909171568158968,2.040942484574192
SeasonalHA,5,3,2026-02-21,1,161,0.17652836201353844,0.3943510816083004,0.19479140545450804
SeasonalHA,5,3,2026-02-21,2,176,0.4755367365750398,1.0934496660421902,0.491953853233538
SeasonalHA,5,3,2026-02-21,3,193,0.489545054592205,1.122979037670465,0.49892430672671856
SeasonalHA,5,3,2026-02-21,4,196,1.1773807218555963,1.8718184313287691,1.4417469048776779
SeasonalHA,5,3,2026-02-21,5,123,2.2969410869594937,2.837729245794302,4.1762303842193145
SeasonalHA,5,3,2026-02-22,1,77,0.1563145030628551,0.2967846252448084,0.17333622930878126
SeasonalHA,5,3,2026-02-22,2,52,1.607031895564153,2.711258380757746,1.6892658527833075
SeasonalHA,5,3,2026-02-22,3,78,1.9182613405406979,3.0132998377682845,1.993167034662124
SeasonalHA,5,3,2026-02-22,4,66,1.4816122536707408,2.53498262871093,2.060737262987245
SeasonalHA,5,3,2026-02-22,5,34,2.3540387434117926,3.040326229353255,4.73049871260779
SeasonalHA,5,6,2026-02-16,1,198,0.08484233509410512,0.1782586150234028,0.09276783432502392
SeasonalHA,5,6,2026-02-16,2,196,0.3230974703418964,0.6555879506107033,0.33287467666217474
SeasonalHA,5,6,2026-02-16,3,199,0.3185003718339419,0.4908508975070299,0.3205975850735245
SeasonalHA,5,6,2026-02-16,4,194,0.4869415418662018,0.6823897954888867,0.576663052158427
SeasonalHA,5,6,2026-02-16,5,123,1.2527101087699415,1.746862637788057,3.0068789485466247
SeasonalHA,5,6,2026-02-17,1,11,0.0,0.0,0.0
SeasonalHA,5,6,2026-02-17,2,5,0.0,0.0,0.0
SeasonalHA,5,6,2026-02-17,3,6,0.0,0.0,0.0
SeasonalHA,5,6,2026-02-17,4,5,0.0,0.0,0.0
SeasonalHA,5,6,2026-02-17,5,1,1.1157417297363281,1.1157417297363281,2.1275675645337144
SeasonalHA,5,6,2026-02-18,1,97,0.30210396678177354,0.4655380532436078,0.33380975817414593
SeasonalHA,5,6,2026-02-18,2,60,1.5211274295383037,2.2771304232037073,1.5827992778152142
SeasonalHA,5,6,2026-02-18,3,106,1.8489906982805737,2.5462853154247074,1.8933468921376415
SeasonalHA,5,6,2026-02-18,4,91,1.0052073216700292,1.5463138946452741,1.2834207015941965
SeasonalHA,5,6,2026-02-18,5,51,2.132924078648387,2.656263653888518,4.040318035480915
SeasonalHA,5,6,2026-02-19,1,87,0.3053503803823186,0.46733345569236723,0.33910309043084724
SeasonalHA,5,6,2026-02-19,2,91,0.4414140917879323,0.7677466656122748,0.451319188944504
SeasonalHA,5,6,2026-02-19,3,121,0.5798318027464815,0.7861946644115081,0.5844333562587338
SeasonalHA,5,6,2026-02-19,4,87,0.7233026701828531,1.0111482538524081,0.8524141281355474
SeasonalHA,5,6,2026-02-19,5,83,0.9676660009177336,1.2483645680947686,1.7730267172080032
SeasonalHA,5,6,2026-02-20,1,94,0.10667589877514129,0.21295615591787964,0.1187394643220278
SeasonalHA,5,6,2026-02-20,2,108,0.10189403486840515,0.2386530923708367,0.10604707926526845
SeasonalHA,5,6,2026-02-20,3,117,0.2644163604475498,0.7033980251659787,0.2673112539562222
SeasonalHA,5,6,2026-02-20,4,166,0.6069140080626864,0.9443484882233196,0.7034324970037646
SeasonalHA,5,6,2026-02-20,5,79,0.8715405470878935,1.121158285652874,1.5985294303338486
SeasonalHA,5,6,2026-02-21,1,206,0.19688400712985438,0.3337774542400948,0.21654109045432182
SeasonalHA,5,6,2026-02-21,2,209,0.4343273505576426,0.789428956933193,0.44858519297755245
SeasonalHA,5,6,2026-02-21,3,221,0.49002191419874747,0.8801865198404438,0.49607104121122314
SeasonalHA,5,6,2026-02-21,4,219,1.243721612536442,1.7721772827277225,1.557898092816748
SeasonalHA,5,6,2026-02-21,5,144,2.308935801776839,2.6605896709694976,4.280553634046121
SeasonalHA,5,6,2026-02-22,1,84,0.15209352402460008,0.2326472888107448,0.1687113358277055
SeasonalHA,5,6,2026-02-22,2,43,1.6465900864712022,2.414912904512823,1.719412969274233
SeasonalHA,5,6,2026-02-22,3,82,1.711578542817899,2.294228521548256,1.7564058919055958
SeasonalHA,5,6,2026-02-22,4,73,1.408499002674399,2.3605865584786723,1.9613192211691093
SeasonalHA,5,6,2026-02-22,5,32,3.0470056692759195,3.394851104104137,5.594247228579608
SeasonalHA,6,1,2026-02-23,1,224,0.25389300073896137,1.1361171183897691,0.28745746021581364
SeasonalHA,6,1,2026-02-23,2,216,0.3702601915524329,1.168401258734753,0.3940622802386604
SeasonalHA,6,1,2026-02-23,3,214,0.24171194629134418,0.630218724230491,0.24445032745238743
SeasonalHA,6,1,2026-02-23,4,225,0.6180393699363427,1.312952766036924,0.7895897937302121
SeasonalHA,6,1,2026-02-23,5,137,1.6333046191510205,2.5438041584485327,3.52461943466087
SeasonalHA,6,1,2026-02-24,1,198,0.38778184319184683,0.9282811311019177,0.430681326189178
SeasonalHA,6,1,2026-02-24,2,192,0.588126606411404,1.6475963007503192,0.6162122190050819
SeasonalHA,6,1,2026-02-24,3,200,0.7267642339070639,2.188028748341241,0.7545924641793836
SeasonalHA,6,1,2026-02-24,4,196,1.1743305037621738,2.2800108912269983,1.468447634903244
SeasonalHA,6,1,2026-02-24,5,125,2.015091786702474,2.9325771991819174,3.9501047676973533
SeasonalHA,6,1,2026-02-25,1,248,0.2706004419634419,0.7716977146967083,0.3001514417482878
SeasonalHA,6,1,2026-02-25,2,250,0.6157103678385417,1.615555974712106,0.6439735292447454
SeasonalHA,6,1,2026-02-25,3,252,0.6993606405914146,1.9221996205397835,0.7245995684789962
SeasonalHA,6,1,2026-02-25,4,252,1.9241169369409954,3.5602939556045645,2.459327471783175
SeasonalHA,6,1,2026-02-25,5,157,3.8502390754197564,5.673741057002628,6.9791100780602475
SeasonalHA,6,1,2026-02-26,1,260,0.39734640855055586,1.1368544676749615,0.44687290091826193
SeasonalHA,6,1,2026-02-26,2,259,0.6205007977774091,2.427582412724422,0.6686842387641819
SeasonalHA,6,1,2026-02-26,3,263,0.865062950530735,2.924944042871549,0.9216581439071728
SeasonalHA,6,1,2026-02-26,4,255,2.3323480942670036,4.066374719625626,3.0041478817642484
SeasonalHA,6,1,2026-02-26,5,162,4.095803790622288,5.410856529899496,7.3157244431055615
SeasonalHA,6,1,2026-02-27,1,257,0.21984653002866356,0.7907463964514122,0.24800008451468283
SeasonalHA,6,1,2026-02-27,2,259,0.32236236218780157,1.039963948328204,0.3382454997078622
SeasonalHA,6,1,2026-02-27,3,258,0.4368708608070393,1.9906290773679143,0.46057091144472295
SeasonalHA,6,1,2026-02-27,4,262,2.033768360244712,4.473281252787863,2.5318590546633493
SeasonalHA,6,1,2026-02-27,5,167,2.8161232390565547,4.218140308121872,5.279434513875076
SeasonalHA,6,1,2026-02-28,1,246,0.29240935410910507,0.661955638430923,0.3243975604496443
SeasonalHA,6,1,2026-02-28,2,252,0.49448350371507105,1.2494944247631896,0.5161355547925338
SeasonalHA,6,1,2026-02-28,3,246,0.43928632245154237,1.0960377007009638,0.4494616470079998
SeasonalHA,6,1,2026-02-28,4,248,1.2370130733777116,2.1608416360262166,1.6065642983474158
SeasonalHA,6,1,2026-02-28,5,156,2.4238075598692284,3.166374834973875,4.6283435299890066
SeasonalHA,6,3,2026-02-23,1,154,0.2448776597412463,0.6693356321934836,0.2714521469408656
SeasonalHA,6,3,2026-02-23,2,146,0.35269567411239805,0.7000833399751176,0.3669591342975168
SeasonalHA,6,3,2026-02-23,3,135,0.31902539288556137,0.6116426045267719,0.3220064376376115
SeasonalHA,6,3,2026-02-23,4,157,0.5874693371772091,0.9289127376845154,0.7278378317466756
SeasonalHA,6,3,2026-02-23,5,88,1.262718039329605,1.9053715911757594,2.4664231214614833
SeasonalHA,6,3,2026-02-24,1,126,0.4701088395698993,0.8138861927254789,0.5211538127779439
SeasonalHA,6,3,2026-02-24,2,93,0.550150398427583,1.0216968786965435,0.5664471315906823
SeasonalHA,6,3,2026-02-24,3,117,0.9038859165405394,1.5327317809572591,0.9184584233138707
SeasonalHA,6,3,2026-02-24,4,103,1.2890915772932887,1.9205286881603532,1.6254650053927742
SeasonalHA,6,3,2026-02-24,5,67,1.8973412173699777,2.4100359725403093,3.4191633064057787
SeasonalHA,6,3,2026-02-25,1,225,0.2801238335503472,0.6814709734467671,0.30912661288720905
SeasonalHA,6,3,2026-02-25,2,235,0.4600254212147239,0.8875352807719777,0.4749798123018775
SeasonalHA,6,3,2026-02-25,3,236,0.5007963701381074,1.03296891530518,0.5097469660646637
SeasonalHA,6,3,2026-02-25,4,232,1.724421121151511,3.007864033712594,2.242599250382453
SeasonalHA,6,3,2026-02-25,5,139,3.50748428051992,4.797284699972874,6.054553068328441
SeasonalHA,6,3,2026-02-26,1,252,0.38161330248312997,0.7174550352062974,0.4237964461590626
SeasonalHA,6,3,2026-02-26,2,247,0.5466521997147187,1.4489186604697963,0.5681700300772613
SeasonalHA,6,3,2026-02-26,3,261,0.7439700305690253,1.6701168195553617,0.764623070964464
SeasonalHA,6,3,2026-02-26,4,237,1.944905400443848,2.992963132322717,2.481393445373255
SeasonalHA,6,3,2026-02-26,5,152,3.5034937342705086,4.358156105611416,6.2463742481709
SeasonalHA,6,3,2026-02-27,1,242,0.22760342894835234,0.5158347442930297,0.2534548036209048
SeasonalHA,6,3,2026-02-27,2,251,0.23982961180992135,0.5855634179900493,0.24919937710995912
SeasonalHA,6,3,2026-02-27,3,246,0.36107244379582865,1.1300637376966152,0.36962801967302594
SeasonalHA,6,3,2026-02-27,4,257,1.8290427670146907,3.028791715783554,2.245296688087957
SeasonalHA,6,3,2026-02-27,5,165,2.6199978388519796,3.5448290905839306,4.677389468291521
SeasonalHA,6,3,2026-02-28,1,213,0.21776430371781463,0.5014732448299368,0.24140936912340685
SeasonalHA,6,3,2026-02-28,2,228,0.2779249038845008,0.6224209258477871,0.2873362816072623
SeasonalHA,6,3,2026-02-28,3,211,0.3105218092851604,0.7083214725980636,0.3154179765254984
SeasonalHA,6,3,2026-02-28,4,219,1.1526674960604293,1.8894055436931145,1.5223011778799262
SeasonalHA,6,3,2026-02-28,5,132,2.3825964301523537,2.8364613609589733,4.691090230656696
SeasonalHA,6,6,2026-02-23,1,206,0.24892955479627038,0.5168416671861991,0.27310020177948574
SeasonalHA,6,6,2026-02-23,2,184,0.3068864932958628,0.5284130835193587,0.31573806015784894
SeasonalHA,6,6,2026-02-23,3,193,0.2764253369267123,0.4197714383387657,0.27822618044389497
SeasonalHA,6,6,2026-02-23,4,211,0.570779024820192,0.8487249288694882,0.6984793922974312
SeasonalHA,6,6,2026-02-23,5,115,0.9594021105190397,1.4436295114678794,1.7830211196030434
SeasonalHA,6,6,2026-02-24,1,163,0.42380848099930263,0.6510639710553904,0.4667374971853573
SeasonalHA,6,6,2026-02-24,2,127,0.5469581704127189,0.8335084711120104,0.5630498398657021
SeasonalHA,6,6,2026-02-24,3,145,0.7833340606104826,1.0821378489740665,0.7926714448788876
SeasonalHA,6,6,2026-02-24,4,152,1.137363419337579,1.618239133754202,1.4096258135435225
SeasonalHA,6,6,2026-02-24,5,93,1.6298050892965492,2.0726151538744864,2.678151704499211
SeasonalHA,6,6,2026-02-25,1,247,0.2829078952310539,0.49193342497146275,0.3110863104299905
SeasonalHA,6,6,2026-02-25,2,255,0.3630076323199633,0.5818991850667169,0.37396006119271585
SeasonalHA,6,6,2026-02-25,3,261,0.4278516260295691,0.7177198637295654,0.43276598529865423
SeasonalHA,6,6,2026-02-25,4,258,1.5552651434084337,2.513705413983129,2.0548938207137075
SeasonalHA,6,6,2026-02-25,5,158,3.561574629288686,4.296834468881423,6.313347048473415
SeasonalHA,6,6,2026-02-26,1,264,0.3025014331445143,0.47913776582021983,0.334759216786905
SeasonalHA,6,6,2026-02-26,2,263,0.5336358460787738,1.0429298112334329,0.5498888946929247
SeasonalHA,6,6,2026-02-26,3,264,0.6828762902153859,1.1831149066786997,0.6945829896608362
SeasonalHA,6,6,2026-02-26,4,261,1.4397276782948907,2.0728283039367628,1.8076409264337776
SeasonalHA,6,6,2026-02-26,5,162,2.837021792376483,3.3286740951434775,4.833589025421417
SeasonalHA,6,6,2026-02-27,1,264,0.1726293178519815,0.3023389165086639,0.1933152853185525
SeasonalHA,6,6,2026-02-27,2,264,0.21138751868045622,0.43566816463583957,0.2186297118261974
SeasonalHA,6,6,2026-02-27,3,262,0.3447373691911509,0.8763015666549011,0.3499301014001292
SeasonalHA,6,6,2026-02-27,4,264,1.8378992260505858,2.672517245111806,2.207194873713855
SeasonalHA,6,6,2026-02-27,5,168,2.387265060313795,2.930922791869318,4.05536478948127
SeasonalHA,6,6,2026-02-28,1,197,0.19396918179016645,0.3539148964318672,0.2148449906352304
SeasonalHA,6,6,2026-02-28,2,198,0.23705399638474584,0.4298530826709294,0.24465731571485913
SeasonalHA,6,6,2026-02-28,3,191,0.28823382081924437,0.58146126170439,0.29096724703813687
SeasonalHA,6,6,2026-02-28,4,198,1.053237410694126,1.6694303350910278,1.4226333379672267
SeasonalHA,6,6,2026-02-28,5,126,2.2517852372803593,2.6123476487675505,4.458772273801716
XGBoost,1,1,2026-01-19,1,172,0.7690719486207,1.5233902534104766,0.8889730861459455
XGBoost,1,1,2026-01-19,2,181,0.8540292111110511,2.025140657157803,0.8968817072117107
XGBoost,1,1,2026-01-19,3,169,0.8088008572128869,1.684585755638144,0.827184668462108
XGBoost,1,1,2026-01-19,4,182,1.4435728443411244,2.5540761308210667,1.7890050996477813
XGBoost,1,1,2026-01-19,5,123,2.206577549135782,3.44044258320833,4.337274555442216
XGBoost,1,1,2026-01-20,1,174,0.5900998974211829,1.0005326509733286,0.6819934223313564
XGBoost,1,1,2026-01-20,2,171,0.6233091893484254,1.6671894821429256,0.650405812016236
XGBoost,1,1,2026-01-20,3,184,0.6260066101516503,1.4114161723412422,0.6380912429828985
XGBoost,1,1,2026-01-20,4,173,1.0659808708293819,2.061739656719102,1.3706277837617702
XGBoost,1,1,2026-01-20,5,119,2.176675278265603,3.1898496083059573,4.450610748544073
XGBoost,1,1,2026-01-21,1,193,0.6846098232763419,1.3504334887216538,0.7942838023456046
XGBoost,1,1,2026-01-21,2,186,0.5220486904130615,1.072594084268937,0.5404951091903244
XGBoost,1,1,2026-01-21,3,188,0.4693882854272287,1.246751561707326,0.4807312985885379
XGBoost,1,1,2026-01-21,4,184,0.7821213865049795,1.5405009189724854,0.9611022290207805
XGBoost,1,1,2026-01-21,5,102,1.815950751044911,2.6300037734839745,3.4968490756434356
XGBoost,1,1,2026-01-22,1,177,0.6263649288543873,1.364003677138147,0.7237315592550596
XGBoost,1,1,2026-01-22,2,186,0.8298692737428945,1.6391468063569736,0.8588647351761981
XGBoost,1,1,2026-01-22,3,173,0.8397484781195433,1.350831574254147,0.8517865990347835
XGBoost,1,1,2026-01-22,4,178,1.1383897231312727,1.8719435571445455,1.4035481373309406
XGBoost,1,1,2026-01-22,5,116,1.9138212971303656,2.7684180255993702,3.6002463581353887
XGBoost,1,1,2026-01-23,1,197,0.20004928898690316,0.34452793443277074,0.22924811044396853
XGBoost,1,1,2026-01-23,2,195,0.30302230965377935,0.5846839094477523,0.3108450502164226
XGBoost,1,1,2026-01-23,3,207,0.33533012156709185,0.8078997242322821,0.3394273830351509
XGBoost,1,1,2026-01-23,4,207,0.7877442733101223,1.590310654496604,0.9799088429663813
XGBoost,1,1,2026-01-23,5,126,1.5503348059544908,2.3910454960025587,3.074768010700957
XGBoost,1,1,2026-01-24,1,205,1.127672973880923,2.798780933106606,1.3082766498775926
XGBoost,1,1,2026-01-24,2,208,1.3479898281586478,3.213690503132687,1.4739774034906934
XGBoost,1,1,2026-01-24,3,191,1.507499215490531,3.5403783279398393,1.618279477480752
XGBoost,1,1,2026-01-24,4,200,1.920223560333252,3.8786954258011144,2.397218088119968
XGBoost,1,1,2026-01-24,5,134,2.444672225521967,3.6225367514192537,4.697712617834745
XGBoost,1,1,2026-01-25,1,180,0.4102589359989872,0.6392995402478624,0.47509345987509644
XGBoost,1,1,2026-01-25,2,152,2.415317602324904,4.506108889380237,2.5817163920855037
XGBoost,1,1,2026-01-25,3,179,2.866873203043165,4.90807616944165,3.0303721396828127
XGBoost,1,1,2026-01-25,4,165,1.8959033696338383,3.2524603715793625,2.4162364753296997
XGBoost,1,1,2026-01-25,5,101,2.33985435057788,3.3774576401866296,4.166316695766889
XGBoost,1,3,2026-01-19,1,66,0.669522089588923,1.1265984689484982,0.7541631792925703
XGBoost,1,3,2026-01-19,2,85,0.6024914909811583,1.209498080813573,0.6197171018649716
XGBoost,1,3,2026-01-19,3,68,0.7443992764342066,1.3100606785752094,0.7549816467151862
XGBoost,1,3,2026-01-19,4,89,1.126720617376066,1.8853806903256132,1.3758149672210334
XGBoost,1,3,2026-01-19,5,62,1.860187537353953,2.6617514183043856,3.739136819809965
XGBoost,1,3,2026-01-20,1,68,0.6184806636735505,1.0765227552889522,0.7001974742237572
XGBoost,1,3,2026-01-20,2,73,0.6353868109994828,1.4499779746350034,0.6583265540213808
XGBoost,1,3,2026-01-20,3,88,0.4646097241025981,0.9194814144334722,0.4711408115823406
XGBoost,1,3,2026-01-20,4,77,0.829177636260766,1.5488050815761787,1.132557390006469
XGBoost,1,3,2026-01-20,5,60,1.789726017139576,2.504907451096711,3.702373015568422
XGBoost,1,3,2026-01-21,1,111,0.6601703403232337,1.0905117416069579,0.7525213761740421
XGBoost,1,3,2026-01-21,2,91,0.39856018824066936,0.6335406548588,0.4136996082704704
XGBoost,1,3,2026-01-21,3,93,0.31431952400161906,0.6290547712613157,0.3171802407638049
XGBoost,1,3,2026-01-21,4,91,0.8032981645881427,1.4670370416260867,1.028203207895887
XGBoost,1,3,2026-01-21,5,37,1.245907387337288,1.7625279807366838,2.441755195502016
XGBoost,1,3,2026-01-22,1,71,0.5280215661850336,0.9899571296598753,0.5973234788876486
XGBoost,1,3,2026-01-22,2,86,0.541243028271106,0.945321069246585,0.5557147817346637
XGBoost,1,3,2026-01-22,3,68,0.6845078935810164,1.0368119099064206,0.6921901471618095
XGBoost,1,3,2026-01-22,4,81,1.2710291596924166,1.8033725210622915,1.5830828383110818
XGBoost,1,3,2026-01-22,5,58,1.6212058231748383,2.258055266435321,2.9511523986080364
XGBoost,1,3,2026-01-23,1,104,0.18898848998240936,0.2791493511335969,0.2105187058341666
XGBoost,1,3,2026-01-23,2,101,0.3639697336127655,0.6283763195737397,0.37293959108285035
XGBoost,1,3,2026-01-23,3,123,0.4275994029471545,1.034523629535604,0.4336776460307775
XGBoost,1,3,2026-01-23,4,129,0.9614404420417304,1.6287097173044593,1.134381300703237
XGBoost,1,3,2026-01-23,5,70,1.226999292928706,1.8317936300442577,2.4793915134752527
XGBoost,1,3,2026-01-24,1,129,1.0168864063719651,2.0408760777978645,1.1394843749318275
XGBoost,1,3,2026-01-24,2,130,0.7079182247151,1.6655794819150884,0.7458227939333866
XGBoost,1,3,2026-01-24,3,102,0.9496755662307242,1.9473145098046523,0.9939106018297622
XGBoost,1,3,2026-01-24,4,117,1.953963784184325,3.6467035412592717,2.383464037789299
XGBoost,1,3,2026-01-24,5,84,2.009633180325624,2.7828151280952804,4.049873387780832
XGBoost,1,3,2026-01-25,1,77,0.19931167338317607,0.26755783091980606,0.2263326988509903
XGBoost,1,3,2026-01-25,2,52,2.0139323992606926,3.0467170013472686,2.1140206272785083
XGBoost,1,3,2026-01-25,3,78,2.1456031364593073,3.1228470086067586,2.2229624023289762
XGBoost,1,3,2026-01-25,4,66,1.634834135421599,2.776789517026876,2.2448070202226575
XGBoost,1,3,2026-01-25,5,34,2.5608111238167948,3.376295433455713,4.9804004004135
XGBoost,1,6,2026-01-19,1,80,0.449455716874864,0.9036856323853982,0.5060824652585942
XGBoost,1,6,2026-01-19,2,94,0.33669924544386276,0.6012174317443387,0.34481837238479385
XGBoost,1,6,2026-01-19,3,71,0.550921229689334,0.8884725710217144,0.5560188807540849
XGBoost,1,6,2026-01-19,4,107,0.9288937268598798,1.3834025459229584,1.1556599538785233
XGBoost,1,6,2026-01-19,5,74,1.6434299858482746,2.2133277976830024,3.2361578998389824
XGBoost,1,6,2026-01-20,1,90,0.7003111803973162,1.183219248285315,0.7883282352488327
XGBoost,1,6,2026-01-20,2,94,0.438703261932301,0.7867627436189939,0.4507765892922572
XGBoost,1,6,2026-01-20,3,106,0.46772495005865544,0.7612782617549523,0.47169376083203146
XGBoost,1,6,2026-01-20,4,92,0.8803023048069166,1.4510466902642525,1.18793462631032
XGBoost,1,6,2026-01-20,5,68,1.5112772274640651,2.00332508203675,2.571948561140313
XGBoost,1,6,2026-01-21,1,142,0.5317659727284609,0.7402825788200867,0.6013845103476739
XGBoost,1,6,2026-01-21,2,113,0.31708431237644924,0.5421719042480303,0.3292643113405972
XGBoost,1,6,2026-01-21,3,109,0.32984496054096835,0.607717969621079,0.33368521184833805
XGBoost,1,6,2026-01-21,4,107,0.6384283301491109,1.092704326346894,0.7571703931803304
XGBoost,1,6,2026-01-21,5,35,1.2733922564794142,1.5787235415520435,2.240886611617786
XGBoost,1,6,2026-01-22,1,99,0.5361346132426146,0.8232374805945099,0.6016031128281404
XGBoost,1,6,2026-01-22,2,126,0.5256569150894409,0.8550245127197614,0.540441421369818
XGBoost,1,6,2026-01-22,3,87,0.6920773444047833,0.9267371127562212,0.6988566681067002
XGBoost,1,6,2026-01-22,4,101,1.0752370735730798,1.5650718513092585,1.3106799922926575
XGBoost,1,6,2026-01-22,5,80,1.0955563290913903,1.4633236807256804,1.851653035466669
XGBoost,1,6,2026-01-23,1,133,0.2610158131534892,0.37565201850643837,0.2873838056072598
XGBoost,1,6,2026-01-23,2,134,0.38936353085645986,0.6931390291701539,0.40164524278002034
XGBoost,1,6,2026-01-23,3,144,0.5850992026152434,1.3278045500899542,0.5946031006720417
XGBoost,1,6,2026-01-23,4,152,1.1444226002832603,1.8358591408710183,1.316614658826031
XGBoost,1,6,2026-01-23,5,90,1.1841523993849261,1.5420481896700666,2.244486258937025
XGBoost,1,6,2026-01-24,1,161,0.8754956847639063,1.3653866951291778,0.972915602483864
XGBoost,1,6,2026-01-24,2,157,0.7081556683302095,1.2673176363653376,0.7419599888387405
XGBoost,1,6,2026-01-24,3,115,0.9025973540227767,1.448838525245607,0.9312151475341682
XGBoost,1,6,2026-01-24,4,139,1.6506686081798625,2.71470317383032,1.958088265107675
XGBoost,1,6,2026-01-24,5,97,2.2195955105344964,2.7722534822604157,4.3734131659657915
XGBoost,1,6,2026-01-25,1,84,0.174625487554641,0.2326887228593296,0.2004083335651153
XGBoost,1,6,2026-01-25,2,43,1.52836765023165,2.232248293884508,1.5918115710519316
XGBoost,1,6,2026-01-25,3,82,1.6444810510650878,2.183367222136628,1.6861976676961472
XGBoost,1,6,2026-01-25,4,73,1.85730948948969,3.07859669974943,2.569393847165474
XGBoost,1,6,2026-01-25,5,32,3.657262047131857,4.122258652117054,6.563978620346761
XGBoost,2,1,2026-01-26,1,187,0.5347119771648006,1.041904717839741,0.6520498567508051
XGBoost,2,1,2026-01-26,2,183,1.052838421041631,2.057935777143787,1.0999029313578048
XGBoost,2,1,2026-01-26,3,189,0.9788584902593489,2.0773277057896737,1.0086704055334654
XGBoost,2,1,2026-01-26,4,191,1.215733466556143,2.270011437808366,1.4510751610706696
XGBoost,2,1,2026-01-26,5,125,2.276491628011068,3.452860546647987,5.313270189779632
XGBoost,2,1,2026-01-27,1,178,0.6150142798263035,0.9090787079176539,0.7846895345748708
XGBoost,2,1,2026-01-27,2,172,0.927225349485412,1.3242016571895707,0.9627120136192419
XGBoost,2,1,2026-01-27,3,183,0.9247241550021701,1.2926234569189219,0.9385820176334599
XGBoost,2,1,2026-01-27,4,195,1.140251324862836,1.7076933251356419,1.3764425894765038
XGBoost,2,1,2026-01-27,5,119,1.7075845520703399,2.3859780602149034,3.712628351319828
XGBoost,2,1,2026-01-28,1,199,0.2696471733463869,0.6282873060124871,0.3111879602741094
XGBoost,2,1,2026-01-28,2,195,0.36002225957365114,0.8182384916231331,0.37171190011897837
XGBoost,2,1,2026-01-28,3,199,0.2619415359880457,0.519168926860217,0.2639070125492947
XGBoost,2,1,2026-01-28,4,198,0.5226578204051145,1.064658938230636,0.6610739251023441
XGBoost,2,1,2026-01-28,5,118,1.3568805292276787,1.9660602560148484,2.792409481613921
XGBoost,2,1,2026-01-29,1,198,0.35935575954039084,0.8048763477677802,0.4111990032163768
XGBoost,2,1,2026-01-29,2,192,0.5514056285222372,1.6040392475226724,0.574211919817367
XGBoost,2,1,2026-01-29,3,200,0.5543458048502604,1.7279135555892826,0.5723620380991004
XGBoost,2,1,2026-01-29,4,195,0.7296415149656116,1.6766683831936677,0.8933677339498761
XGBoost,2,1,2026-01-29,5,124,1.6187233463410409,2.383413533254399,3.392578449588438
XGBoost,2,1,2026-01-30,1,221,0.10538573574336586,0.1720856979588964,0.12838479928701235
XGBoost,2,1,2026-01-30,2,216,0.27035162183973527,0.9925859913271406,0.2813345177443811
XGBoost,2,1,2026-01-30,3,218,0.1903319635887029,0.43690651641167466,0.19181341125302237
XGBoost,2,1,2026-01-30,4,194,0.8842916543267982,2.073976667409806,1.0805389680967765
XGBoost,2,1,2026-01-30,5,144,1.2331092239897927,1.8037681009188617,2.490330627188207
XGBoost,2,1,2026-01-31,1,225,0.32713040952329286,1.0431171985280254,0.38321493054214567
XGBoost,2,1,2026-01-31,2,225,0.6323809475368923,1.6699608010334734,0.6633819986227554
XGBoost,2,1,2026-01-31,3,231,0.6809971686909554,1.9660493863311481,0.7053859005879999
XGBoost,2,1,2026-01-31,4,219,0.8285369079527911,1.5804928265875902,1.0182115371174136
XGBoost,2,1,2026-01-31,5,144,1.2741798294915094,1.911013397647987,2.561385696032021
XGBoost,2,1,2026-02-01,1,202,0.70334793317436,2.099943342269804,0.8213397862456338
XGBoost,2,1,2026-02-01,2,210,0.34798058403862847,1.0050343070693166,0.361476172204624
XGBoost,2,1,2026-02-01,3,211,0.4150678203757529,0.9133535112962212,0.4207087770924927
XGBoost,2,1,2026-02-01,4,214,1.5961961241154656,3.2458187269825993,2.2539968897348697
XGBoost,2,1,2026-02-01,5,126,3.2574592704705676,4.480075931340745,6.254727524194021
XGBoost,2,3,2026-01-26,1,92,0.25664401399916503,0.4153239677106135,0.302910897206734
XGBoost,2,3,2026-01-26,2,85,0.48105069827410135,0.9710608908834995,0.49376902491630736
XGBoost,2,3,2026-01-26,3,95,0.831435487981428,1.2855443305028973,0.8440163443859576
XGBoost,2,3,2026-01-26,4,102,1.2072289036769497,2.174890751582203,1.4192983813468265
XGBoost,2,3,2026-01-26,5,72,2.2214467868883427,3.202883142236194,5.4780589232284544
XGBoost,2,3,2026-01-27,1,74,0.29872169150962485,0.39337125532305883,0.34175072621339453
XGBoost,2,3,2026-01-27,2,71,0.8145413824090375,1.2010814760767985,0.8342368397147314
XGBoost,2,3,2026-01-27,3,82,0.7181607068069582,0.9275253019461419,0.7245469103233856
XGBoost,2,3,2026-01-27,4,112,0.6989140144731633,0.9498912727649341,0.8457759418838976
XGBoost,2,3,2026-01-27,5,57,1.215916847392597,1.6874121953764105,2.450088456593675
XGBoost,2,3,2026-01-28,1,115,0.2715898670436104,0.5773719667588372,0.3101345402295461
XGBoost,2,3,2026-01-28,2,108,0.38064294979896074,0.5931748992295307,0.3894794600092738
XGBoost,2,3,2026-01-28,3,114,0.365661152622156,0.5958936059001007,0.36794275878161864
XGBoost,2,3,2026-01-28,4,109,0.38832580690840846,0.735866784458735,0.4833426722944825
XGBoost,2,3,2026-01-28,5,64,0.9811071025000682,1.3489701986608797,1.9664783460217503
XGBoost,2,3,2026-01-29,1,125,0.47800911458333334,0.8871991762098584,0.5416765491966626
XGBoost,2,3,2026-01-29,2,94,0.4672334819820757,0.9856421897032396,0.479173575189389
XGBoost,2,3,2026-01-29,3,121,0.5618417282735019,1.1072822215158695,0.5690476833005201
XGBoost,2,3,2026-01-29,4,103,0.8952071098319404,1.5739015107625263,1.0759875472683964
XGBoost,2,3,2026-01-29,5,64,0.9957075251473321,1.44147409072417,1.9022288390763376
XGBoost,2,3,2026-01-30,1,157,0.08463131040018328,0.12812837949678763,0.0963342379667159
XGBoost,2,3,2026-01-30,2,151,0.19537872247085392,0.44731464114552044,0.20174168175383023
XGBoost,2,3,2026-01-30,3,147,0.25931061206220773,0.5064646040858248,0.2609059113783848
XGBoost,2,3,2026-01-30,4,99,0.7106426323213878,1.3399984114258638,0.8111044945003445
XGBoost,2,3,2026-01-30,5,107,0.979835555148232,1.4119686205085031,1.797844023718752
XGBoost,2,3,2026-01-31,1,159,0.22377471337361732,0.43157823222657604,0.2616573213382319
XGBoost,2,3,2026-01-31,2,158,0.5386470664123163,1.1729281102240743,0.5579387475669784
XGBoost,2,3,2026-01-31,3,175,0.46200205000620054,0.9628700255520697,0.4701432011167798
XGBoost,2,3,2026-01-31,4,148,0.8956473305657342,1.4260183864335623,1.0719263976889344
XGBoost,2,3,2026-01-31,5,99,1.2916099043138634,1.7022460484323785,2.630149582484454
XGBoost,2,3,2026-02-01,1,105,0.4615707599296772,1.0906084280407038,0.5327087869162416
XGBoost,2,3,2026-02-01,2,128,0.235987424850464,0.5185747812278539,0.24196348367129691
XGBoost,2,3,2026-02-01,3,128,0.3344257473945619,0.7528997738325992,0.3381107330343815
XGBoost,2,3,2026-02-01,4,146,1.7002893367556375,3.3935736431607815,2.4667879670220727
XGBoost,2,3,2026-02-01,5,70,4.087798131710639,5.297801556486134,7.62315392369564
XGBoost,2,6,2026-01-26,1,112,0.291463920048305,0.4306830029638927,0.3321317486587434
XGBoost,2,6,2026-01-26,2,98,0.4135280323677324,0.7213378368677174,0.4215899393066757
XGBoost,2,6,2026-01-26,3,117,0.7263062972515285,1.0057483716765945,0.7347954912442118
XGBoost,2,6,2026-01-26,4,124,1.0198251232024165,1.5211337875268203,1.2127540069852452
XGBoost,2,6,2026-01-26,5,102,1.9040685308784702,2.7673014734670827,4.306663819181485
XGBoost,2,6,2026-01-27,1,83,0.29407384788176144,0.40078056310814764,0.33808977839548876
XGBoost,2,6,2026-01-27,2,88,0.6216838894468366,0.8030013517196087,0.6349744068303463
XGBoost,2,6,2026-01-27,3,99,0.582512004608257,0.7677297936600188,0.5873143691161525
XGBoost,2,6,2026-01-27,4,139,0.6271269953031714,0.8668802805187052,0.7681154243130943
XGBoost,2,6,2026-01-27,5,67,1.4354118726739837,1.8521750343762744,2.5405790391192715
XGBoost,2,6,2026-01-28,1,139,0.1982195786339678,0.3509855453029308,0.22383299967053918
XGBoost,2,6,2026-01-28,2,145,0.2921155907641882,0.44261119300872565,0.29910100871440215
XGBoost,2,6,2026-01-28,3,145,0.2862315912356322,0.48434143289115866,0.28763303617865776
XGBoost,2,6,2026-01-28,4,136,0.4139423449314758,0.7315828617843891,0.5303574668122428
XGBoost,2,6,2026-01-28,5,85,0.7837266922828151,1.0435690083307365,1.3942639705842468
XGBoost,2,6,2026-01-29,1,161,0.38738938220374863,0.6575560148170301,0.4373834395215997
XGBoost,2,6,2026-01-29,2,130,0.3762981942983774,0.6892248273695276,0.38522553991470687
XGBoost,2,6,2026-01-29,3,142,0.5175163101888786,0.8318016113243771,0.5222322741481586
XGBoost,2,6,2026-01-29,4,143,0.79058966944175,1.2547267298420988,0.9312814472024252
XGBoost,2,6,2026-01-29,5,92,0.9934975542691982,1.4363638532673881,1.8360974511553128
XGBoost,2,6,2026-01-30,1,199,0.09675409007112384,0.1408946259452024,0.10810817551630231
XGBoost,2,6,2026-01-30,2,195,0.18330760466746757,0.3374881040713136,0.18869619127020099
XGBoost,2,6,2026-01-30,3,192,0.25651566187540686,0.4347163874762842,0.2579280550670736
XGBoost,2,6,2026-01-30,4,139,0.7461289629185319,1.0765636056251973,0.8555591248789366
XGBoost,2,6,2026-01-30,5,135,1.08673659378282,1.4196604986525614,1.9097425228674452
XGBoost,2,6,2026-01-31,1,207,0.22539425786950573,0.40207827257692574,0.2596371351301425
XGBoost,2,6,2026-01-31,2,200,0.47363086304841245,0.7867938076008446,0.4876941409118261
XGBoost,2,6,2026-01-31,3,208,0.45593717037103165,0.7186321478309354,0.46207120120448353
XGBoost,2,6,2026-01-31,4,193,0.9488298871836996,1.471169387120719,1.1417518912122937
XGBoost,2,6,2026-01-31,5,122,1.2985669345079804,1.6791777764399458,2.613089483082037
XGBoost,2,6,2026-02-01,1,135,0.4442746951256271,0.9130428844178186,0.5061688681538321
XGBoost,2,6,2026-02-01,2,150,0.24668267483181391,0.41910044615751924,0.2524115615782577
XGBoost,2,6,2026-02-01,3,155,0.28367779475386423,0.5621124930602088,0.2859133056406982
XGBoost,2,6,2026-02-01,4,160,1.7758462111155189,3.335678295286303,2.5341829931533937
XGBoost,2,6,2026-02-01,5,87,4.293488801880664,5.08342411970151,8.46410969050699
XGBoost,3,1,2026-02-02,1,223,0.3525184722581074,1.299191659714387,0.4036437424231824
XGBoost,3,1,2026-02-02,2,218,0.41489556222151536,1.2090127688359782,0.43965717261122994
XGBoost,3,1,2026-02-02,3,212,0.1823348639146337,0.34219326654764004,0.1837284198941592
XGBoost,3,1,2026-02-02,4,226,0.7116096406559678,1.5368879271144282,0.9281455571182751
XGBoost,3,1,2026-02-02,5,137,1.9558781780852408,3.0765574399203373,4.085938347811926
XGBoost,3,1,2026-02-03,1,217,0.8913489369569653,2.784987377228662,1.0501463097963473
XGBoost,3,1,2026-02-03,2,203,0.5811004513394461,1.5286534433670769,0.612144366555959
XGBoost,3,1,2026-02-03,3,206,0.4866363006888085,1.3881008229274272,0.49868763293358154
XGBoost,3,1,2026-02-03,4,213,1.1147482349154971,1.9335136741074395,1.3538441336556128
XGBoost,3,1,2026-02-03,5,144,1.6593404522648563,2.336442321641275,3.2248823893001686
XGBoost,3,1,2026-02-04,1,221,0.5878793995484687,1.2206615723969934,0.6599002550270089
XGBoost,3,1,2026-02-04,2,220,0.5161105377505524,1.3079006185411912,0.5454308487660134
XGBoost,3,1,2026-02-04,3,213,0.15731216932126613,0.3847593360148666,0.1586146197993338
XGBoost,3,1,2026-02-04,4,224,0.6258855755366977,1.3526839531607984,0.7758253723219227
XGBoost,3,1,2026-02-04,5,131,1.482305250095047,2.338099378289373,3.4869896921902135
XGBoost,3,1,2026-02-05,1,234,0.7367985391209269,2.3701454537392666,0.864147185795982
XGBoost,3,1,2026-02-05,2,221,0.33085261786505465,0.8161975817664264,0.3421112079535562
XGBoost,3,1,2026-02-05,3,231,0.3303514070497103,0.9194658501680991,0.33557176284701024
XGBoost,3,1,2026-02-05,4,228,0.8793834385118986,1.6519485631868627,1.148981078219913
XGBoost,3,1,2026-02-05,5,141,1.5353363283606756,2.1499929015304424,3.1083186020619653
XGBoost,3,1,2026-02-06,1,223,0.18985630257781846,0.3307010163182986,0.2199546584915126
XGBoost,3,1,2026-02-06,2,214,0.23889399020471305,0.8995603323811768,0.2549040488172369
XGBoost,3,1,2026-02-06,3,212,0.2206750305943519,0.6736051564782878,0.2236135694855192
XGBoost,3,1,2026-02-06,4,226,0.47193426134077615,0.8879652578478228,0.6179882894953719
XGBoost,3,1,2026-02-06,5,140,1.2089276904151554,1.6490053059185172,2.5910621663716022
XGBoost,3,1,2026-02-07,1,226,0.2589647580037075,0.5185541376665083,0.29890147496963604
XGBoost,3,1,2026-02-07,2,214,0.4946612895834855,1.1933095292333233,0.5140458882573598
XGBoost,3,1,2026-02-07,3,230,0.39865033799323485,0.8628791691995825,0.4049029761120822
XGBoost,3,1,2026-02-07,4,218,0.7091351294250178,1.3246835159924153,0.8946634539733105
XGBoost,3,1,2026-02-07,5,140,1.5657117873903303,2.2383534837215264,3.3320144779057985
XGBoost,3,1,2026-02-08,1,219,0.2437389553772623,0.5897160483322553,0.2830269527504238
XGBoost,3,1,2026-02-08,2,226,0.36207186718605966,1.0508626008037578,0.37609333268327266
XGBoost,3,1,2026-02-08,3,230,0.6061440398727639,1.942667485471131,0.627311051216475
XGBoost,3,1,2026-02-08,4,235,0.9345328761612551,2.1431322463918514,1.0831584264924101
XGBoost,3,1,2026-02-08,5,148,1.148952020181192,1.663053766397963,2.2584539002537682
XGBoost,3,3,2026-02-02,1,152,0.3513469110455432,0.8676700176955597,0.3950902262801734
XGBoost,3,3,2026-02-02,2,143,0.4340863409390628,0.8213053576241326,0.45187238319177747
XGBoost,3,3,2026-02-02,3,133,0.2942335659399965,0.4780349762893497,0.29700641600719296
XGBoost,3,3,2026-02-02,4,158,0.7939630965363851,1.438852617409611,1.0220604545076115
XGBoost,3,3,2026-02-02,5,88,2.028383235738735,2.8666951527476314,3.9962340041935316
XGBoost,3,3,2026-02-03,1,155,0.7621080268668446,1.6016191858667517,0.866461469992918
XGBoost,3,3,2026-02-03,2,138,0.4499197758722228,0.7556724511652504,0.466258141244746
XGBoost,3,3,2026-02-03,3,120,0.3505564795600045,0.584990642461747,0.3534193663280493
XGBoost,3,3,2026-02-03,4,148,0.9581464332145265,1.3699470045741908,1.1224056869945236
XGBoost,3,3,2026-02-03,5,111,1.5327532109237336,2.0112583073694856,2.979166049589068
XGBoost,3,3,2026-02-04,1,151,0.625429601157036,1.100630292716144,0.6903524634835985
XGBoost,3,3,2026-02-04,2,159,0.5212436643147729,1.0045527618087693,0.5518606102866428
XGBoost,3,3,2026-02-04,3,134,0.11569285985842273,0.20386807478753805,0.11657972920490008
XGBoost,3,3,2026-02-04,4,162,0.4707284699742197,0.7989466409471045,0.5836322195157508
XGBoost,3,3,2026-02-04,5,79,1.2824449642018652,2.136593461883498,3.3078166540497556
XGBoost,3,3,2026-02-05,1,189,0.8373218718029205,1.6461953329535866,0.9553221405608371
XGBoost,3,3,2026-02-05,2,156,0.3439115214551615,0.6102334044538461,0.35284983803805464
XGBoost,3,3,2026-02-05,3,173,0.4448379193197555,0.8428964685961913,0.4494314543396056
XGBoost,3,3,2026-02-05,4,173,0.8192709234944502,1.2925452086497624,1.021587725666317
XGBoost,3,3,2026-02-05,5,109,1.2866024000483471,1.804890037317931,2.6659068489396716
XGBoost,3,3,2026-02-06,1,148,0.26518673080581806,0.5419938600921415,0.30177018470987277
XGBoost,3,3,2026-02-06,2,139,0.2665002763414271,0.5816853086214728,0.2802076228191458
XGBoost,3,3,2026-02-06,3,138,0.2582724935190689,0.48802167885587056,0.2598454095833587
XGBoost,3,3,2026-02-06,4,152,0.3408274371721591,0.5539709168298644,0.4202080948874072
XGBoost,3,3,2026-02-06,5,86,0.7651383615998131,1.1201355390245797,1.4268987190048075
XGBoost,3,3,2026-02-07,1,163,0.19517925083027782,0.35608048684625004,0.21956808761735683
XGBoost,3,3,2026-02-07,2,150,0.4615724012586806,1.091261156186155,0.4785632963753968
XGBoost,3,3,2026-02-07,3,182,0.48958517780234073,1.116710338911464,0.4981820870209291
XGBoost,3,3,2026-02-07,4,160,0.875489766509445,1.4944243129993424,1.0405977148554082
XGBoost,3,3,2026-02-07,5,99,1.5560268940124626,2.2822282230091377,3.7313810874911364
XGBoost,3,3,2026-02-08,1,146,0.1501850145592537,0.21216255832317396,0.17472729580403096
XGBoost,3,3,2026-02-08,2,162,0.33061222971221554,0.5929184581521212,0.34089788695702267
XGBoost,3,3,2026-02-08,3,174,0.41055460085814016,0.9315617721102882,0.4160737041376251
XGBoost,3,3,2026-02-08,4,182,0.7873820295943253,1.2931590091714205,0.8885841680623615
XGBoost,3,3,2026-02-08,5,115,0.8716176080626945,1.1655758792364321,1.5900312278867488
XGBoost,3,6,2026-02-02,1,208,0.3019805529178722,0.6260164154053407,0.3350782387035677
XGBoost,3,6,2026-02-02,2,177,0.3895300623112875,0.5948850682777433,0.40143529131699146
XGBoost,3,6,2026-02-02,3,184,0.25262875487838965,0.36036787310703844,0.2543253758131655
XGBoost,3,6,2026-02-02,4,207,0.683312442115433,1.3201552984922853,0.8673266111131754
XGBoost,3,6,2026-02-02,5,118,1.387464658613857,2.026686436836327,2.658297642184334
XGBoost,3,6,2026-02-03,1,205,0.6135044860839851,1.0479740787991485,0.6914605162472008
XGBoost,3,6,2026-02-03,2,164,0.41275725636055804,0.5773130617416978,0.4263702023164108
XGBoost,3,6,2026-02-03,3,175,0.2927086275292455,0.4318892777658015,0.294892007472967
XGBoost,3,6,2026-02-03,4,191,0.7372852129415637,1.0536362042636342,0.857088018067418
XGBoost,3,6,2026-02-03,5,134,1.316359899846674,1.6451234351176633,2.5902160517519115
XGBoost,3,6,2026-02-04,1,195,0.4553469505201379,0.8057924564199012,0.5008195259479468
XGBoost,3,6,2026-02-04,2,188,0.43626022248685165,0.7357582430085636,0.4592323708268061
XGBoost,3,6,2026-02-04,3,173,0.1298294508388277,0.25999798247575157,0.1306175753892493
XGBoost,3,6,2026-02-04,4,196,0.3989874288338378,0.6605394911758781,0.4964110704636393
XGBoost,3,6,2026-02-04,5,93,1.4201386439947434,2.3016986468660283,3.3336798429944796
XGBoost,3,6,2026-02-05,1,229,0.7591994361932968,1.208999607979235,0.8608337839489196
XGBoost,3,6,2026-02-05,2,202,0.30280625245752096,0.5608630385804768,0.3111588838528297
XGBoost,3,6,2026-02-05,3,226,0.4467635163163717,0.7582400132051798,0.45069824389400936
XGBoost,3,6,2026-02-05,4,205,0.732435717905763,0.997850141504673,0.8761290669653592
XGBoost,3,6,2026-02-05,5,128,1.2489038374688899,1.5228671529856916,2.500507616684685
XGBoost,3,6,2026-02-06,1,195,0.22968847160665395,0.5230524678322566,0.2621905227314057
XGBoost,3,6,2026-02-06,2,183,0.22041512299973656,0.3883355956694737,0.2294352017062056
XGBoost,3,6,2026-02-06,3,176,0.22469869671445872,0.36031566720082897,0.22562204051514287
XGBoost,3,6,2026-02-06,4,201,0.27718450202892697,0.4700533845376578,0.34025160785043257
XGBoost,3,6,2026-02-06,5,121,0.8214715103509049,1.0373919817471289,1.581036460411869
XGBoost,3,6,2026-02-07,1,211,0.2883946266596163,0.4720612096416771,0.32247015739226625
XGBoost,3,6,2026-02-07,2,183,0.5022415717008551,0.9851951947538152,0.5188058248071632
XGBoost,3,6,2026-02-07,3,224,0.6229815339285233,1.0749958819952543,0.633631805638163
XGBoost,3,6,2026-02-07,4,207,0.756356152056539,1.1538117835378523,0.8704711299151596
XGBoost,3,6,2026-02-07,5,126,1.2443123231559274,1.7393753007048525,2.760166292749736
XGBoost,3,6,2026-02-08,1,162,0.20897540339717158,0.25315896504538427,0.2394307715928005
XGBoost,3,6,2026-02-08,2,176,0.2663815122662167,0.3524745177505768,0.27373629995753745
XGBoost,3,6,2026-02-08,3,175,0.4954684738885789,1.0272153088339224,0.502997993633623
XGBoost,3,6,2026-02-08,4,177,0.6628699041455579,1.0463037904221102,0.7691780626949729
XGBoost,3,6,2026-02-08,5,118,1.0468039036695114,1.3501791352302437,1.956367468951668
XGBoost,4,1,2026-02-09,1,228,0.5305492445739389,1.6254208199825229,0.6190327612594159
XGBoost,4,1,2026-02-09,2,221,0.2390439708128594,0.6041782066140287,0.2482738835600827
XGBoost,4,1,2026-02-09,3,236,0.24302271395753333,0.6253300090622771,0.2455283491206132
XGBoost,4,1,2026-02-09,4,237,0.6039844858104277,0.9951617658149986,0.7400365394385032
XGBoost,4,1,2026-02-09,5,153,1.2958497024569378,1.8152174032994572,2.9066762973425444
XGBoost,4,1,2026-02-10,1,175,0.17239862351190474,0.30783062188608873,0.2005768844231924
XGBoost,4,1,2026-02-10,2,175,0.2866704305013021,1.3029473100253597,0.3024524104511323
XGBoost,4,1,2026-02-10,3,181,0.2391545697909473,0.41185268315623463,0.2410394280025501
XGBoost,4,1,2026-02-10,4,170,0.693776844997032,1.0810305823753363,0.8733741278271541
XGBoost,4,1,2026-02-10,5,117,1.4049816982924999,1.7606185995462678,2.937957564302789
XGBoost,4,1,2026-02-11,1,147,0.21185934192199013,0.6341802397014844,0.24809593651130504
XGBoost,4,1,2026-02-11,2,160,0.2077199618021647,0.5119373229742583,0.21284171106073702
XGBoost,4,1,2026-02-11,3,147,0.18388890895713755,0.43099886652892155,0.18564754592637808
XGBoost,4,1,2026-02-11,4,151,0.7146314125538223,1.381674907052941,0.9507379351766762
XGBoost,4,1,2026-02-11,5,93,1.9334356018576855,2.709843512067046,4.250007239710378
XGBoost,4,1,2026-02-12,1,164,0.7419896242095203,1.8408191749416978,0.9208780941981003
XGBoost,4,1,2026-02-12,2,157,0.5752757370092307,1.296201333105703,0.5940284852353036
XGBoost,4,1,2026-02-12,3,156,0.7275464636647804,1.310279626772365,0.7383374496046198
XGBoost,4,1,2026-02-12,4,155,1.1239143809110033,1.8258267219216495,1.4606169366090858
XGBoost,4,1,2026-02-12,5,101,2.5471256998899356,3.6670940562508902,6.295664679485749
XGBoost,4,1,2026-02-13,1,192,1.0974314610163372,3.792509830083789,1.4829698716927293
XGBoost,4,1,2026-02-13,2,179,1.4678143123008685,4.951616454196598,1.6443324410398994
XGBoost,4,1,2026-02-13,3,176,2.0432128617257783,6.262579482346047,2.2942240340777875
XGBoost,4,1,2026-02-13,4,175,2.2057938348679316,5.6802124457304,2.619128882847364
XGBoost,4,1,2026-02-13,5,116,2.0973439709893587,3.088184469448552,3.914314743849124
XGBoost,4,1,2026-02-14,1,240,1.2236204783121745,2.6253782218620287,1.5011114196706319
XGBoost,4,1,2026-02-14,2,244,1.0010382542844678,1.814837791540805,1.044538568217578
XGBoost,4,1,2026-02-14,3,250,1.1228260701497395,1.95469082636406,1.1483405039004035
XGBoost,4,1,2026-02-14,4,241,1.3356210630354435,2.103832043073056,1.5744924189792804
XGBoost,4,1,2026-02-14,5,157,2.0065009109702245,2.8389809560369024,3.844464806451907
XGBoost,4,1,2026-02-15,1,230,0.4383997157000114,1.1400857356367753,0.5128718978842057
XGBoost,4,1,2026-02-15,2,227,0.9556742372666861,2.507663398466438,1.020378150918997
XGBoost,4,1,2026-02-15,3,231,1.350357738236156,3.0930979319029444,1.4472947092981538
XGBoost,4,1,2026-02-15,4,226,1.8156071703225343,3.351295538691052,2.31157996475129
XGBoost,4,1,2026-02-15,5,149,2.1758794763210902,3.189380210567163,4.156913537935457
XGBoost,4,3,2026-02-09,1,172,0.4923582964165265,1.3313946324205956,0.5629959849704658
XGBoost,4,3,2026-02-09,2,155,0.28860526136172726,0.5260634515408823,0.2968982377794926
XGBoost,4,3,2026-02-09,3,189,0.22263899976404047,0.4061056973201233,0.22398368172788358
XGBoost,4,3,2026-02-09,4,185,0.612790472204382,0.9254779947275358,0.7329083665481769
XGBoost,4,3,2026-02-09,5,123,0.9757207694164212,1.4964970284475982,2.124369782717691
XGBoost,4,3,2026-02-10,1,106,0.1075129598941443,0.1660999332906141,0.12476195253051968
XGBoost,4,3,2026-02-10,2,101,0.30839029947916674,0.759033952601649,0.3189717775337487
XGBoost,4,3,2026-02-10,3,105,0.2755567762586805,0.44685278223779484,0.27708891023792376
XGBoost,4,3,2026-02-10,4,93,0.6293507541427101,0.9402234591599241,0.7486781544291697
XGBoost,4,3,2026-02-10,5,69,3.885638168916483,8.001431703383696,9.07344980416196
XGBoost,4,3,2026-02-11,1,78,0.1730985886011367,0.3802534728422267,0.2014389105496035
XGBoost,4,3,2026-02-11,2,89,0.1873166659351592,0.3802659491846381,0.19127867480683872
XGBoost,4,3,2026-02-11,3,79,0.06137867215313489,0.08317826171498267,0.06174165003137744
XGBoost,4,3,2026-02-11,4,82,0.5967333000203785,1.096454755603384,0.8002491854864614
XGBoost,4,3,2026-02-11,5,50,5.926576351589627,9.434314573616682,12.709543754470767
XGBoost,4,3,2026-02-12,1,81,0.473690645194348,0.9213258712090967,0.5517451243727599
XGBoost,4,3,2026-02-12,2,59,0.43458470921058406,0.75378674030098,0.4450395074243931
XGBoost,4,3,2026-02-12,3,61,0.29319909100975483,0.5500384618770293,0.2953684448286052
XGBoost,4,3,2026-02-12,4,56,0.9889166771419465,1.6307450900465672,1.4312537880396157
XGBoost,4,3,2026-02-12,5,44,4.501159186315054,6.603470353837345,11.473701938921286
XGBoost,4,3,2026-02-13,1,110,0.8584158117120916,2.2121552350013456,1.1150017242777515
XGBoost,4,3,2026-02-13,2,93,0.8161129421657987,1.9068628374090661,0.8493179877704348
XGBoost,4,3,2026-02-13,3,85,1.4608177633846509,3.6975760918647045,1.5383572456290793
XGBoost,4,3,2026-02-13,4,75,1.9545845201280387,3.597758377373055,2.240132685222504
XGBoost,4,3,2026-02-13,5,61,1.5808754036769623,2.095194680927952,3.113391595407739
XGBoost,4,3,2026-02-14,1,198,1.0130562751961254,1.9909675709615906,1.1860638064743525
XGBoost,4,3,2026-02-14,2,211,0.8194228003731062,1.408879010037266,0.8506560835312009
XGBoost,4,3,2026-02-14,3,221,1.081111464924762,1.9083110129771106,1.1057490581024092
XGBoost,4,3,2026-02-14,4,204,1.3780914457621747,2.123599358760069,1.6207345205269785
XGBoost,4,3,2026-02-14,5,135,1.8683522479524337,2.413249089004,3.562202065420832
XGBoost,4,3,2026-02-15,1,172,0.3280477104877013,0.59368422475059,0.3777157428843074
XGBoost,4,3,2026-02-15,2,165,0.7530791928069759,1.6257267056801785,0.7862545763970211
XGBoost,4,3,2026-02-15,3,176,1.2316541238264598,2.4901870640258834,1.2842599852922378
XGBoost,4,3,2026-02-15,4,173,1.8460725797776922,3.0066209916898,2.387583470748998
XGBoost,4,3,2026-02-15,5,115,3.1526854584182518,4.278912462787225,5.815098790150959
XGBoost,4,6,2026-02-09,1,202,0.46608151518734603,1.0129260796374355,0.5273164012924316
XGBoost,4,6,2026-02-09,2,195,0.2475736569135616,0.39909033960945484,0.25600271787176704
XGBoost,4,6,2026-02-09,3,225,0.27086196334273727,0.4176646795843585,0.272194689004918
XGBoost,4,6,2026-02-09,4,229,0.5583176199641409,0.7513712124214826,0.6498288111927507
XGBoost,4,6,2026-02-09,5,157,1.0710409586934113,1.5136276069818915,2.4018052833268833
XGBoost,4,6,2026-02-10,1,106,0.09204421853119472,0.1187912290315041,0.10505071230091761
XGBoost,4,6,2026-02-10,2,122,0.2790888009826995,0.5481757498536117,0.28762761506074086
XGBoost,4,6,2026-02-10,3,112,0.1953298704964774,0.254112252728616,0.1960158527963559
XGBoost,4,6,2026-02-10,4,98,0.5126503676964496,0.6791876676513758,0.5873468694648868
XGBoost,4,6,2026-02-10,5,85,1.3682320738150409,1.9724847118902746,2.8888353951842176
XGBoost,4,6,2026-02-11,1,83,0.18435323018146846,0.36304471743258226,0.20676558559033553
XGBoost,4,6,2026-02-11,2,94,0.17420437319058898,0.27452804473652526,0.17844965897546314
XGBoost,4,6,2026-02-11,3,83,0.075461360824156,0.13072948240211155,0.07576705387808957
XGBoost,4,6,2026-02-11,4,82,0.5997026252229689,1.0094103585110232,0.7998873486216976
XGBoost,4,6,2026-02-11,5,56,1.895500581226652,2.3916328341208875,4.344560804183133
XGBoost,4,6,2026-02-12,1,75,0.3641937221950954,0.5896671475988253,0.4105945173401101
XGBoost,4,6,2026-02-12,2,59,0.3662172134313209,0.525876893622327,0.3744674558858665
XGBoost,4,6,2026-02-12,3,72,0.22047742207845053,0.3344957807798056,0.22208563750242802
XGBoost,4,6,2026-02-12,4,62,1.1098985118250686,1.8774366793637034,1.6664613685061411
XGBoost,4,6,2026-02-12,5,49,3.7211403394772624,4.4570663054119946,9.98424001003996
XGBoost,4,6,2026-02-13,1,159,0.6897876299652164,1.5746894626872179,0.910170797757457
XGBoost,4,6,2026-02-13,2,115,0.8202872854039291,1.6276782433585169,0.8488683421756585
XGBoost,4,6,2026-02-13,3,106,1.1172398549205855,2.3800285847947644,1.151295043243776
XGBoost,4,6,2026-02-13,4,112,1.5503716605050217,2.5010103905165306,1.7277636438397672
XGBoost,4,6,2026-02-13,5,84,1.4386533777549781,1.7503884543121233,2.7542881354895403
XGBoost,4,6,2026-02-14,1,235,0.9047723589477058,1.3601325711374999,1.0759427838642737
XGBoost,4,6,2026-02-14,2,251,0.8524397993151094,1.274882855963164,0.885543494801558
XGBoost,4,6,2026-02-14,3,248,1.1247202117810542,1.727247414244722,1.1466891841086315
XGBoost,4,6,2026-02-14,4,238,1.3961760188796386,1.9232476624245058,1.6075107308011551
XGBoost,4,6,2026-02-14,5,155,1.8053786990804903,2.2220385101313345,3.50682115976907
XGBoost,4,6,2026-02-15,1,175,0.3457117561461432,0.5267665344945307,0.3949314930877564
XGBoost,4,6,2026-02-15,2,178,0.7356152182462757,1.5106538282568962,0.7641473956204718
XGBoost,4,6,2026-02-15,3,182,1.2284645490448396,2.1176977242580683,1.2666420830102447
XGBoost,4,6,2026-02-15,4,169,2.235728517791929,3.09309105100022,2.8745828143285106
XGBoost,4,6,2026-02-15,5,117,3.8581673777001533,4.6143345477002224,7.237878341514529
XGBoost,5,1,2026-02-16,1,245,0.1581765363005554,0.35372567406615074,0.18056822700962913
XGBoost,5,1,2026-02-16,2,242,0.3584182255852649,1.049879296090018,0.376516473120306
XGBoost,5,1,2026-02-16,3,244,0.3506770212142194,0.7543625503038772,0.35431222546611874
XGBoost,5,1,2026-02-16,4,242,0.8291036204748794,1.5752615610855936,1.041397128447709
XGBoost,5,1,2026-02-16,5,153,1.648037006652433,2.420358270571165,3.218897420734411
XGBoost,5,1,2026-02-17,1,7,1.9171549479166667,2.1822560259649095,2.131688725190281
XGBoost,5,1,2026-02-17,2,9,2.08711270932798,2.646137398417033,2.168156823383624
XGBoost,5,1,2026-02-17,3,8,4.953738530476888,5.432249682903185,5.11283508889928
XGBoost,5,1,2026-02-17,4,6,6.1319630940755205,6.271190565266835,6.7963324018885665
XGBoost,5,1,2026-02-17,5,5,8.04439442952474,8.660004733122312,14.254705505719675
XGBoost,5,1,2026-02-18,1,186,3.9477557862531323,4.274303988686992,4.677517996281203
XGBoost,5,1,2026-02-18,2,161,4.01993759818699,4.6833058911632515,4.289549751348748
XGBoost,5,1,2026-02-18,3,186,4.124321749560722,4.7495940351950745,4.309559084124925
XGBoost,5,1,2026-02-18,4,172,4.874096449031386,5.588539160393975,5.846963423234473
XGBoost,5,1,2026-02-18,5,107,5.508431681220033,6.520009414518458,9.772344540578905
XGBoost,5,1,2026-02-19,1,174,0.5243543866036953,0.8389191592198223,0.7224466420839328
XGBoost,5,1,2026-02-19,2,171,1.0865622180247168,1.7651167241721997,1.127810280958001
XGBoost,5,1,2026-02-19,3,187,0.914742495286911,1.696202673192579,0.9360875692965159
XGBoost,5,1,2026-02-19,4,170,0.9918009739296109,1.5376628284550418,1.217127902186727
XGBoost,5,1,2026-02-19,5,121,1.86774594856031,2.4407219407081158,3.6305107151844473
XGBoost,5,1,2026-02-20,1,180,0.09002451720061126,0.141969459040147,0.10825654022079036
XGBoost,5,1,2026-02-20,2,177,0.23235961856590598,0.5276588065826677,0.2372236303315932
XGBoost,5,1,2026-02-20,3,184,0.1492063411767932,0.30034201407860256,0.15002638636585347
XGBoost,5,1,2026-02-20,4,199,0.3921281888057639,0.7558251434797237,0.5158585840256825
XGBoost,5,1,2026-02-20,5,120,1.0639709472656251,1.5943521370559435,2.3105983938244488
XGBoost,5,1,2026-02-21,1,226,0.3333309702465316,0.6577545636915875,0.38370443168286916
XGBoost,5,1,2026-02-21,2,235,0.5547906212772883,1.569941227905879,0.5826830429587534
XGBoost,5,1,2026-02-21,3,238,0.5904227825773865,1.8167038315534385,0.6105366898474123
XGBoost,5,1,2026-02-21,4,241,0.987102494475038,2.2208789137918976,1.1694944039747488
XGBoost,5,1,2026-02-21,5,153,1.7154832007491942,2.6559181387758906,3.306274871329023
XGBoost,5,1,2026-02-22,1,180,0.3097577342280635,0.7815676320888746,0.3652621702619586
XGBoost,5,1,2026-02-22,2,152,1.4677012092188786,3.3039831282987917,1.5868546014586093
XGBoost,5,1,2026-02-22,3,179,1.770319876502124,3.6115398434139103,1.8952176097834512
XGBoost,5,1,2026-02-22,4,165,1.386164085311119,2.613329798312709,1.8085040559702006
XGBoost,5,1,2026-02-22,5,101,1.992353596703054,3.0323355629947955,3.685892189634421
XGBoost,5,3,2026-02-16,1,209,0.12127141024697531,0.23356805219712873,0.13824669787255586
XGBoost,5,3,2026-02-16,2,202,0.3216094593010328,0.7004643999394343,0.3339911426939913
XGBoost,5,3,2026-02-16,3,209,0.3002812873803828,0.5037023516076472,0.3025811372073504
XGBoost,5,3,2026-02-16,4,203,0.702583783474571,1.2468079179403968,0.8687069697326523
XGBoost,5,3,2026-02-16,5,125,2.2666440181025744,5.156357242627842,4.483014397244746
XGBoost,5,3,2026-02-17,1,5,0.8807947794596354,0.8915146090518874,0.9674156502278428
XGBoost,5,3,2026-02-17,2,3,0.7176479763454862,0.7935094027149009,0.7623914900267389
XGBoost,5,3,2026-02-17,3,6,1.6656294928656683,1.8885434526193399,1.6868243488272323
XGBoost,5,3,2026-02-17,4,3,1.7008141411675348,1.8818766845165555,1.7748501056027461
XGBoost,5,3,2026-02-17,5,1,2.2416356404622397,2.3532813490518616,2.583610402448994
XGBoost,5,3,2026-02-18,1,82,1.272745473598077,1.4043108531328519,1.4447943385694435
XGBoost,5,3,2026-02-18,2,63,1.7391350963128307,2.4464955910715545,1.823771483626345
XGBoost,5,3,2026-02-18,3,88,2.0209279879175046,2.517037093079355,2.0877362253147074
XGBoost,5,3,2026-02-18,4,75,3.886832716200087,6.376397165463983,5.12046127720014
XGBoost,5,3,2026-02-18,5,42,7.601091667457863,9.799760443094826,13.632525886252887
XGBoost,5,3,2026-02-19,1,64,0.24957205851872763,0.3359718368436611,0.30387999687234474
XGBoost,5,3,2026-02-19,2,75,0.7185651652018227,1.1990632165503068,0.7371207769675732
XGBoost,5,3,2026-02-19,3,98,0.5568463850994498,0.8823167346753796,0.5641340579463248
XGBoost,5,3,2026-02-19,4,72,0.6314875108224373,1.628454176508975,0.7900850723832061
XGBoost,5,3,2026-02-19,5,66,1.428708798957594,2.2915221270010258,2.820189998131473
XGBoost,5,3,2026-02-20,1,84,0.07329657721141028,0.1341995381287504,0.08807131224087082
XGBoost,5,3,2026-02-20,2,81,0.25710635715060765,0.4949034664986806,0.26105812702822767
XGBoost,5,3,2026-02-20,3,89,0.3354447611262288,0.9882826559287381,0.340970418342222
XGBoost,5,3,2026-02-20,4,128,0.6358254916138116,1.3006947056385143,0.734989710302687
XGBoost,5,3,2026-02-20,5,57,0.7840773425681624,1.0320619849897126,1.6606087865794843
XGBoost,5,3,2026-02-21,1,161,0.3454329370218281,0.518364467721805,0.40845799907455027
XGBoost,5,3,2026-02-21,2,176,0.5157541698879665,1.0195283947765148,0.5358247676804025
XGBoost,5,3,2026-02-21,3,193,0.5758983500057345,1.082744476225195,0.5856936266739846
XGBoost,5,3,2026-02-21,4,196,0.8626542267975984,1.3169719338119488,1.0073613833410653
XGBoost,5,3,2026-02-21,5,123,1.8007064240411688,2.445168376906021,3.338143278058567
XGBoost,5,3,2026-02-22,1,77,0.22784555938852816,0.3066529116384662,0.26186433954894944
XGBoost,5,3,2026-02-22,2,52,1.6145912072597406,2.663028299260301,1.6926343949767761
XGBoost,5,3,2026-02-22,3,78,1.762271718082265,2.7312129732997614,1.8299308055484869
XGBoost,5,3,2026-02-22,4,66,1.402350608748619,2.480280951960631,1.88492501086373
XGBoost,5,3,2026-02-22,5,34,2.3040229697632633,3.0280865426084063,4.663969975029268
XGBoost,5,6,2026-02-16,1,198,0.10457967507718789,0.17130648919896982,0.11878580396441837
XGBoost,5,6,2026-02-16,2,196,0.2766363779703775,0.5523504485992481,0.2857231411752173
XGBoost,5,6,2026-02-16,3,199,0.2476773356983121,0.36941213426058456,0.24929031101687332
XGBoost,5,6,2026-02-16,4,194,0.6075092561830315,0.9201269254545056,0.7218811992274762
XGBoost,5,6,2026-02-16,5,123,1.3767512253988436,1.8359040150947479,3.0709625696029814
XGBoost,5,6,2026-02-17,1,11,0.5130298498905066,0.5474272555142947,0.5606390056651914
XGBoost,5,6,2026-02-17,2,5,0.4894602457682292,0.5077500327367862,0.5089719241751877
XGBoost,5,6,2026-02-17,3,6,1.0008023579915364,1.1177840460208754,1.0136653067401422
XGBoost,5,6,2026-02-17,4,5,1.2739069620768229,1.3466226294792094,1.2830461428296647
XGBoost,5,6,2026-02-17,5,1,10.141030629475912,10.144623849534078,21.15998661765179
XGBoost,5,6,2026-02-18,1,97,0.8208660505891257,0.8982787466304976,0.9875838362823773
XGBoost,5,6,2026-02-18,2,60,1.449641384548612,1.8835256675891563,1.5123872748971512
XGBoost,5,6,2026-02-18,3,106,1.5111881040177249,1.8802788279247586,1.550072277256377
XGBoost,5,6,2026-02-18,4,91,1.826192382141784,3.2809094421096767,2.441639689373771
XGBoost,5,6,2026-02-18,5,51,4.84614142124949,6.258514437387972,8.790128320924948
XGBoost,5,6,2026-02-19,1,87,0.2882674060105364,0.4899416112798035,0.39493464372659737
XGBoost,5,6,2026-02-19,2,91,0.49425481439946806,0.692403235980668,0.5053433787608318
XGBoost,5,6,2026-02-19,3,121,0.4471923645972333,0.6516714379907527,0.45139646442487263
XGBoost,5,6,2026-02-19,4,87,0.6576711720433724,1.2184613651270382,0.8643562198564184
XGBoost,5,6,2026-02-19,5,83,0.910167422415901,1.3743135215786588,1.6822870840707744
XGBoost,5,6,2026-02-20,1,94,0.04302551053094526,0.057464906776216955,0.05523751750096322
XGBoost,5,6,2026-02-20,2,108,0.22374300073694295,0.3806871690237795,0.22710985977197792
XGBoost,5,6,2026-02-20,3,117,0.3357014669652002,0.7549329625087821,0.3389996802775732
XGBoost,5,6,2026-02-20,4,166,0.56428166176261,0.9498334849698216,0.6555123549655829
XGBoost,5,6,2026-02-20,5,79,0.886606576797049,1.1798332564184875,1.6501160749087296
XGBoost,5,6,2026-02-21,1,206,0.437283988137847,0.6404260993214251,0.506890804498375
XGBoost,5,6,2026-02-21,2,209,0.5863537285612257,1.0022798561357513,0.6106956129169341
XGBoost,5,6,2026-02-21,3,221,0.585679665589944,0.9416115715648518,0.5937680484894937
XGBoost,5,6,2026-02-21,4,219,1.0791626785564767,1.4516746179471913,1.2890804116534123
XGBoost,5,6,2026-02-21,5,144,2.2354926374223503,2.7710155867499067,4.31948897036931
XGBoost,5,6,2026-02-22,1,84,0.2578275922744993,0.318930722762642,0.3039789411478723
XGBoost,5,6,2026-02-22,2,43,1.540575272907582,2.1922955952344028,1.6073306571891344
XGBoost,5,6,2026-02-22,3,82,1.5662891853146435,2.165689411009197,1.6068754312124416
XGBoost,5,6,2026-02-22,4,73,1.5195005024949166,2.616128792227838,2.1168459542093543
XGBoost,5,6,2026-02-22,5,32,3.2992211182912197,3.6787121501736952,6.024301942506129
XGBoost,6,1,2026-02-23,1,224,0.3029302074795677,1.1317933772242332,0.3491373861824792
XGBoost,6,1,2026-02-23,2,216,0.4544126016122323,1.1049279542030772,0.47969682715575807
XGBoost,6,1,2026-02-23,3,214,0.3273485130238756,0.7654138802970115,0.33165284532387446
XGBoost,6,1,2026-02-23,4,225,0.5713688565477912,1.1532106650854377,0.7615311631861555
XGBoost,6,1,2026-02-23,5,137,1.5054187542620658,2.4381212548416022,3.348294175908415
XGBoost,6,1,2026-02-24,1,198,0.26605578464289703,0.5385733506589659,0.3097429960420168
XGBoost,6,1,2026-02-24,2,192,0.51053872373369,1.5181892994089894,0.5315880629288715
XGBoost,6,1,2026-02-24,3,200,0.5973246002197266,2.0015352801948185,0.6218004860649057
XGBoost,6,1,2026-02-24,4,196,0.7893474907561496,1.8028401032530343,0.9604885959370254
XGBoost,6,1,2026-02-24,5,125,1.4084791022406684,2.00935602272745,2.856000849082385
XGBoost,6,1,2026-02-25,1,248,0.2075650409985614,0.4394872032973004,0.23927222274247106
XGBoost,6,1,2026-02-25,2,250,0.5977243347167969,1.6755507744685387,0.624439667363633
XGBoost,6,1,2026-02-25,3,252,0.644110119532025,1.8677724874668473,0.6665691526601357
XGBoost,6,1,2026-02-25,4,252,1.365854623246235,2.993183615640071,1.7034918276739326
XGBoost,6,1,2026-02-25,5,157,2.7507646564718518,4.8028086999126085,4.828354376752034
XGBoost,6,1,2026-02-26,1,260,0.4905646739861904,1.2104733911013477,0.571270058162502
XGBoost,6,1,2026-02-26,2,259,0.6832996010013221,2.3127872780988548,0.7362489699508499
XGBoost,6,1,2026-02-26,3,263,0.9091296177853196,2.834724128190262,0.9662615350243816
XGBoost,6,1,2026-02-26,4,255,1.6114934019533378,2.9385010670819596,2.0026413861218084
XGBoost,6,1,2026-02-26,5,162,2.469734338412396,3.4700573981579783,4.475774879485361
XGBoost,6,1,2026-02-27,1,257,0.16574326748977836,0.5917139359301306,0.18916959085339807
XGBoost,6,1,2026-02-27,2,259,0.3666048675890594,0.962443862854438,0.3816353443303234
XGBoost,6,1,2026-02-27,3,258,0.4066217309128714,1.6309981119968697,0.4282907929362685
XGBoost,6,1,2026-02-27,4,262,1.561722615495185,3.754786279590772,1.8908312857901586
XGBoost,6,1,2026-02-27,5,167,1.5436958064258854,2.3860652561277136,2.9352893883093976
XGBoost,6,1,2026-02-28,1,246,0.14484331084460747,0.3265927568043645,0.17059725233195303
XGBoost,6,1,2026-02-28,2,252,0.421880631219773,1.1551229271684398,0.43882260678498225
XGBoost,6,1,2026-02-28,3,246,0.38560823890251844,1.1251038620842435,0.3953825856600385
XGBoost,6,1,2026-02-28,4,248,0.8298465222868011,1.4695258307387389,1.0048796706555896
XGBoost,6,1,2026-02-28,5,156,1.3756565952572728,1.9280013622301873,2.558448517598189
XGBoost,6,3,2026-02-23,1,154,0.35001633934472387,0.7020935442294506,0.39780316376415575
XGBoost,6,3,2026-02-23,2,146,0.42452318374424736,0.7753909353749435,0.4413676076397748
XGBoost,6,3,2026-02-23,3,135,0.3859278737762828,0.8269493214601645,0.39083378636009214
XGBoost,6,3,2026-02-23,4,157,0.5906526763980806,1.3163319622464937,0.7593066398944279
XGBoost,6,3,2026-02-23,5,88,1.329720001028041,2.1600773153287562,2.6173816389465454
XGBoost,6,3,2026-02-24,1,126,0.2258384744957012,0.3347862207577264,0.2569812320619869
XGBoost,6,3,2026-02-24,2,93,0.4954291358501113,0.9291850830339232,0.5085934350612357
XGBoost,6,3,2026-02-24,3,117,0.7286376156132224,1.3508623811534943,0.7400835130536225
XGBoost,6,3,2026-02-24,4,103,0.8628825476082995,1.36532593559665,1.0257807258333098
XGBoost,6,3,2026-02-24,5,67,1.0798229367249312,1.650112705785514,2.146052264720857
XGBoost,6,3,2026-02-25,1,225,0.18629492300528067,0.33967955952152384,0.21029534850759243
XGBoost,6,3,2026-02-25,2,235,0.37540159834192177,0.7390437871757845,0.3861104470353815
XGBoost,6,3,2026-02-25,3,236,0.4836565725322948,0.9927016754705786,0.49066558209792027
XGBoost,6,3,2026-02-25,4,232,1.2886646278059803,2.6592681762453303,1.6432973886132336
XGBoost,6,3,2026-02-25,5,139,2.8909740158312807,4.707869359200845,5.0328134031726846
XGBoost,6,3,2026-02-26,1,252,0.5455822515739968,0.9397479720751416,0.6205165523865289
XGBoost,6,3,2026-02-26,2,247,0.6452047885992587,1.4476610086448858,0.6724844040022409
XGBoost,6,3,2026-02-26,3,261,0.8176926934534697,1.5645739249878308,0.8392671334746098
XGBoost,6,3,2026-02-26,4,237,1.6266172349145587,2.3976602415449775,2.0066611904067555
XGBoost,6,3,2026-02-26,5,152,2.4572854246544793,3.1055439756819605,4.356576516738954
XGBoost,6,3,2026-02-27,1,242,0.17371291168465086,0.36597063574383487,0.19423111813681876
XGBoost,6,3,2026-02-27,2,251,0.3076528014731435,0.6014639916324137,0.31798439996985395
XGBoost,6,3,2026-02-27,3,246,0.34551830688035473,0.9353538636834097,0.35335191581499187
XGBoost,6,3,2026-02-27,4,257,1.239736932209442,2.2455446616671986,1.4901859199993959
XGBoost,6,3,2026-02-27,5,165,1.4514347166324704,2.120265011711879,2.6970098451635027
XGBoost,6,3,2026-02-28,1,213,0.1096311279678941,0.19791647781294466,0.1267301030194635
XGBoost,6,3,2026-02-28,2,228,0.27470777188128187,0.5456140714362455,0.283480252528687
XGBoost,6,3,2026-02-28,3,211,0.3018141993100296,0.6731083722164258,0.3065792033896624
XGBoost,6,3,2026-02-28,4,219,0.9609126067294613,1.4699258561397432,1.1907344218295381
XGBoost,6,3,2026-02-28,5,132,1.6570170966596849,2.0187673161886774,3.2140721779908605
XGBoost,6,6,2026-02-23,1,206,0.3087878460765786,0.5195870183140234,0.3480883763039556
XGBoost,6,6,2026-02-23,2,184,0.3758012384608169,0.6240226213761957,0.38652693948119465
XGBoost,6,6,2026-02-23,3,193,0.43154140334055213,0.9001389188946475,0.4370330907132181
XGBoost,6,6,2026-02-23,4,211,0.4245623166213356,0.6999709370395998,0.5505371230455349
XGBoost,6,6,2026-02-23,5,115,1.1191918935483967,1.7037872088840058,2.1762204981266704
XGBoost,6,6,2026-02-24,1,163,0.16417625252156584,0.22697506850422836,0.18748382685614537
XGBoost,6,6,2026-02-24,2,127,0.46496196356345293,0.7873300574804517,0.4766233352810425
XGBoost,6,6,2026-02-24,3,145,0.6554529556917507,0.9705612883487554,0.6634419876977642
XGBoost,6,6,2026-02-24,4,152,0.8284065787555174,1.1435083067616014,0.9574638742238548
XGBoost,6,6,2026-02-24,5,93,1.02730033172644,1.398279767555453,1.8260739189089488
XGBoost,6,6,2026-02-25,1,247,0.16956104376377204,0.2546063593494547,0.19064472498523438
XGBoost,6,6,2026-02-25,2,255,0.3162109474730645,0.5250789636187352,0.32492241795844623
XGBoost,6,6,2026-02-25,3,261,0.4432944412415504,0.7450384869079174,0.4474163906443974
XGBoost,6,6,2026-02-25,4,258,1.2721135345642987,2.2680369425129525,1.6531671673465458
XGBoost,6,6,2026-02-25,5,158,3.0518522356465234,4.119912992420772,5.378348176703677
XGBoost,6,6,2026-02-26,1,264,0.44665037694603493,0.6658457405106831,0.5190869108002857
XGBoost,6,6,2026-02-26,2,263,0.6257759299450839,1.0464905104040794,0.6476250921798743
XGBoost,6,6,2026-02-26,3,264,0.7151018176951122,1.0947172101122382,0.7273566188679392
XGBoost,6,6,2026-02-26,4,261,1.263790535524211,1.7561650115378005,1.548668144347432
XGBoost,6,6,2026-02-26,5,162,2.097203998888362,2.53986267457903,3.515891709810227
XGBoost,6,6,2026-02-27,1,264,0.14926370466598332,0.25684553403827737,0.16714714443576342
XGBoost,6,6,2026-02-27,2,264,0.2917500002483186,0.5245397571525007,0.3006423025072433
XGBoost,6,6,2026-02-27,3,262,0.33244487125050504,0.7330430952968099,0.3374887055346267
XGBoost,6,6,2026-02-27,4,264,1.3411458262690792,2.1707139258546917,1.5766794028388615
XGBoost,6,6,2026-02-27,5,168,1.287713619346551,1.8152244120817804,2.232572647757008
XGBoost,6,6,2026-02-28,1,197,0.10895421888219135,0.16392316440418786,0.1251341462579134
XGBoost,6,6,2026-02-28,2,198,0.23168676157279502,0.42046506623932045,0.23840454600698827
XGBoost,6,6,2026-02-28,3,191,0.2776272181787761,0.5246338329452805,0.28045470689315555
XGBoost,6,6,2026-02-28,4,198,0.89744615051749,1.3309692884262163,1.176045028199281
XGBoost,6,6,2026-02-28,5,126,1.9563822910548805,2.26517565633473,3.841643012471284
