duplicate_group,sha256,member_count,families,example_paths
1,e3b0c44298fc1c149afbf4c8996fb92427ae41e4649b934ca495991b7852b855,33,external_benchmark_access | legacy_PD_future_window_mean | v2.2_point_target_and_audits,D:\2026_PD\PanBorneo_prediction_paper_support_data_20260626_120445\06_configs_scripts\conda_pkgs__https__conda.anaconda.org__conda-forge__noarch__joblib-1.5.3-pyhd8ed1ab_0__site-packages__joblib__externals____init__.py | D:\2026_PD\PanBorneo_prediction_paper_support_data_20260626_120445\06_configs_scripts\conda_pkgs__https__conda.anaconda.org__conda-forge__noarch__setuptools-82.0.1-pyh332efcf_0__site-packages__setuptools___distutils__tests__test_versionpredicate.py | D:\2026_PD\PanBorneo_prediction_paper_support_data_20260626_120445\06_configs_scripts\conda_pkgs__https__conda.anaconda.org__conda-forge__win-64__scikit-learn-1.7.2-py310h21054b0_0__Lib__site-packages__sklearn___built_with_meson.py
2,fe0ed0cef3a4d373bc755cba62fa167ca38203115881d248c98a0fa3561d2ffe,27,archive_and_working_sources | legacy_PD_future_window_mean | v2.2_point_target_and_audits,D:\2026_PD\conference_paper_support_package_20260706\01_FIGURE_CANDIDATE_DATA\Fig02_candidate_data\phase13_strong_baseline_metrics.csv | D:\2026_PD\conference_paper_support_package_20260706\01_FIGURE_CANDIDATE_DATA\Fig03_candidate_data\phase13_strong_baseline_metrics.csv | D:\2026_PD\conference_paper_support_package_20260706\02_TABLE_CANDIDATE_DATA\Table01_candidate_data\phase13_strong_baseline_metrics.csv
3,ef8395b6bb37b52400ada12c2baa11ff4b9957c29f66432c68917b5dd3ffac9f,16,archive_and_working_sources | legacy_PD_future_window_mean | v2.2_point_target_and_audits,D:\2026_PD\conference_paper_support_package_20260706\01_FIGURE_CANDIDATE_DATA\Fig04_candidate_data\phase15_feature_ablation_metrics.csv | D:\2026_PD\conference_paper_support_package_20260706\02_TABLE_CANDIDATE_DATA\Table04_candidate_data\phase15_feature_ablation_metrics.csv | D:\2026_PD\conference_paper_support_package_20260706\04_PHASE15_ABLATION_RESULTS\phase15_feature_ablation_metrics.csv
4,b7409f54b12cf59a17551584b8bb6102a79ea72248d320a33a52a0ca0fda0bcf,13,archive_and_working_sources | legacy_PD_future_window_mean,D:\2026_PD\conference_paper_support_package_20260706\06_PHASE20_FULL_RESULTS\phase20_metr_la_mini_sanity_report.md | D:\2026_PD\conference_paper_support_package_20260706\09_SUPPLEMENTARY_DATA\metr_la_mini\phase20_metr_la_mini_sanity_report.md | D:\2026_PD\conference_paper_support_package_20260706\10_CONFIGS_ENVIRONMENT_LOGS\reports\phase20_metr_la_mini_sanity_report.md
5,cbf64d4659dd23d1ae33c897c11320b014b3e81fffa060300e7878e82cab6430,13,archive_and_working_sources | legacy_PD_future_window_mean,D:\2026_PD\conference_paper_support_package_20260706\06_PHASE20_FULL_RESULTS\phase20_metr_la_mini_validation_report.md | D:\2026_PD\conference_paper_support_package_20260706\09_SUPPLEMENTARY_DATA\metr_la_mini\phase20_metr_la_mini_validation_report.md | D:\2026_PD\conference_paper_support_package_20260706\10_CONFIGS_ENVIRONMENT_LOGS\reports\phase20_metr_la_mini_validation_report.md
6,5efa74678019c0de32b1e8c15f617189543865e03b465e1e54c2545e2be73178,12,archive_and_working_sources | legacy_PD_future_window_mean,D:\2026_PD\backups\reports_before_ai_exp\phase9_repeated_seed_stability_report.md | D:\2026_PD\backups\reports_before_ai_exp\locked_phase9\phase9_repeated_seed_stability_report.md | D:\2026_PD\conference_paper_support_package_20260706\10_CONFIGS_ENVIRONMENT_LOGS\reports\phase9_repeated_seed_stability_report.md
7,6aa25fd9ef87f9c3c74d9f47c026f70a4619cc29699acecf2d7f7957ce196433,12,archive_and_working_sources | legacy_PD_future_window_mean,D:\2026_PD\backups\reports_before_ai_exp\phase10_public_benchmark_sanity_report.md | D:\2026_PD\backups\reports_before_ai_exp\locked_phase10\phase10_public_benchmark_sanity_report.md | D:\2026_PD\conference_paper_support_package_20260706\10_CONFIGS_ENVIRONMENT_LOGS\reports\phase10_public_benchmark_sanity_report.md
8,6cc42a87fa10e63a3e8012608a4a7921ac96ef8874afd6a3fb1df29fa446c489,12,archive_and_working_sources | legacy_PD_future_window_mean,D:\2026_PD\backups\reports_before_ai_exp\phase9b_five_seed_extension_report.md | D:\2026_PD\backups\reports_before_ai_exp\locked_phase9b\phase9b_five_seed_extension_report.md | D:\2026_PD\conference_paper_support_package_20260706\10_CONFIGS_ENVIRONMENT_LOGS\reports\phase9b_five_seed_extension_report.md
9,7623cb5b3af2704095523aeb1d7cea9aaf45704c716b635d4a97caf8ecf81322,12,archive_and_working_sources | legacy_PD_future_window_mean,D:\2026_PD\backups\reports_before_ai_exp\phase8_robustness_diagnosis_report.md | D:\2026_PD\backups\reports_before_ai_exp\locked_phase8\phase8_robustness_diagnosis_report.md | D:\2026_PD\conference_paper_support_package_20260706\10_CONFIGS_ENVIRONMENT_LOGS\reports\phase8_robustness_diagnosis_report.md
10,9c4509ed9a02d7d5a983223a75e8b672f9d3ae5537e8740ecdcaa800b34e4331,12,archive_and_working_sources | legacy_PD_future_window_mean,D:\2026_PD\backups\reports_before_ai_exp\phase7_history_sensitivity_report.md | D:\2026_PD\backups\reports_before_ai_exp\locked_phase7\phase7_history_sensitivity_report.md | D:\2026_PD\conference_paper_support_package_20260706\10_CONFIGS_ENVIRONMENT_LOGS\reports\phase7_history_sensitivity_report.md
11,a9c2561ed0141ab6971de82a23e7afff219733c8ec296f547f521991f4a5441a,12,archive_and_working_sources | legacy_PD_future_window_mean | v2.2_point_target_and_audits,D:\2026_PD\backups\configs_before_ai_exp\phase2_window_construction.yaml | D:\2026_PD\conference_paper_support_package_20260706\10_CONFIGS_ENVIRONMENT_LOGS\configs\phase2_window_construction.yaml | D:\2026_PD\configs\phase2_window_construction.yaml
12,1a2d56947b3b3af7f4a9ebdc643baaf4db4a10ff977ed453436d0f7ae811f3b3,11,archive_and_working_sources,D:\2026_07_23\多数据源数据\20260718\12_experiments\E0_E5_metrics_summary.csv | D:\2026_07_23\多数据源数据\20260718\T2_TABLE_SOURCE_DATA\Table03_E0_E5_metrics_summary.csv | D:\2026_07_23\多数据源数据\20260719\T2_FINAL_EXPERIMENT_PACKAGE\04_E1_E5\E0_E5_metrics_summary.csv
13,2d7337ef483b402d41158fe3b921bcb3b0316646ddfbc5b7259fdf87abfe5a0b,11,archive_and_working_sources | legacy_PD_future_window_mean,D:\2026_PD\backups\reports_before_ai_exp\phase12a_plot_data_preparation_report.md | D:\2026_PD\conference_paper_support_package_20260706\10_CONFIGS_ENVIRONMENT_LOGS\reports\phase12a_plot_data_preparation_report.md | D:\2026_PD\GitHub\outputs\github_release\PanBorneo_FCD_Forecasting_Reproducibility_Package\reports\source_reports\phase12a_plot_data_preparation_report.md
14,2f64014f858112b53fe2859a3dd605944078d6c57ee709ef66dc4da9de814c85,11,archive_and_working_sources,D:\2026_07_23\多数据源数据\20260719\T2_FINAL_EXPERIMENT_PACKAGE\checksums_sha256.csv | D:\2026_07_23\多数据源数据\20260719\T2_FINAL_EXPERIMENT_PACKAGE\00_config\checksums_sha256.csv | D:\2026_07_23\多数据源数据\20260719\T2_FINAL_EXPERIMENT_PACKAGE\00_final_freeze\checksums_sha256.csv
15,61eff6d46fe364083151b396d9cc0cf50626456dcf9e3515878225562e90e02b,11,archive_and_working_sources | legacy_PD_future_window_mean | v2.2_point_target_and_audits,D:\2026_PD\backups\configs_before_ai_exp\phase8_small_sample_training.yaml | D:\2026_PD\conference_paper_support_package_20260706\10_CONFIGS_ENVIRONMENT_LOGS\configs\phase8_small_sample_training.yaml | D:\2026_PD\configs\phase8_small_sample_training.yaml
16,66897ca4945eb316a02e8ebf1a994be1428431fb697c2832ece86b7bfaae1c2b,11,archive_and_working_sources | legacy_PD_future_window_mean,D:\2026_PD\backups\reports_before_ai_exp\phase8_small_sample_training_report.md | D:\2026_PD\conference_paper_support_package_20260706\10_CONFIGS_ENVIRONMENT_LOGS\reports\phase8_small_sample_training_report.md | D:\2026_PD\GitHub\outputs\github_release\PanBorneo_FCD_Forecasting_Reproducibility_Package\reports\source_reports\phase8_small_sample_training_report.md
17,6acef29861385a964c776a076ae08e229fe66294b15f7e3cdd0a914584da327c,11,archive_and_working_sources | legacy_PD_future_window_mean | v2.2_point_target_and_audits,D:\2026_PD\backups\reports_before_ai_exp\phase1_data_audit_report.md | D:\2026_PD\conference_paper_support_package_20260706\10_CONFIGS_ENVIRONMENT_LOGS\reports\phase1_data_audit_report.md | D:\2026_PD\GitHub\outputs\github_release\PanBorneo_FCD_Forecasting_Reproducibility_Package\reports\source_reports\phase1_data_audit_report.md
18,90fa4bdcd23d91bf3d1d097d05b1d0c9a742411e4f41ef02aed7d36959da5804,11,archive_and_working_sources,D:\2026_07_23\多数据源数据\20260718\12_experiments\E0_E5_metrics_by_seed.csv | D:\2026_07_23\多数据源数据\20260718\T2_TABLE_SOURCE_DATA\Table03_E0_E5_metrics_by_seed.csv | D:\2026_07_23\多数据源数据\20260719\T2_FINAL_EXPERIMENT_PACKAGE\04_E1_E5\E0_E5_metrics_by_seed.csv
19,a646b3b1a02bda64554c0aa10e8bd40ee6c8c1c0eb8f9d0d928344aacd58dada,11,archive_and_working_sources | legacy_PD_future_window_mean | v2.2_point_target_and_audits,D:\2026_PD\conference_paper_support_package_20260706\03_PHASE13_MAIN_RESULTS\phase13A_full_validation_report.md | D:\2026_PD\conference_paper_support_package_20260706\10_CONFIGS_ENVIRONMENT_LOGS\reports\phase13A_full_validation_report.md | D:\2026_PD\GitHub\repo_push\2026-PanBorneo-FCD-Forecasting-Reproducibility\conference_paper_support_package_20260706\03_PHASE13_MAIN_RESULTS\phase13A_full_validation_report.md
20,a7688dcc68b97d1db82ecafa9d5e63284a9285aa3d4d5c0b44a9106dc664bc49,11,archive_and_working_sources | legacy_PD_future_window_mean | v2.2_point_target_and_audits,D:\2026_PD\backups\reports_before_ai_exp\phase2_window_construction_report.md | D:\2026_PD\conference_paper_support_package_20260706\10_CONFIGS_ENVIRONMENT_LOGS\reports\phase2_window_construction_report.md | D:\2026_PD\GitHub\outputs\github_release\PanBorneo_FCD_Forecasting_Reproducibility_Package\reports\source_reports\phase2_window_construction_report.md
21,edfdc2e393a8d38a4616e004d51d89971f00038dcc8ae31707904ba799d10834,11,archive_and_working_sources | legacy_PD_future_window_mean,D:\2026_PD\backups\reports_before_ai_exp\phase3_baseline_report.md | D:\2026_PD\backups\reports_before_ai_exp\locked_phase3\phase3_baseline_report.md | D:\2026_PD\conference_paper_support_package_20260706\10_CONFIGS_ENVIRONMENT_LOGS\reports\phase3_baseline_report.md
22,15829c4dda1721efd7d774fbe67014ea43530fa8a99609d038558a5e02a13c3c,10,archive_and_working_sources | legacy_PD_future_window_mean | v2.2_point_target_and_audits,D:\2026_PD\backups\configs_before_ai_exp\phase5_controlled_deep_training.yaml | D:\2026_PD\conference_paper_support_package_20260706\10_CONFIGS_ENVIRONMENT_LOGS\configs\phase5_controlled_deep_training.yaml | D:\2026_PD\configs\phase5_controlled_deep_training.yaml
23,1d3f5a53f2dec8515718cc40e00fc251dd471419986122c19344efedfa41115d,10,archive_and_working_sources | legacy_PD_future_window_mean | v2.2_point_target_and_audits,D:\2026_PD\backups\configs_before_ai_exp\phase7_history_sensitivity.yaml | D:\2026_PD\conference_paper_support_package_20260706\10_CONFIGS_ENVIRONMENT_LOGS\configs\phase7_history_sensitivity.yaml | D:\2026_PD\configs\phase7_history_sensitivity.yaml
24,29bc6c4c9f6acb49fc6e15c3ac7b8d0b3a1bd61e004ef0a9b98d7328c45d2d14,10,archive_and_working_sources | legacy_PD_future_window_mean,D:\2026_PD\backups\reports_before_ai_exp\experiment_master_summary.md | D:\2026_PD\conference_paper_support_package_20260706\10_CONFIGS_ENVIRONMENT_LOGS\reports\experiment_master_summary.md | D:\2026_PD\GitHub\outputs\github_release\PanBorneo_FCD_Forecasting_Reproducibility_Package\reports\source_reports\experiment_master_summary.md
25,307c8ba5861baa7296fe22ed944d4e158791a10d88595291a8f2e4ef72e4fd92,10,archive_and_working_sources | legacy_PD_future_window_mean,D:\2026_PD\backups\reports_before_ai_exp\phase6_reliability_ablation_report.md | D:\2026_PD\conference_paper_support_package_20260706\10_CONFIGS_ENVIRONMENT_LOGS\reports\phase6_reliability_ablation_report.md | D:\2026_PD\GitHub\outputs\github_release\PanBorneo_FCD_Forecasting_Reproducibility_Package\reports\source_reports\phase6_reliability_ablation_report.md
26,39c321adeed64e359092aeb538b2b6fc579365156a255ff97b2e41b792a087f8,10,archive_and_working_sources | legacy_PD_future_window_mean,D:\2026_PD\backups\reports_before_ai_exp\phase4_deep_smoke_test_report.md | D:\2026_PD\backups\reports_before_ai_exp\locked_phase4\phase4_deep_smoke_test_report.md | D:\2026_PD\conference_paper_support_package_20260706\10_CONFIGS_ENVIRONMENT_LOGS\reports\phase4_deep_smoke_test_report.md
27,40a1970126a8680885ed57ac719ade38fd95e4556a3e40c15fd7d58fc2a82bf8,10,archive_and_working_sources | legacy_PD_future_window_mean | v2.2_point_target_and_audits,D:\2026_PD\conference_paper_support_package_20260706\05_PHASE16_ROBUSTNESS_RESULTS\phase16_validation_report.md | D:\2026_PD\conference_paper_support_package_20260706\10_CONFIGS_ENVIRONMENT_LOGS\reports\phase16_validation_report.md | D:\2026_PD\GitHub\repo_push\2026-PanBorneo-FCD-Forecasting-Reproducibility\conference_paper_support_package_20260706\05_PHASE16_ROBUSTNESS_RESULTS\phase16_validation_report.md
28,523d3df21c13034f9fbccfc4c5e5c0c9d9d4bd59ed663b79be01a27c0660caa2,10,archive_and_working_sources | legacy_PD_future_window_mean | v2.2_point_target_and_audits,D:\2026_PD\backups\configs_before_ai_exp\phase9b_five_seed_extension.yaml | D:\2026_PD\conference_paper_support_package_20260706\10_CONFIGS_ENVIRONMENT_LOGS\configs\phase9b_five_seed_extension.yaml | D:\2026_PD\configs\phase9b_five_seed_extension.yaml
29,69ac167aac2358fc7372690c90f596289bcb1c5ef0f39c7a7f7ceab84770df59,10,archive_and_working_sources | legacy_PD_future_window_mean | v2.2_point_target_and_audits,D:\2026_PD\backups\configs_before_ai_exp\phase6_reliability_ablation.yaml | D:\2026_PD\conference_paper_support_package_20260706\10_CONFIGS_ENVIRONMENT_LOGS\configs\phase6_reliability_ablation.yaml | D:\2026_PD\configs\phase6_reliability_ablation.yaml
30,6e560c7c397ac4704145ce851fc37d286f283725727e4550cf3695d0a9197e00,10,archive_and_working_sources | v2.2_point_target_and_audits,D:\2026_07_23\PanBorneo基准数据\07_原始数据来源清单\08_study_config_final.yaml | D:\2026_07_23\多数据源数据\20260719\T2_FINAL_EXPERIMENT_PACKAGE\00_config\study_config_final.yaml | D:\2026_07_23\多数据源数据\20260719\T2_FINAL_EXPERIMENT_PACKAGE\00_final_freeze\study_config_final.yaml
31,787a0ae794e26ee7b439ae752dd7aeec02db89ed0497fbc402a1076685d8fa54,10,archive_and_working_sources | legacy_PD_future_window_mean | v2.2_point_target_and_audits,D:\2026_PD\backups\configs_before_ai_exp\phase1_data_audit.yaml | D:\2026_PD\conference_paper_support_package_20260706\10_CONFIGS_ENVIRONMENT_LOGS\configs\phase1_data_audit.yaml | D:\2026_PD\configs\phase1_data_audit.yaml
32,7eb70257593da06f682a3ddda54a9d260d4fc514f645237f5ca74b08f8da61a6,10,archive_and_working_sources | legacy_PD_future_window_mean,D:\2026_PD\conference_paper_support_package_20260706\10_CONFIGS_ENVIRONMENT_LOGS\config_inventory.csv | D:\2026_PD\conference_paper_support_package_20260706\10_CONFIGS_ENVIRONMENT_LOGS\validation_report_inventory.csv | D:\2026_PD\GitHub\repo_push\2026-PanBorneo-FCD-Forecasting-Reproducibility\conference_paper_support_package_20260706\10_CONFIGS_ENVIRONMENT_LOGS\config_inventory.csv
33,8938cffd2bf205bb9666a47ced604f34f4ef585e22751da60f7765afeb9c90b3,10,archive_and_working_sources | legacy_PD_future_window_mean,D:\2026_PD\backups\reports_before_ai_exp\final_results_section_outline.md | D:\2026_PD\conference_paper_support_package_20260706\10_CONFIGS_ENVIRONMENT_LOGS\reports\final_results_section_outline.md | D:\2026_PD\GitHub\outputs\github_release\PanBorneo_FCD_Forecasting_Reproducibility_Package\reports\source_reports\final_results_section_outline.md
34,89cb09f9a1fb3cc68658bdd2f6141702b852db386dba18b593f52798691e2f13,10,archive_and_working_sources | legacy_PD_future_window_mean | v2.2_point_target_and_audits,D:\2026_PD\backups\configs_before_ai_exp\phase9_repeated_seed_stability.yaml | D:\2026_PD\conference_paper_support_package_20260706\10_CONFIGS_ENVIRONMENT_LOGS\configs\phase9_repeated_seed_stability.yaml | D:\2026_PD\configs\phase9_repeated_seed_stability.yaml
35,9ea68f36c351c1e6f55224b13c87dc70270f7f787261625389a92dcfe1a50a78,10,archive_and_working_sources | legacy_PD_future_window_mean | v2.2_point_target_and_audits,D:\2026_PD\backups\configs_before_ai_exp\phase8_robustness_diagnosis.yaml | D:\2026_PD\conference_paper_support_package_20260706\10_CONFIGS_ENVIRONMENT_LOGS\configs\phase8_robustness_diagnosis.yaml | D:\2026_PD\configs\phase8_robustness_diagnosis.yaml
36,cb619fd46555dabb10879d3df31e88dd401548dac5d1c279f57703237ec532da,10,archive_and_working_sources | legacy_PD_future_window_mean | v2.2_point_target_and_audits,D:\2026_PD\backups\configs_before_ai_exp\phase3_baselines.yaml | D:\2026_PD\conference_paper_support_package_20260706\10_CONFIGS_ENVIRONMENT_LOGS\configs\phase3_baselines.yaml | D:\2026_PD\configs\phase3_baselines.yaml
37,eafcc1997b6914a817acc83fd32c37c8a6b5010cf7b350aef274fa5663631d07,10,archive_and_working_sources | legacy_PD_future_window_mean | v2.2_point_target_and_audits,D:\2026_PD\backups\configs_before_ai_exp\phase10_public_benchmark_sanity.yaml | D:\2026_PD\conference_paper_support_package_20260706\10_CONFIGS_ENVIRONMENT_LOGS\configs\phase10_public_benchmark_sanity.yaml | D:\2026_PD\configs\phase10_public_benchmark_sanity.yaml
38,fda74592aaaab7732ec48b97ff205866d225a45bab9170566929056d419a413f,10,archive_and_working_sources | legacy_PD_future_window_mean | v2.2_point_target_and_audits,D:\2026_PD\conference_paper_support_package_20260706\04_PHASE15_ABLATION_RESULTS\phase15_validation_report.md | D:\2026_PD\conference_paper_support_package_20260706\10_CONFIGS_ENVIRONMENT_LOGS\reports\phase15_validation_report.md | D:\2026_PD\GitHub\repo_push\2026-PanBorneo-FCD-Forecasting-Reproducibility\conference_paper_support_package_20260706\04_PHASE15_ABLATION_RESULTS\phase15_validation_report.md
39,0266fa9e7846ac41a099c983cab96998109d77f92697050a8d3a5005dfb7ec35,9,archive_and_working_sources | legacy_PD_future_window_mean,D:\2026_PD\conference_paper_support_package_20260706\06_PHASE20_FULL_RESULTS\TableS1_metr_la_mini_results.csv | D:\2026_PD\conference_paper_support_package_20260706\09_SUPPLEMENTARY_DATA\metr_la_mini\TableS1_metr_la_mini_results.csv | D:\2026_PD\GitHub\repo_push\2026-PanBorneo-FCD-Forecasting-Reproducibility\conference_paper_support_package_20260706\06_PHASE20_FULL_RESULTS\TableS1_metr_la_mini_results.csv
40,0acbd7867304a5d1c31cd6dcebb86a3736a97512ccd46490a131a1af9b51510b,9,archive_and_working_sources | legacy_PD_future_window_mean | v2.2_point_target_and_audits,D:\2026_PD\conference_paper_support_package_20260706\02_TABLE_CANDIDATE_DATA\Table03_candidate_data\phase14_final_mean_std_summary.csv | D:\2026_PD\GitHub\repo_push\2026-PanBorneo-FCD-Forecasting-Reproducibility\conference_paper_support_package_20260706\02_TABLE_CANDIDATE_DATA\Table03_candidate_data\phase14_final_mean_std_summary.csv | D:\2026_PD\outputs\manuscript_package\phase19_applied_intelligence\source_tables\phase14_final_mean_std_summary.csv
41,1a9801aa8d9a97e6fd18725aedc7a84f4d77d481dc7a52ece6f6d50c198df65f,9,archive_and_working_sources | legacy_PD_future_window_mean | v2.2_point_target_and_audits,D:\2026_PD\conference_paper_support_package_20260706\07_PREDICTION_PARQUETS\parquet_metric_recompute_check.csv | D:\2026_PD\conference_paper_support_package_20260706\12_AUDIT_REPORTS\parquet_metric_recompute_check.csv | D:\2026_PD\GitHub\repo_push\2026-PanBorneo-FCD-Forecasting-Reproducibility\conference_paper_support_package_20260706\07_PREDICTION_PARQUETS\parquet_metric_recompute_check.csv
42,1cbb0132e371554730e7667c2a77bdd9076c9a5ed10f67bdc32a3b195aef5bdf,9,archive_and_working_sources | legacy_PD_future_window_mean,D:\2026_PD\backups\reports_before_ai_exp\final_figure_plan.md | D:\2026_PD\conference_paper_support_package_20260706\10_CONFIGS_ENVIRONMENT_LOGS\reports\final_figure_plan.md | D:\2026_PD\GitHub\outputs\github_release\PanBorneo_FCD_Forecasting_Reproducibility_Package\reports\source_reports\final_figure_plan.md
43,1e0c21e899d847f32be86f4b23b27b54e6fddf90a19c6b84a34b9fe2058d8353,9,archive_and_working_sources | legacy_PD_future_window_mean | v2.2_point_target_and_audits,D:\2026_PD\backups\phase13_in_progress_20260626_164225\configs\phase13_strong_baselines.yaml | D:\2026_PD\conference_paper_support_package_20260706\10_CONFIGS_ENVIRONMENT_LOGS\configs\phase13_strong_baselines.yaml | D:\2026_PD\configs\phase13_strong_baselines.yaml
44,1e4de0f74c0ffd85cfcfc326d47be0ef3d3ed386956d2ece1069a8871a26960a,9,archive_and_working_sources | legacy_PD_future_window_mean | v2.2_point_target_and_audits,D:\2026_PD\conference_paper_support_package_20260706\11_GITHUB_ZENODO_METADATA\CHECKSUMS_SHA256.csv | D:\2026_PD\conference_paper_support_package_20260706\12_AUDIT_REPORTS\audit_checksums_sha256.csv | D:\2026_PD\GitHub\repo_push\2026-PanBorneo-FCD-Forecasting-Reproducibility\conference_paper_support_package_20260706\11_GITHUB_ZENODO_METADATA\CHECKSUMS_SHA256.csv
45,34956d5c6f524e7c8c141ea68236bf45a1e560cca94031b57300b86db5b98087,9,archive_and_working_sources | legacy_PD_future_window_mean,D:\2026_PD\backups\reports_before_ai_exp\phase10_benchmark_data_preparation_report.md | D:\2026_PD\backups\reports_before_ai_exp\locked_phase10\phase10_benchmark_data_preparation_report.md | D:\2026_PD\conference_paper_support_package_20260706\10_CONFIGS_ENVIRONMENT_LOGS\reports\phase10_benchmark_data_preparation_report.md
46,3f78b15851a7adf300d450b6928088f3501fb16fe691d0b6b6c268fec65c92a0,9,archive_and_working_sources | legacy_PD_future_window_mean | v2.2_point_target_and_audits,D:\2026_PD\conference_paper_support_package_20260706\02_TABLE_CANDIDATE_DATA\Table01_candidate_data\data_inventory.csv | D:\2026_PD\GitHub\repo_push\2026-PanBorneo-FCD-Forecasting-Reproducibility\conference_paper_support_package_20260706\02_TABLE_CANDIDATE_DATA\Table01_candidate_data\data_inventory.csv | D:\2026_PD\outputs\paper_data_package_for_gpt_review\02_TABLE_CANDIDATE_DATA\Table01_candidate_data\data_inventory.csv
47,533c15491318ccc792e91a8794fcbafc6f333fc4ef43c31b1b5db4c127958d53,9,external_benchmark_access,D:\Traffic4cast_Bangkok_Access_Check\NeurIPS2021-traffic4cast\baselines\__init__.py | D:\Traffic4cast_Bangkok_Access_Check\NeurIPS2021-traffic4cast\competition\__init__.py | D:\Traffic4cast_Bangkok_Access_Check\NeurIPS2021-traffic4cast\competition\prepare_test_data\__init__.py
48,a1361ad4ce0a2f511f37665f2dd141483140b3c657557626f8aec26489ee3099,9,archive_and_working_sources | legacy_PD_future_window_mean | v2.2_point_target_and_audits,D:\2026_PD\conference_paper_support_package_20260706\11_GITHUB_ZENODO_METADATA\FILE_MANIFEST.csv | D:\2026_PD\conference_paper_support_package_20260706\12_AUDIT_REPORTS\audit_file_manifest.csv | D:\2026_PD\GitHub\repo_push\2026-PanBorneo-FCD-Forecasting-Reproducibility\conference_paper_support_package_20260706\11_GITHUB_ZENODO_METADATA\FILE_MANIFEST.csv
49,c1bcb6f83081c1c072f19523c90cc5532e1b844d2d0c7f82f0afd3bc5ba513a3,9,archive_and_working_sources | legacy_PD_future_window_mean | v2.2_point_target_and_audits,D:\2026_PD\conference_paper_support_package_20260706\02_TABLE_CANDIDATE_DATA\Table03_candidate_data\phase14_main_model_statistical_tests.csv | D:\2026_PD\GitHub\repo_push\2026-PanBorneo-FCD-Forecasting-Reproducibility\conference_paper_support_package_20260706\02_TABLE_CANDIDATE_DATA\Table03_candidate_data\phase14_main_model_statistical_tests.csv | D:\2026_PD\outputs\manuscript_package\phase19_applied_intelligence\source_tables\phase14_main_model_statistical_tests.csv
50,cead3465553d1b60e898d0d942bfa39e35ffb530605647263b6458e6321e774e,9,archive_and_working_sources | legacy_PD_future_window_mean,D:\2026_PD\backups\reports_before_ai_exp\phase5_controlled_deep_training_report.md | D:\2026_PD\conference_paper_support_package_20260706\10_CONFIGS_ENVIRONMENT_LOGS\reports\phase5_controlled_deep_training_report.md | D:\2026_PD\GitHub\outputs\github_release\PanBorneo_FCD_Forecasting_Reproducibility_Package\reports\source_reports\phase5_controlled_deep_training_report.md
51,39e296265736082c0f6cd5471786d5081afabc11fa0b026774cef24ad4b34506,8,archive_and_working_sources | legacy_PD_future_window_mean,D:\2026_PD\backups\reports_before_ai_exp\figure7_recalculation_audit_report.md | D:\2026_PD\conference_paper_support_package_20260706\10_CONFIGS_ENVIRONMENT_LOGS\reports\figure7_recalculation_audit_report.md | D:\2026_PD\GitHub\repo_push\2026-PanBorneo-FCD-Forecasting-Reproducibility\conference_paper_support_package_20260706\10_CONFIGS_ENVIRONMENT_LOGS\reports\figure7_recalculation_audit_report.md
52,7d8bca5f770f2b71dbfae6d00a559cb44621e8037bf5efdd2c9ef8817e206499,8,archive_and_working_sources | legacy_PD_future_window_mean | v2.2_point_target_and_audits,D:\2026_PD\backups\configs_before_ai_exp\phase4_deep_smoke_test.yaml | D:\2026_PD\conference_paper_support_package_20260706\10_CONFIGS_ENVIRONMENT_LOGS\configs\phase4_deep_smoke_test.yaml | D:\2026_PD\configs\phase4_deep_smoke_test.yaml
53,98dbb1981d98a659bbd5563edadf1fafb2aecbe1a823e00b3f1fe72341938f16,8,archive_and_working_sources,D:\2026_07_23\多数据源数据\20260719\T2_FINAL_EXPERIMENT_PACKAGE\00_config\scenario_definition.yaml | D:\2026_07_23\多数据源数据\20260719\T2_FINAL_EXPERIMENT_PACKAGE\00_final_freeze\scenario_definition.yaml | D:\2026_07_23\多数据源数据\20260719\T2_FINAL_EXPERIMENT_PACKAGE\01_final_data\00_final_freeze\scenario_definition.yaml
54,a1c74cef2508b47545936cad38ab2d5f3504b2a459399a0fcd5d0deb055fd24a,8,archive_and_working_sources | legacy_PD_future_window_mean | v2.2_point_target_and_audits,D:\2026_PD\conference_paper_support_package_20260706\02_TABLE_CANDIDATE_DATA\Table04_candidate_data\phase17_combined_stratified_summary.csv | D:\2026_PD\GitHub\repo_push\2026-PanBorneo-FCD-Forecasting-Reproducibility\conference_paper_support_package_20260706\02_TABLE_CANDIDATE_DATA\Table04_candidate_data\phase17_combined_stratified_summary.csv | D:\2026_PD\outputs\paper_data_package_for_gpt_review\02_TABLE_CANDIDATE_DATA\Table04_candidate_data\phase17_combined_stratified_summary.csv
55,df75f460ec4b764fdacbddc87b6ba0bb5e96ca2cd26374c8a6140d7f9fc40291,8,legacy_PD_future_window_mean,D:\2026_PD\GitHub\outputs\github_release\PanBorneo_FCD_Forecasting_Reproducibility_Package\data\plot_data\phase8_small_sample_metrics.csv | D:\2026_PD\GitHub\outputs\github_release\PanBorneo_FCD_Forecasting_Reproducibility_Package\data\processed\phase8_small_sample_metrics.csv | D:\2026_PD\GitHub\repo_push\2026-PanBorneo-FCD-Forecasting-Reproducibility\data\plot_data\phase8_small_sample_metrics.csv
56,ebf99bc367a0f7aa4e9244a0304ae65fea6cd8af6ee6124388504581c5103bd5,8,Phase2A_definition_freeze | archive_and_working_sources | v2.2_point_target_and_audits,D:\2026_07_23\AJSE_Phase6_GPT_Review_20260729\01_phase6_evidence\base_v2_2_2of4.yaml | D:\2026_AJSE_FINAL\01_PHASE2A_DEFINITION_FREEZE\AJSE_Phase2A0_Definition_Freeze\00_source_audit\base_v2_2_2of4_SOURCE_SNAPSHOT.yaml | D:\CRG_TCN_20260729\01_实验主工程\CRG_TCN_review_v2\package_extracted\03_CRG_TCN_experiment_framework_v2_final_week_blind\configs\base_v2_2_2of4.yaml
57,f6a7f6b689ad4e1819dc645bad019ed185727c775e81108f723d9011307d8bec,8,archive_and_working_sources,D:\2026_07_23\多数据源数据\20260719\T2_FINAL_EXPERIMENT_PACKAGE\00_config\model_manifest.yaml | D:\2026_07_23\多数据源数据\20260719\T2_FINAL_EXPERIMENT_PACKAGE\00_final_freeze\model_manifest.yaml | D:\2026_07_23\多数据源数据\20260719\T2_FINAL_EXPERIMENT_PACKAGE\01_final_data\00_final_freeze\model_manifest.yaml
58,02ee16bfbbab068d4545d72d4e37ea3c07de7cbd5ef316e21aa2e7a99b8b6c14,7,archive_and_working_sources,D:\2026_07_23\多数据源数据\20260718\12_experiments\E2_rainfall\metrics_summary.csv | D:\2026_07_23\多数据源数据\20260719\T2_FINAL_EXPERIMENT_PACKAGE\04_E1_E5\E2_rainfall\metrics_summary.csv | D:\2026_07_23\多数据源数据\20260719\T2_FINAL_EXPERIMENT_PACKAGE\archive\E0_E5_20260718_FROZEN\12_experiments\E2_rainfall\metrics_summary.csv
59,09eb4ec065ff39831a93648174148a9694c11eb41606b9bfa9349244491e10c2,7,legacy_PD_future_window_mean,D:\2026_PD\backups\reports_before_ai_exp\locked_phase5\phase5_deep_metrics.csv | D:\2026_PD\GitHub\outputs\github_release\PanBorneo_FCD_Forecasting_Reproducibility_Package\data\processed\phase5_deep_metrics.csv | D:\2026_PD\GitHub\repo_push\2026-PanBorneo-FCD-Forecasting-Reproducibility\data\processed\phase5_deep_metrics.csv
60,1440b5745ac4d20f45d82af1ee9785ca74f4ed4bc18f02816a50182375cba632,7,archive_and_working_sources,D:\2026_07_23\多数据源数据\20260718\11_experiment_ready\final_imputation_and_scaling_protocol.md | D:\2026_07_23\多数据源数据\20260719\T2_FINAL_EXPERIMENT_PACKAGE\01_final_data\11_experiment_ready\final_imputation_and_scaling_protocol.md | D:\2026_07_23\多数据源数据\20260719\T2_FINAL_EXPERIMENT_PACKAGE\archive\E0_E5_20260718_FROZEN\11_experiment_ready\final_imputation_and_scaling_protocol.md
61,2ea68fdb26a1f71aa37166b9db771503ab1f943201089bd7a1f3deea24937b19,7,archive_and_working_sources,D:\2026_07_23\多数据源数据\20260718\12_experiments\E5_full_fusion\metrics_by_seed.csv | D:\2026_07_23\多数据源数据\20260719\T2_FINAL_EXPERIMENT_PACKAGE\04_E1_E5\E5_full_fusion\metrics_by_seed.csv | D:\2026_07_23\多数据源数据\20260719\T2_FINAL_EXPERIMENT_PACKAGE\archive\E0_E5_20260718_FROZEN\12_experiments\E5_full_fusion\metrics_by_seed.csv
62,35989a5d34bd468b1adba5ac80d990caa5bb8423d0855a27642d2a680271f9ed,7,legacy_PD_future_window_mean,D:\2026_PD\backups\reports_before_ai_exp\locked_phase9b\phase9b_five_seed_metrics.csv | D:\2026_PD\GitHub\outputs\github_release\PanBorneo_FCD_Forecasting_Reproducibility_Package\data\processed\phase9b_five_seed_metrics.csv | D:\2026_PD\GitHub\repo_push\2026-PanBorneo-FCD-Forecasting-Reproducibility\data\processed\phase9b_five_seed_metrics.csv
63,3f38a22ee0c142f8bcd4da813b4f462f3ef293aa4aa8a473118ad46cb4de0199,7,legacy_PD_future_window_mean,D:\2026_PD\backups\reports_before_ai_exp\locked_phase3\phase3_baseline_metrics_by_horizon.csv | D:\2026_PD\GitHub\outputs\github_release\PanBorneo_FCD_Forecasting_Reproducibility_Package\data\processed\phase3_baseline_metrics_by_horizon.csv | D:\2026_PD\GitHub\repo_push\2026-PanBorneo-FCD-Forecasting-Reproducibility\data\processed\phase3_baseline_metrics_by_horizon.csv
64,46675877cf5104d410868215e8a4e364079bebde7f830f5b35da5288ca11dd6e,7,legacy_PD_future_window_mean,D:\2026_PD\backups\reports_before_ai_exp\locked_phase9\phase9_seed_metrics.csv | D:\2026_PD\GitHub\outputs\github_release\PanBorneo_FCD_Forecasting_Reproducibility_Package\data\processed\phase9_seed_metrics.csv | D:\2026_PD\GitHub\repo_push\2026-PanBorneo-FCD-Forecasting-Reproducibility\data\processed\phase9_seed_metrics.csv
65,474ec1a8136716bb0b22d9c06c56d64fb78223e719d8541322337649d477a5c5,7,archive_and_working_sources,D:\2026_07_23\多数据源数据\20260718\12_experiments\E2_rainfall\config.yaml | D:\2026_07_23\多数据源数据\20260719\T2_FINAL_EXPERIMENT_PACKAGE\04_E1_E5\E2_rainfall\config.yaml | D:\2026_07_23\多数据源数据\20260719\T2_FINAL_EXPERIMENT_PACKAGE\archive\E0_E5_20260718_FROZEN\12_experiments\E2_rainfall\config.yaml
66,49bcd9b641788c233a52739378fc8369014d6d65f6c0e70889facc295053b31f,7,legacy_PD_future_window_mean,D:\2026_PD\backups\reports_before_ai_exp\locked_phase8\phase8_noise_stress_metrics.csv | D:\2026_PD\GitHub\outputs\github_release\PanBorneo_FCD_Forecasting_Reproducibility_Package\data\processed\phase8_noise_stress_metrics.csv | D:\2026_PD\GitHub\repo_push\2026-PanBorneo-FCD-Forecasting-Reproducibility\data\processed\phase8_noise_stress_metrics.csv
67,4c7d70a38d25c31836b6c87e0c6c1cbaf0f1eed42033bebb11272f4f595d0496,7,legacy_PD_future_window_mean,D:\2026_PD\backups\reports_before_ai_exp\locked_phase5\phase5_deep_metrics_by_model.csv | D:\2026_PD\GitHub\outputs\github_release\PanBorneo_FCD_Forecasting_Reproducibility_Package\data\processed\phase5_deep_metrics_by_model.csv | D:\2026_PD\GitHub\repo_push\2026-PanBorneo-FCD-Forecasting-Reproducibility\data\processed\phase5_deep_metrics_by_model.csv
68,516b558279063f01dcb07cb5b7a9b678882ccdcc6e3534699873847d7d16eba1,7,archive_and_working_sources,D:\2026_07_23\多数据源数据\20260718\00_config\study_config.yaml | D:\2026_07_23\多数据源数据\20260719\T2_FINAL_EXPERIMENT_PACKAGE\00_config\study_config_20260718_frozen.yaml | D:\2026_07_23\多数据源数据\20260719\T2_FINAL_EXPERIMENT_PACKAGE\archive\E0_E5_20260718_FROZEN\00_config\study_config.yaml
69,5175ad3471e3dafee3372a88605154fb068c86ef9b096c73f0417b99d43410aa,7,legacy_PD_future_window_mean,D:\2026_PD\backups\reports_before_ai_exp\locked_phase8\phase8_robustness_metrics.csv | D:\2026_PD\GitHub\outputs\github_release\PanBorneo_FCD_Forecasting_Reproducibility_Package\data\processed\phase8_robustness_metrics.csv | D:\2026_PD\GitHub\repo_push\2026-PanBorneo-FCD-Forecasting-Reproducibility\data\processed\phase8_robustness_metrics.csv
70,518fd979b545b2198dd3c591cccc7c2baaf6ba85ad03524ab19f765d4b992aa1,7,archive_and_working_sources,D:\2026_07_23\多数据源数据\20260718\12_experiments\E4_atmospheric\metrics_summary.csv | D:\2026_07_23\多数据源数据\20260719\T2_FINAL_EXPERIMENT_PACKAGE\04_E1_E5\E4_atmospheric\metrics_summary.csv | D:\2026_07_23\多数据源数据\20260719\T2_FINAL_EXPERIMENT_PACKAGE\archive\E0_E5_20260718_FROZEN\12_experiments\E4_atmospheric\metrics_summary.csv
71,53f36b97e14ab083d19a0088f1b232aeb5d0a9f2da7a500cc84ebe1820bdf61b,7,legacy_PD_future_window_mean,D:\2026_PD\backups\reports_before_ai_exp\locked_phase5\phase5_deep_metrics_by_horizon.csv | D:\2026_PD\GitHub\outputs\github_release\PanBorneo_FCD_Forecasting_Reproducibility_Package\data\processed\phase5_deep_metrics_by_horizon.csv | D:\2026_PD\GitHub\repo_push\2026-PanBorneo-FCD-Forecasting-Reproducibility\data\processed\phase5_deep_metrics_by_horizon.csv
72,5439601c9c271d2576d619be8299f30aa4b39013d5aa4079b846a6c8e3df7e0b,7,archive_and_working_sources,D:\2026_07_23\多数据源数据\20260718\12_experiments\E3_meteorology\metrics_summary.csv | D:\2026_07_23\多数据源数据\20260719\T2_FINAL_EXPERIMENT_PACKAGE\04_E1_E5\E3_meteorology\metrics_summary.csv | D:\2026_07_23\多数据源数据\20260719\T2_FINAL_EXPERIMENT_PACKAGE\archive\E0_E5_20260718_FROZEN\12_experiments\E3_meteorology\metrics_summary.csv
73,579512a9768f87fc7eb037aad26d1d130c5427d813b8d5d6a8c4ec6ce33c7158,7,legacy_PD_future_window_mean,D:\2026_PD\backups\reports_before_ai_exp\locked_phase7\phase7_history_metrics.csv | D:\2026_PD\GitHub\outputs\github_release\PanBorneo_FCD_Forecasting_Reproducibility_Package\data\processed\phase7_history_metrics.csv | D:\2026_PD\GitHub\repo_push\2026-PanBorneo-FCD-Forecasting-Reproducibility\data\processed\phase7_history_metrics.csv
74,5a8cbff51120ade01bc3997e66b5f0ef64eab688ec2f6a9db0fc69f3d923e0bd,7,archive_and_working_sources | legacy_PD_future_window_mean | v2.2_point_target_and_audits,D:\2026_PD\conference_paper_support_package_20260706\02_TABLE_CANDIDATE_DATA\Table04_candidate_data\phase16_degradation_summary.csv | D:\2026_PD\GitHub\repo_push\2026-PanBorneo-FCD-Forecasting-Reproducibility\conference_paper_support_package_20260706\02_TABLE_CANDIDATE_DATA\Table04_candidate_data\phase16_degradation_summary.csv | D:\2026_PD\outputs\paper_data_package_for_gpt_review\02_TABLE_CANDIDATE_DATA\Table04_candidate_data\phase16_degradation_summary.csv
75,5f3f41e92678fadc0bbb89ae4343b4d97003f99ef717165388428ae12afc730e,7,archive_and_working_sources,D:\2026_07_23\多数据源数据\20260718\12_experiments\E3_meteorology\metrics_by_seed.csv | D:\2026_07_23\多数据源数据\20260719\T2_FINAL_EXPERIMENT_PACKAGE\04_E1_E5\E3_meteorology\metrics_by_seed.csv | D:\2026_07_23\多数据源数据\20260719\T2_FINAL_EXPERIMENT_PACKAGE\archive\E0_E5_20260718_FROZEN\12_experiments\E3_meteorology\metrics_by_seed.csv
76,6f6d0348e61f161d9785db7ea90c9a41f20867260cb960a9c3f39862978684eb,7,archive_and_working_sources,D:\2026_07_23\多数据源数据\20260718\12_experiments\E3_meteorology\config.yaml | D:\2026_07_23\多数据源数据\20260719\T2_FINAL_EXPERIMENT_PACKAGE\04_E1_E5\E3_meteorology\config.yaml | D:\2026_07_23\多数据源数据\20260719\T2_FINAL_EXPERIMENT_PACKAGE\archive\E0_E5_20260718_FROZEN\12_experiments\E3_meteorology\config.yaml
77,70b0f8b68342b2277966eb572ade55dbc95af0d4651fe7a79a0336b99333c3c4,7,archive_and_working_sources,D:\2026_07_23\多数据源数据\20260718\12_experiments\E1_traffic_only\config.yaml | D:\2026_07_23\多数据源数据\20260719\T2_FINAL_EXPERIMENT_PACKAGE\04_E1_E5\E1_traffic_only\config.yaml | D:\2026_07_23\多数据源数据\20260719\T2_FINAL_EXPERIMENT_PACKAGE\archive\E0_E5_20260718_FROZEN\12_experiments\E1_traffic_only\config.yaml
78,7140637554a57dbc8d0142c5a0ce3bc91cd284fd932a63c3d356ec5d0d25a37a,7,archive_and_working_sources,D:\2026_07_23\多数据源数据\20260718\12_experiments\E5_full_fusion\metrics_summary.csv | D:\2026_07_23\多数据源数据\20260719\T2_FINAL_EXPERIMENT_PACKAGE\04_E1_E5\E5_full_fusion\metrics_summary.csv | D:\2026_07_23\多数据源数据\20260719\T2_FINAL_EXPERIMENT_PACKAGE\archive\E0_E5_20260718_FROZEN\12_experiments\E5_full_fusion\metrics_summary.csv
79,9910b0dc079dc19cd0137ea3680450a46b4aa35ef35cab1113c32fd5df1edaea,7,archive_and_working_sources,D:\2026_07_23\多数据源数据\20260718\12_experiments\E4_atmospheric\config.yaml | D:\2026_07_23\多数据源数据\20260719\T2_FINAL_EXPERIMENT_PACKAGE\04_E1_E5\E4_atmospheric\config.yaml | D:\2026_07_23\多数据源数据\20260719\T2_FINAL_EXPERIMENT_PACKAGE\archive\E0_E5_20260718_FROZEN\12_experiments\E4_atmospheric\config.yaml
80,9ce3ee37493781a52f324e1acf795a4289d624224f50d345a5657877bc3b7edd,7,archive_and_working_sources,D:\2026_07_23\多数据源数据\20260718\12_experiments\E4_atmospheric\metrics_by_seed.csv | D:\2026_07_23\多数据源数据\20260719\T2_FINAL_EXPERIMENT_PACKAGE\04_E1_E5\E4_atmospheric\metrics_by_seed.csv | D:\2026_07_23\多数据源数据\20260719\T2_FINAL_EXPERIMENT_PACKAGE\archive\E0_E5_20260718_FROZEN\12_experiments\E4_atmospheric\metrics_by_seed.csv
81,a1ac885ec7019a44099dcff8db67d92b00f0b462ac1d5994b257b611bb7af453,7,legacy_PD_future_window_mean,D:\2026_PD\backups\reports_before_ai_exp\locked_phase6\phase6_ablation_metrics_by_horizon.csv | D:\2026_PD\GitHub\outputs\github_release\PanBorneo_FCD_Forecasting_Reproducibility_Package\data\processed\phase6_ablation_metrics_by_horizon.csv | D:\2026_PD\GitHub\repo_push\2026-PanBorneo-FCD-Forecasting-Reproducibility\data\processed\phase6_ablation_metrics_by_horizon.csv
82,b1f36d13092fd1044ac547e48d1604e0674e7caa47f5fee8a38062b1a0ccbbae,7,archive_and_working_sources,D:\2026_07_23\多数据源数据\20260718\11_experiment_ready\checksums_sha256.csv | D:\2026_07_23\多数据源数据\20260719\T2_FINAL_EXPERIMENT_PACKAGE\01_final_data\11_experiment_ready\checksums_sha256.csv | D:\2026_07_23\多数据源数据\20260719\T2_FINAL_EXPERIMENT_PACKAGE\archive\E0_E5_20260718_FROZEN\11_experiment_ready\checksums_sha256.csv
83,ba4fd95c43e647dbc7c40c8c2bcaef338449c138c9dd14ccdad067382295f84f,7,archive_and_working_sources,D:\2026_07_23\多数据源数据\20260718\12_experiments\E5_full_fusion\config.yaml | D:\2026_07_23\多数据源数据\20260719\T2_FINAL_EXPERIMENT_PACKAGE\04_E1_E5\E5_full_fusion\config.yaml | D:\2026_07_23\多数据源数据\20260719\T2_FINAL_EXPERIMENT_PACKAGE\archive\E0_E5_20260718_FROZEN\12_experiments\E5_full_fusion\config.yaml
84,c35e72e2fb975ea14924683796d3de87f9b481c11679a195e1b3ae2fee9b6ee4,7,legacy_PD_future_window_mean,D:\2026_PD\backups\reports_before_ai_exp\locked_phase7\phase7_history_metrics_by_history.csv | D:\2026_PD\GitHub\outputs\github_release\PanBorneo_FCD_Forecasting_Reproducibility_Package\data\processed\phase7_history_metrics_by_history.csv | D:\2026_PD\GitHub\repo_push\2026-PanBorneo-FCD-Forecasting-Reproducibility\data\processed\phase7_history_metrics_by_history.csv
85,c7ef46dc813a18081faaf881beec5e140b34dc5793fdf0a72dfd17ff2e9f7a5a,7,legacy_PD_future_window_mean,D:\2026_PD\backups\reports_before_ai_exp\locked_phase3\phase3_baseline_metrics_by_history.csv | D:\2026_PD\GitHub\outputs\github_release\PanBorneo_FCD_Forecasting_Reproducibility_Package\data\processed\phase3_baseline_metrics_by_history.csv | D:\2026_PD\GitHub\repo_push\2026-PanBorneo-FCD-Forecasting-Reproducibility\data\processed\phase3_baseline_metrics_by_history.csv
86,cce2fe8418048100fbbea0e7abec6c9d579fe0ea35750ae909746c59a18b2cd7,7,archive_and_working_sources,D:\2026_07_23\多数据源数据\20260718\12_experiments\E1_traffic_only\metrics_summary.csv | D:\2026_07_23\多数据源数据\20260719\T2_FINAL_EXPERIMENT_PACKAGE\04_E1_E5\E1_traffic_only\metrics_summary.csv | D:\2026_07_23\多数据源数据\20260719\T2_FINAL_EXPERIMENT_PACKAGE\archive\E0_E5_20260718_FROZEN\12_experiments\E1_traffic_only\metrics_summary.csv
87,d2fb7391b7da2684a830f80200def65ff69603cc9f756811bc41b27f60066640,7,archive_and_working_sources,D:\2026_07_23\多数据源数据\20260718\12_experiments\E1_traffic_only\metrics_by_seed.csv | D:\2026_07_23\多数据源数据\20260719\T2_FINAL_EXPERIMENT_PACKAGE\04_E1_E5\E1_traffic_only\metrics_by_seed.csv | D:\2026_07_23\多数据源数据\20260719\T2_FINAL_EXPERIMENT_PACKAGE\archive\E0_E5_20260718_FROZEN\12_experiments\E1_traffic_only\metrics_by_seed.csv
88,d4291c9a482df561a25fa0d1ed2f876fb0d13fb69c24d57f9727e2243b807770,7,legacy_PD_future_window_mean,D:\2026_PD\backups\reports_before_ai_exp\locked_phase7\phase7_history_metrics_by_horizon.csv | D:\2026_PD\GitHub\outputs\github_release\PanBorneo_FCD_Forecasting_Reproducibility_Package\data\processed\phase7_history_metrics_by_horizon.csv | D:\2026_PD\GitHub\repo_push\2026-PanBorneo-FCD-Forecasting-Reproducibility\data\processed\phase7_history_metrics_by_horizon.csv
89,dac99d4c39e3ccf038c6c6c2b7ceec53cdead425fcb085c937e6305efe5b8be5,7,legacy_PD_future_window_mean | v2.2_point_target_and_audits,D:\2026_PD\requirements.txt | D:\2026_PD\PanBorneo_prediction_paper_support_data_20260626_120445\09_other_usable_support_files\requirements.txt | D:\2026_PD\PanBorneo_prediction_paper_support_data_20260626_120906\09_other_usable_support_files\requirements.txt
90,eaa3fcbaef80daa36cb2782192557681656c80fdc907db20cc85c55f3126e5d6,7,archive_and_working_sources | legacy_PD_future_window_mean | v2.2_point_target_and_audits,D:\2026_PD\backups\phase16_reuse_clean_before_20260628_191835\phase16_robustness.yaml | D:\2026_PD\conference_paper_support_package_20260706\10_CONFIGS_ENVIRONMENT_LOGS\configs\phase16_robustness.yaml | D:\2026_PD\configs\phase16_robustness.yaml
91,eba805040d2f40402bbd4ed069f82ea20f934c9f4eda9e57d9a6602f979462b8,7,legacy_PD_future_window_mean,D:\2026_PD\backups\reports_before_ai_exp\locked_phase8\phase8_missingness_stress_metrics.csv | D:\2026_PD\GitHub\outputs\github_release\PanBorneo_FCD_Forecasting_Reproducibility_Package\data\processed\phase8_missingness_stress_metrics.csv | D:\2026_PD\GitHub\repo_push\2026-PanBorneo-FCD-Forecasting-Reproducibility\data\processed\phase8_missingness_stress_metrics.csv
92,ec4cfc2d712281485a69df7e06776fafa21d533a9dbfc5fca5642b1fbfa8e188,7,legacy_PD_future_window_mean,D:\2026_PD\backups\reports_before_ai_exp\locked_phase3\phase3_baseline_metrics.csv | D:\2026_PD\GitHub\outputs\github_release\PanBorneo_FCD_Forecasting_Reproducibility_Package\data\processed\phase3_baseline_metrics.csv | D:\2026_PD\GitHub\repo_push\2026-PanBorneo-FCD-Forecasting-Reproducibility\data\processed\phase3_baseline_metrics.csv
93,f26c9cf9e8a7e6361c370eba5f8cc078356a10043a8f71dd31aba853ace4818f,7,archive_and_working_sources,D:\2026_07_23\多数据源数据\20260718\12_experiments\E2_rainfall\metrics_by_seed.csv | D:\2026_07_23\多数据源数据\20260719\T2_FINAL_EXPERIMENT_PACKAGE\04_E1_E5\E2_rainfall\metrics_by_seed.csv | D:\2026_07_23\多数据源数据\20260719\T2_FINAL_EXPERIMENT_PACKAGE\archive\E0_E5_20260718_FROZEN\12_experiments\E2_rainfall\metrics_by_seed.csv
94,f8dc42dd380c61ee73275bf4105897f527c207f1fba586ff939431eac219636b,7,legacy_PD_future_window_mean,D:\2026_PD\backups\reports_before_ai_exp\locked_phase6\phase6_ablation_metrics_by_group.csv | D:\2026_PD\GitHub\outputs\github_release\PanBorneo_FCD_Forecasting_Reproducibility_Package\data\processed\phase6_ablation_metrics_by_group.csv | D:\2026_PD\GitHub\repo_push\2026-PanBorneo-FCD-Forecasting-Reproducibility\data\processed\phase6_ablation_metrics_by_group.csv
95,f9dbf5e106b5d3585137a44f75a8883d94b2fbe1408eee439f7df2db79dbae3b,7,archive_and_working_sources | legacy_PD_future_window_mean | v2.2_point_target_and_audits,D:\2026_PD\conference_paper_support_package_20260706\02_TABLE_CANDIDATE_DATA\Table01_candidate_data\train_val_test_split_summary.csv | D:\2026_PD\GitHub\repo_push\2026-PanBorneo-FCD-Forecasting-Reproducibility\conference_paper_support_package_20260706\02_TABLE_CANDIDATE_DATA\Table01_candidate_data\train_val_test_split_summary.csv | D:\2026_PD\outputs\paper_data_package_for_gpt_review\02_TABLE_CANDIDATE_DATA\Table01_candidate_data\train_val_test_split_summary.csv
96,062ce636bd2e47e14c3bb7c9cb6c1a304ffbb54cf2b56bafb3458dafdf7f309c,6,legacy_PD_future_window_mean,D:\2026_PD\backups\scripts_before_ai_exp\phase9b_five_seed_extension.py | D:\2026_PD\GitHub\outputs\github_release\PanBorneo_FCD_Forecasting_Reproducibility_Package\scripts\original_project_scripts\phase9b_five_seed_extension.py | D:\2026_PD\GitHub\repo_push\2026-PanBorneo-FCD-Forecasting-Reproducibility\scripts\original_project_scripts\phase9b_five_seed_extension.py
97,0632103574f43b780d232630e6a17c06ffde19be44f09ba8d3b505c9d03d31aa,6,legacy_PD_future_window_mean,D:\2026_PD\backups\scripts_before_ai_exp\summarize_phase2_feasible_horizons.py | D:\2026_PD\GitHub\outputs\github_release\PanBorneo_FCD_Forecasting_Reproducibility_Package\scripts\original_project_scripts\summarize_phase2_feasible_horizons.py | D:\2026_PD\GitHub\repo_push\2026-PanBorneo-FCD-Forecasting-Reproducibility\scripts\original_project_scripts\summarize_phase2_feasible_horizons.py
98,16069b89d541c4b20ce9ba665a3587b64772c7f9ef03972758bd209826bb01cd,6,archive_and_working_sources,D:\2026_07_23\多数据源数据\20260718\scripts\finalize_data.py | D:\2026_07_23\多数据源数据\20260719\T2_FINAL_EXPERIMENT_PACKAGE\archive\E0_E5_20260718_FROZEN\scripts\finalize_data.py | D:\2026_07_23\多数据源数据\20260719\T2_FINAL_EXPERIMENT_PACKAGE\scripts\finalize_data_20260718_frozen.py
99,16a27d4e62c593224037bc2b6dbaf4223f8c3e7c1d426e7245f5f1dfa5e22c4d,6,legacy_PD_future_window_mean,D:\2026_PD\backups\scripts_before_ai_exp\phase8_robustness_diagnosis.py | D:\2026_PD\GitHub\outputs\github_release\PanBorneo_FCD_Forecasting_Reproducibility_Package\scripts\original_project_scripts\phase8_robustness_diagnosis.py | D:\2026_PD\GitHub\repo_push\2026-PanBorneo-FCD-Forecasting-Reproducibility\scripts\original_project_scripts\phase8_robustness_diagnosis.py
100,1dfef24fdec395f027a3f40985a5b3e36e67ea71ec26447e2955339b024e72fe,6,legacy_PD_future_window_mean,D:\2026_PD\backups\scripts_before_ai_exp\phase5_controlled_deep_training.py | D:\2026_PD\GitHub\outputs\github_release\PanBorneo_FCD_Forecasting_Reproducibility_Package\scripts\original_project_scripts\phase5_controlled_deep_training.py | D:\2026_PD\GitHub\repo_push\2026-PanBorneo-FCD-Forecasting-Reproducibility\scripts\original_project_scripts\phase5_controlled_deep_training.py
101,244e2ec02bf41ea5bc24ad0bded8ae84df966faa37db0c58efd8825b730eefeb,6,archive_and_working_sources,D:\2026_07_23\多数据源数据\20260719\T2_FINAL_EXPERIMENT_PACKAGE\FINAL_AUDIT_PASS3.md | D:\2026_07_23\多数据源数据\20260719\T2_FINAL_EXPERIMENT_PACKAGE\14_final_reports\FINAL_AUDIT_PASS3.md | D:\2026_07_23\多数据源数据\2026071901\GPT_REVIEW_BUNDLE\T2_EVIDENCE\FINAL_AUDIT_PASS3.md
102,26af76169862fc7dec9dbe9146a2a39f74ff7aa9f4e8fea2b384a7405a7508bb,6,archive_and_working_sources | legacy_PD_future_window_mean | v2.2_point_target_and_audits,D:\2026_PD\conference_paper_support_package_20260706\10_CONFIGS_ENVIRONMENT_LOGS\configs\phase15_feature_ablation.yaml | D:\2026_PD\configs\phase15_feature_ablation.yaml | D:\2026_PD\outputs\paper_data_package_for_gpt_review\10_CONFIGS_ENVIRONMENT_LOGS\configs\phase15_feature_ablation.yaml
103,3d3d2fb9af280b382cf4b308f2a43008a8f8008ba4848ea7c418060a24ae8c03,6,legacy_PD_future_window_mean,D:\2026_PD\backups\scripts_before_ai_exp\phase3_run_baselines.py | D:\2026_PD\GitHub\outputs\github_release\PanBorneo_FCD_Forecasting_Reproducibility_Package\scripts\original_project_scripts\phase3_run_baselines.py | D:\2026_PD\GitHub\repo_push\2026-PanBorneo-FCD-Forecasting-Reproducibility\scripts\original_project_scripts\phase3_run_baselines.py
104,4ad413f4598a05a3f4496d973a2d71ae327cb60c0724fc0409abe0d5406f5ca5,6,legacy_PD_future_window_mean,D:\2026_PD\backups\scripts_before_ai_exp\phase11_master_summary.py | D:\2026_PD\GitHub\outputs\github_release\PanBorneo_FCD_Forecasting_Reproducibility_Package\scripts\original_project_scripts\phase11_master_summary.py | D:\2026_PD\GitHub\repo_push\2026-PanBorneo-FCD-Forecasting-Reproducibility\scripts\original_project_scripts\phase11_master_summary.py
105,5733a4e16591e795ff1e71552fccc0391f966925bb548c441fcab17eb1b4428a,6,archive_and_working_sources | legacy_PD_future_window_mean | v2.2_point_target_and_audits,D:\2026_PD\conference_paper_support_package_20260706\10_CONFIGS_ENVIRONMENT_LOGS\reports\phase19_manuscript_package_report.md | D:\2026_PD\GitHub\repo_push\2026-PanBorneo-FCD-Forecasting-Reproducibility\conference_paper_support_package_20260706\10_CONFIGS_ENVIRONMENT_LOGS\reports\phase19_manuscript_package_report.md | D:\2026_PD\outputs\paper_data_package_for_gpt_review\10_CONFIGS_ENVIRONMENT_LOGS\reports\phase19_manuscript_package_report.md
106,5a95abe21e5c3c7f7bfbe88433b77c292e16577a7f4b05e31be47e8d8ccedfa8,6,T2_environment_multimodal | archive_and_working_sources,D:\2026_07_23\多数据源数据\20260714_2227\T2_ARTICLE_SUPPORT_ASSESSMENT.md | D:\2026_07_23\多数据源数据\20260714_2227\T2_DATA_READINESS_REPORT_FINAL.md | D:\2026_07_23\多数据源数据\20260714_2227\archive_v1_deprecated\T2_ARTICLE_SUPPORT_ASSESSMENT.md
107,5bff4ad762267a017c7b33a2500a89ad15c219e8de9ba3e89e0b748c3708c278,6,archive_and_working_sources,D:\2026_07_23\多数据源数据\20260718\scripts\run_e0_e5.py | D:\2026_07_23\多数据源数据\20260719\T2_FINAL_EXPERIMENT_PACKAGE\archive\E0_E5_20260718_FROZEN\scripts\run_e0_e5.py | D:\2026_07_23\多数据源数据\20260719\T2_FINAL_EXPERIMENT_PACKAGE\scripts\run_e0_e5_20260718_frozen.py
108,5d642324d03ca3ea21c9b432627eb1b42850fba7335a554961dc62203954922b,6,archive_and_working_sources | legacy_PD_future_window_mean | v2.2_point_target_and_audits,D:\2026_PD\conference_paper_support_package_20260706\10_CONFIGS_ENVIRONMENT_LOGS\reports\phase16_robustness_report.md | D:\2026_PD\GitHub\repo_push\2026-PanBorneo-FCD-Forecasting-Reproducibility\conference_paper_support_package_20260706\10_CONFIGS_ENVIRONMENT_LOGS\reports\phase16_robustness_report.md | D:\2026_PD\outputs\paper_data_package_for_gpt_review\10_CONFIGS_ENVIRONMENT_LOGS\reports\phase16_robustness_report.md
109,5fc7319efd9ffe112cdeb1d903499e15d5e2ae242fe3da42bf45da4302c30ff7,6,archive_and_working_sources | legacy_PD_future_window_mean | v2.2_point_target_and_audits,D:\2026_PD\conference_paper_support_package_20260706\12_AUDIT_REPORTS\table_readiness_summary.csv | D:\2026_PD\GitHub\repo_push\2026-PanBorneo-FCD-Forecasting-Reproducibility\conference_paper_support_package_20260706\12_AUDIT_REPORTS\table_readiness_summary.csv | D:\2026_PD\outputs\applied_intelligence_readiness_audit\table_readiness_summary.csv
110,66a2579d45999f28d8555869775c4c01eb3e031f170a99422201ddb6e4476641,6,archive_and_working_sources | legacy_PD_future_window_mean | v2.2_point_target_and_audits,D:\2026_PD\conference_paper_support_package_20260706\02_TABLE_CANDIDATE_DATA\Table02_candidate_data\Table02_model_settings.csv | D:\2026_PD\GitHub\repo_push\2026-PanBorneo-FCD-Forecasting-Reproducibility\conference_paper_support_package_20260706\02_TABLE_CANDIDATE_DATA\Table02_candidate_data\Table02_model_settings.csv | D:\2026_PD\outputs\final_plot_table_data\main_tables\Table02_model_settings.csv
111,6b70ec0f80de1dcc6514b25c87a55ddc334b067fb2bb9c2c2ad6a21591eb798d,6,legacy_PD_future_window_mean,D:\2026_PD\backups\scripts_before_ai_exp\check_phase2_leakage.py | D:\2026_PD\GitHub\outputs\github_release\PanBorneo_FCD_Forecasting_Reproducibility_Package\scripts\original_project_scripts\check_phase2_leakage.py | D:\2026_PD\GitHub\repo_push\2026-PanBorneo-FCD-Forecasting-Reproducibility\scripts\original_project_scripts\check_phase2_leakage.py
112,6ff5dca390a5e947856d3388feba4ff84cf5631bcd355c951eed50a2d9eef8b1,6,archive_and_working_sources,D:\2026_07_23\多数据源数据\20260719\T2_FINAL_EXPERIMENT_PACKAGE\FINAL_AUDIT_PASS1.md | D:\2026_07_23\多数据源数据\20260719\T2_FINAL_EXPERIMENT_PACKAGE\14_final_reports\FINAL_AUDIT_PASS1.md | D:\2026_07_23\多数据源数据\2026071901\GPT_REVIEW_BUNDLE\T2_EVIDENCE\FINAL_AUDIT_PASS1.md
113,7554f92a6469ab160acc3a357fe47e3ec14e45103c3ab077d5f27f12a601ea23,6,archive_and_working_sources | legacy_PD_future_window_mean | v2.2_point_target_and_audits,D:\2026_PD\conference_paper_support_package_20260706\00_READ_FIRST\README_FOR_GPT.md | D:\2026_PD\GitHub\repo_push\2026-PanBorneo-FCD-Forecasting-Reproducibility\conference_paper_support_package_20260706\00_READ_FIRST\README_FOR_GPT.md | D:\2026_PD\outputs\paper_data_package_for_gpt_review\00_READ_FIRST\README_FOR_GPT.md
114,7bf2ca62eebe17d12111e0841d9986c52fed58e4cf18f4ca302b8b7a28201a85,6,legacy_PD_future_window_mean,D:\2026_PD\20260623_PanBorneo_SIRAF_一周预测实验步骤说明手册.docx | D:\2026_PD\20260623\20260623_PanBorneo_SIRAF_一周预测实验步骤说明手册.docx | D:\2026_PD\PanBorneo_prediction_paper_support_data_20260626_120445\09_other_usable_support_files\20260623_PanBorneo_SIRAF_一周预测实验步骤说明手册.docx
115,7dab398e0a2f1c98dfaed2f02af37d1c9c58891f7ab39a7f7e2d4c5a647625a7,6,legacy_PD_future_window_mean,D:\2026_PD\backups\scripts_before_ai_exp\phase7_history_sensitivity.py | D:\2026_PD\GitHub\outputs\github_release\PanBorneo_FCD_Forecasting_Reproducibility_Package\scripts\original_project_scripts\phase7_history_sensitivity.py | D:\2026_PD\GitHub\repo_push\2026-PanBorneo-FCD-Forecasting-Reproducibility\scripts\original_project_scripts\phase7_history_sensitivity.py
116,85e4f1e455352d64afd9508984b30fcd128fc849269828edab9082ef28b847d7,6,legacy_PD_future_window_mean,D:\2026_PD\backups\scripts_before_ai_exp\phase8_small_sample_training.py | D:\2026_PD\GitHub\outputs\github_release\PanBorneo_FCD_Forecasting_Reproducibility_Package\scripts\original_project_scripts\phase8_small_sample_training.py | D:\2026_PD\GitHub\repo_push\2026-PanBorneo-FCD-Forecasting-Reproducibility\scripts\original_project_scripts\phase8_small_sample_training.py
117,86d5345da03a4ed4be3757c42d8095701d3ef2fe2a1377a6c65bacb5f53ffbf0,6,archive_and_working_sources | legacy_PD_future_window_mean | v2.2_point_target_and_audits,D:\2026_PD\conference_paper_support_package_20260706\10_CONFIGS_ENVIRONMENT_LOGS\reports\phase18_figure_table_consistency_audit.md | D:\2026_PD\GitHub\repo_push\2026-PanBorneo-FCD-Forecasting-Reproducibility\conference_paper_support_package_20260706\10_CONFIGS_ENVIRONMENT_LOGS\reports\phase18_figure_table_consistency_audit.md | D:\2026_PD\outputs\paper_data_package_for_gpt_review\10_CONFIGS_ENVIRONMENT_LOGS\reports\phase18_figure_table_consistency_audit.md
118,998dd5b1983ebb7099b1906f9339e9273c1340baaadcaf901b51bc4b036b3a74,6,archive_and_working_sources,D:\2026_07_23\多数据源数据\20260718\12_experiments\E0_baselines\config.yaml | D:\2026_07_23\多数据源数据\20260719\T2_FINAL_EXPERIMENT_PACKAGE\archive\E0_E5_20260718_FROZEN\12_experiments\E0_baselines\config.yaml | D:\2026_07_23\多数据源数据\20260719\T2_FINAL_EXPERIMENT_PACKAGE\archive\undertrained_tcn\config.yaml
119,a61026ab66e882aa31d5895db347e8aeaeed7bbba2df3d61d05dfd4ed1575f20,6,archive_and_working_sources | legacy_PD_future_window_mean | v2.2_point_target_and_audits,D:\2026_PD\conference_paper_support_package_20260706\10_CONFIGS_ENVIRONMENT_LOGS\configs\phase17_stratified_evaluation.yaml | D:\2026_PD\configs\phase17_stratified_evaluation.yaml | D:\2026_PD\outputs\paper_data_package_for_gpt_review\10_CONFIGS_ENVIRONMENT_LOGS\configs\phase17_stratified_evaluation.yaml
120,a9dd5fb70d5eb72f15f8bae4e0611a898712f844b14f069264e9df06a2c889d4,6,legacy_PD_future_window_mean,D:\2026_PD\backups\scripts_before_ai_exp\phase1_data_audit.py | D:\2026_PD\GitHub\outputs\github_release\PanBorneo_FCD_Forecasting_Reproducibility_Package\scripts\original_project_scripts\phase1_data_audit.py | D:\2026_PD\GitHub\repo_push\2026-PanBorneo-FCD-Forecasting-Reproducibility\scripts\original_project_scripts\phase1_data_audit.py
121,bb820a5596f092d7f4d2d1cbd55ed7a5c903a9c19a8e8c9b5ba94fdc52997522,6,legacy_PD_future_window_mean,D:\2026_PD\backups\scripts_before_ai_exp\phase2_window_construction.py | D:\2026_PD\GitHub\outputs\github_release\PanBorneo_FCD_Forecasting_Reproducibility_Package\scripts\original_project_scripts\phase2_window_construction.py | D:\2026_PD\GitHub\repo_push\2026-PanBorneo-FCD-Forecasting-Reproducibility\scripts\original_project_scripts\phase2_window_construction.py
122,c5b4cc0e3b826adb2bcdaa7fc9c22a52e2be44d510f062153d226d3360a07da6,6,archive_and_working_sources,D:\2026_07_23\多数据源数据\20260718\12_experiments\E0_baselines\metrics_summary.csv | D:\2026_07_23\多数据源数据\20260719\T2_FINAL_EXPERIMENT_PACKAGE\archive\E0_E5_20260718_FROZEN\12_experiments\E0_baselines\metrics_summary.csv | D:\2026_07_23\多数据源数据\20260719\T2_FINAL_EXPERIMENT_PACKAGE\archive\undertrained_tcn\metrics_summary.csv
123,c6f7f5e115f9f0919080ebaf90b07944d4681c8ed6f29d944ce564f9a0dbfac2,6,legacy_PD_future_window_mean,D:\2026_PD\data\raw\package_extracted\README.md | D:\2026_PD\data\raw\package_extracted\08_documentation\README.txt | D:\2026_PD\PanBorneo_prediction_paper_support_data_20260626_120445\09_other_usable_support_files\data__raw__package_extracted__08_documentation__README.txt
124,cce5836d3e9eb17e713d870492fbf2c38b06e141773bd30056475df1a904cd7a,6,archive_and_working_sources,D:\2026_07_23\多数据源数据\20260719\T2_FINAL_EXPERIMENT_PACKAGE\FINAL_AUDIT_PASS2.md | D:\2026_07_23\多数据源数据\20260719\T2_FINAL_EXPERIMENT_PACKAGE\14_final_reports\FINAL_AUDIT_PASS2.md | D:\2026_07_23\多数据源数据\2026071901\GPT_REVIEW_BUNDLE\T2_EVIDENCE\FINAL_AUDIT_PASS2.md
125,d06972fd0444ecb1451b6674f6742f3298493012688b06e732edfa3a811f8615,6,archive_and_working_sources | legacy_PD_future_window_mean | v2.2_point_target_and_audits,D:\2026_PD\conference_paper_support_package_20260706\02_TABLE_CANDIDATE_DATA\Table04_candidate_data\Table04_ablation_robustness_stratified_summary.csv | D:\2026_PD\GitHub\repo_push\2026-PanBorneo-FCD-Forecasting-Reproducibility\conference_paper_support_package_20260706\02_TABLE_CANDIDATE_DATA\Table04_candidate_data\Table04_ablation_robustness_stratified_summary.csv | D:\2026_PD\outputs\final_plot_table_data\main_tables\Table04_ablation_robustness_stratified_summary.csv
126,d3a0e69924cfd6b38489d68c4a4e6bfc601e5e4e4397634991027e86f3340ad9,6,archive_and_working_sources,D:\2026_07_23\多数据源数据\20260718\12_experiments\E0_baselines\metrics_by_seed.csv | D:\2026_07_23\多数据源数据\20260719\T2_FINAL_EXPERIMENT_PACKAGE\archive\E0_E5_20260718_FROZEN\12_experiments\E0_baselines\metrics_by_seed.csv | D:\2026_07_23\多数据源数据\20260719\T2_FINAL_EXPERIMENT_PACKAGE\archive\undertrained_tcn\metrics_by_seed.csv
127,d45a6d89d85c522a2d8f03b055be5d6adcc1ccd7293b40a753e503e4cd23dd90,6,legacy_PD_future_window_mean,D:\2026_PD\backups\scripts_before_ai_exp\phase9_repeated_seed_stability.py | D:\2026_PD\GitHub\outputs\github_release\PanBorneo_FCD_Forecasting_Reproducibility_Package\scripts\original_project_scripts\phase9_repeated_seed_stability.py | D:\2026_PD\GitHub\repo_push\2026-PanBorneo-FCD-Forecasting-Reproducibility\scripts\original_project_scripts\phase9_repeated_seed_stability.py
128,d5c3b59ecbf0414050faea084a5f42dcbd9e3a51e5136aa20dfde56f5467425e,6,legacy_PD_future_window_mean,D:\2026_PD\backups\scripts_before_ai_exp\phase6_reliability_ablation.py | D:\2026_PD\GitHub\outputs\github_release\PanBorneo_FCD_Forecasting_Reproducibility_Package\scripts\original_project_scripts\phase6_reliability_ablation.py | D:\2026_PD\GitHub\repo_push\2026-PanBorneo-FCD-Forecasting-Reproducibility\scripts\original_project_scripts\phase6_reliability_ablation.py
129,d809fef23e15e762600dc0440320bd9f5a2c5ad0f7f8827863f34f07936c0e18,6,archive_and_working_sources,D:\2026_07_23\多数据源数据\20260719\README_T2_20260719.md | D:\2026_07_23\多数据源数据\20260719\T2_FINAL_EXPERIMENT_PACKAGE\README_DELIVERY.md | D:\2026_07_23\多数据源数据\2026071901\README_T2_20260719.md
130,db28c009ac4ee83210d9097abd9c85aa5a6148f1d96c7fa1a59d92ce7d7baca4,6,legacy_PD_future_window_mean,D:\2026_PD\backups\scripts_before_ai_exp\phase10_public_benchmark_sanity.py | D:\2026_PD\GitHub\outputs\github_release\PanBorneo_FCD_Forecasting_Reproducibility_Package\scripts\original_project_scripts\phase10_public_benchmark_sanity.py | D:\2026_PD\GitHub\repo_push\2026-PanBorneo-FCD-Forecasting-Reproducibility\scripts\original_project_scripts\phase10_public_benchmark_sanity.py
131,e32132eb6890c86e3ea2d999a78d2c9906b7d80f698bb243e1556f138d12f1f6,6,archive_and_working_sources | legacy_PD_future_window_mean | v2.2_point_target_and_audits,D:\2026_PD\conference_paper_support_package_20260706\10_CONFIGS_ENVIRONMENT_LOGS\reports\phase17_stratified_evaluation_report.md | D:\2026_PD\GitHub\repo_push\2026-PanBorneo-FCD-Forecasting-Reproducibility\conference_paper_support_package_20260706\10_CONFIGS_ENVIRONMENT_LOGS\reports\phase17_stratified_evaluation_report.md | D:\2026_PD\outputs\paper_data_package_for_gpt_review\10_CONFIGS_ENVIRONMENT_LOGS\reports\phase17_stratified_evaluation_report.md
132,e8251f2fabbd75a1ac303f61963d277d10a331a5c23269df3a2783a728eea8d4,6,legacy_PD_future_window_mean,D:\2026_PD\backups\scripts_before_ai_exp\verify_phase2_outputs.py | D:\2026_PD\GitHub\outputs\github_release\PanBorneo_FCD_Forecasting_Reproducibility_Package\scripts\original_project_scripts\verify_phase2_outputs.py | D:\2026_PD\GitHub\repo_push\2026-PanBorneo-FCD-Forecasting-Reproducibility\scripts\original_project_scripts\verify_phase2_outputs.py
133,fef6fa4b7314332d2b9839e16c96aef21deb372c4546303511801d33092c6085,6,archive_and_working_sources,D:\2026_07_23\多数据源数据\20260719\T2_FINAL_EXPERIMENT_PACKAGE\FINAL_FINDING_AUDIT.md | D:\2026_07_23\多数据源数据\20260719\T2_FINAL_EXPERIMENT_PACKAGE\14_final_reports\FINAL_FINDING_AUDIT.md | D:\2026_07_23\多数据源数据\2026071901\GPT_REVIEW_BUNDLE\T2_EVIDENCE\FINAL_FINDING_AUDIT.md
134,01d2d6fdd314a22d47d56a33b06aaceb4fa99d23625970c4a08a4d56e64fb349,5,T2_environment_multimodal | archive_and_working_sources,D:\2026_07_23\多数据源数据\20260714_2227\final_uq_calibration_protocol.md | D:\2026_07_23\多数据源数据\20260714_2227\t2_final_experiment_ready_package_extracted_v2\11_experiment_ready\final_uq_calibration_protocol.md | D:\2026_07_23\多数据源数据\20260715\final_uq_calibration_protocol.md
135,05ff28b5a787d21a6f19fcad70c5f441e7dbb4832005d3798b7d17722ccc47ca,5,archive_and_working_sources | legacy_PD_future_window_mean | v2.2_point_target_and_audits,D:\2026_PD\conference_paper_support_package_20260706\01_FIGURE_CANDIDATE_DATA\Fig03_candidate_data\Fig03_readiness_notes.md | D:\2026_PD\GitHub\repo_push\2026-PanBorneo-FCD-Forecasting-Reproducibility\conference_paper_support_package_20260706\01_FIGURE_CANDIDATE_DATA\Fig03_candidate_data\Fig03_readiness_notes.md | D:\2026_PD\outputs\paper_data_package_for_gpt_review\01_FIGURE_CANDIDATE_DATA\Fig03_candidate_data\Fig03_readiness_notes.md
136,06d933944b9b8e7b8766b529ba857a26253eef6072f8a5843efdc40bfff7299f,5,archive_and_working_sources | legacy_PD_future_window_mean | v2.2_point_target_and_audits,D:\2026_PD\conference_paper_support_package_20260706\12_AUDIT_REPORTS\audit_figure_table_data_matrix.csv | D:\2026_PD\GitHub\repo_push\2026-PanBorneo-FCD-Forecasting-Reproducibility\conference_paper_support_package_20260706\12_AUDIT_REPORTS\audit_figure_table_data_matrix.csv | D:\2026_PD\outputs\paper_data_package_for_gpt_review\12_AUDIT_REPORTS\audit_figure_table_data_matrix.csv
137,0c40cb0682e708665dee72b5625771189664caae48090a0699b7f1873a955157,5,archive_and_working_sources | legacy_PD_future_window_mean | v2.2_point_target_and_audits,D:\2026_PD\conference_paper_support_package_20260706\05_PHASE16_ROBUSTNESS_RESULTS\phase16_noise_metrics_combined.csv | D:\2026_PD\GitHub\repo_push\2026-PanBorneo-FCD-Forecasting-Reproducibility\conference_paper_support_package_20260706\05_PHASE16_ROBUSTNESS_RESULTS\phase16_noise_metrics_combined.csv | D:\2026_PD\outputs\paper_data_package_for_gpt_review\05_PHASE16_ROBUSTNESS_RESULTS\phase16_noise_metrics_combined.csv
138,0c879cc48f7141ac5939e1f22f296b74578ce78ea23d60fa9b2bc490b4266d4e,5,archive_and_working_sources | legacy_PD_future_window_mean | v2.2_point_target_and_audits,D:\2026_PD\conference_paper_support_package_20260706\02_TABLE_CANDIDATE_DATA\Table03_candidate_data\Table03_readiness_notes.md | D:\2026_PD\GitHub\repo_push\2026-PanBorneo-FCD-Forecasting-Reproducibility\conference_paper_support_package_20260706\02_TABLE_CANDIDATE_DATA\Table03_candidate_data\Table03_readiness_notes.md | D:\2026_PD\outputs\paper_data_package_for_gpt_review\02_TABLE_CANDIDATE_DATA\Table03_candidate_data\Table03_readiness_notes.md
139,11ae0cfd8e1f93185c84550a340e2ff3a5eb80e79830f553dd79db98866f7963,5,archive_and_working_sources,D:\2026_07_23\多数据源数据\20260719\T2_FINAL_EXPERIMENT_PACKAGE\00_final_freeze\feature_manifest.csv | D:\2026_07_23\多数据源数据\20260719\T2_FINAL_EXPERIMENT_PACKAGE\01_final_data\00_final_freeze\feature_manifest.csv | D:\2026_07_23\多数据源数据\2026071901\GPT_REVIEW_BUNDLE\T2_EVIDENCE\00_final_freeze\feature_manifest.csv
140,11e8bd53a7cae2c6b4c48a0862fd3589d5d057f0992d7364bc5c37fb0ee1935b,5,legacy_PD_future_window_mean,D:\2026_PD\GitHub\outputs\github_release\PanBorneo_FCD_Forecasting_Reproducibility_Package\data\plot_data\Table_key_findings_for_paper.csv | D:\2026_PD\GitHub\repo_push\2026-PanBorneo-FCD-Forecasting-Reproducibility\data\plot_data\Table_key_findings_for_paper.csv | D:\2026_PD\outputs\plot_data\Table_key_findings_for_paper.csv
141,13cd0924382e0594d23994e202e08ec4ee259aa61d3a71244c9e1ff38651da07,5,archive_and_working_sources | legacy_PD_future_window_mean | v2.2_point_target_and_audits,D:\2026_PD\conference_paper_support_package_20260706\02_TABLE_CANDIDATE_DATA\Table04_candidate_data\Table04_readiness_notes.md | D:\2026_PD\GitHub\repo_push\2026-PanBorneo-FCD-Forecasting-Reproducibility\conference_paper_support_package_20260706\02_TABLE_CANDIDATE_DATA\Table04_candidate_data\Table04_readiness_notes.md | D:\2026_PD\outputs\paper_data_package_for_gpt_review\02_TABLE_CANDIDATE_DATA\Table04_candidate_data\Table04_readiness_notes.md
142,198679c1a72391d852661d55a65bfcb7a4ace42714f08643e4e11472310a7a54,5,T2_environment_multimodal | archive_and_working_sources,D:\2026_07_23\多数据源数据\20260714_2227\T2_DATA_READINESS_REPORT_FINAL_V2.md | D:\2026_07_23\多数据源数据\20260714_2227\t2_final_experiment_ready_package_extracted_v2\11_experiment_ready\T2_DATA_READINESS_REPORT_FINAL_V2.md | D:\2026_07_23\多数据源数据\20260715\T2_DATA_READINESS_REPORT_FINAL_V2.md
143,1e366275d7293851e278cab64470cb8724748247e1accfd97ad7d17ad152762f,5,archive_and_working_sources | legacy_PD_future_window_mean | v2.2_point_target_and_audits,D:\2026_PD\conference_paper_support_package_20260706\02_TABLE_CANDIDATE_DATA\Table01_candidate_data\Table01_file_inventory.csv | D:\2026_PD\GitHub\repo_push\2026-PanBorneo-FCD-Forecasting-Reproducibility\conference_paper_support_package_20260706\02_TABLE_CANDIDATE_DATA\Table01_candidate_data\Table01_file_inventory.csv | D:\2026_PD\outputs\paper_data_package_for_gpt_review\02_TABLE_CANDIDATE_DATA\Table01_candidate_data\Table01_file_inventory.csv
144,1f041e781defb2cc977017addd9bc4087e18bab0cae6bc9823e26f150559068c,5,archive_and_working_sources | legacy_PD_future_window_mean | v2.2_point_target_and_audits,D:\2026_PD\conference_paper_support_package_20260706\02_TABLE_CANDIDATE_DATA\Table01_candidate_data\Table01_readiness_notes.md | D:\2026_PD\GitHub\repo_push\2026-PanBorneo-FCD-Forecasting-Reproducibility\conference_paper_support_package_20260706\02_TABLE_CANDIDATE_DATA\Table01_candidate_data\Table01_readiness_notes.md | D:\2026_PD\outputs\paper_data_package_for_gpt_review\02_TABLE_CANDIDATE_DATA\Table01_candidate_data\Table01_readiness_notes.md
145,21599aa31d8ada33ebd084c0f89edda8537876f2a7d41912dbee08ed648b2623,5,legacy_PD_future_window_mean,D:\2026_PD\GitHub\outputs\github_release\PanBorneo_FCD_Forecasting_Reproducibility_Package\data\processed\final_main_forecasting_results.csv | D:\2026_PD\GitHub\repo_push\2026-PanBorneo-FCD-Forecasting-Reproducibility\data\processed\final_main_forecasting_results.csv | D:\2026_PD\outputs\tables\final_main_forecasting_results.csv
146,227f22758715333b35649c047d49efe3f1593d9dc8920f94c453d1465378908e,5,archive_and_working_sources | legacy_PD_future_window_mean | v2.2_point_target_and_audits,D:\2026_PD\conference_paper_support_package_20260706\12_AUDIT_REPORTS\final_package_audit_report.md | D:\2026_PD\GitHub\repo_push\2026-PanBorneo-FCD-Forecasting-Reproducibility\conference_paper_support_package_20260706\12_AUDIT_REPORTS\final_package_audit_report.md | D:\2026_PD\outputs\paper_data_package_for_gpt_review\12_AUDIT_REPORTS\final_package_audit_report.md
147,24c79fbf608bb37c20831f74bb2ab9d4f3d7c2b53011717fd722c7bb6d360733,5,legacy_PD_future_window_mean,D:\2026_PD\GitHub\outputs\github_release\PanBorneo_FCD_Forecasting_Reproducibility_Package\data\plot_data\plot_data_manifest.csv | D:\2026_PD\outputs\gpt_plot_package\phase8_small_sample\plot_data_manifest.csv | D:\2026_PD\outputs\plot_data\plot_data_manifest.csv
148,2675e30a659136d11e254fcc702ea29b623f085c5661cc0e7a6ec8386565a9de,5,archive_and_working_sources | legacy_PD_future_window_mean,D:\2026_PD\backups\phase13_in_progress_20260626_164225\reports\phase13_experiment_gap_audit.md | D:\2026_PD\conference_paper_support_package_20260706\10_CONFIGS_ENVIRONMENT_LOGS\reports\phase13_experiment_gap_audit.md | D:\2026_PD\outputs\paper_data_package_for_gpt_review\10_CONFIGS_ENVIRONMENT_LOGS\reports\phase13_experiment_gap_audit.md
149,285ead22e6db8355363d7eec8d76b1902ee7a584a284a0621dcda576f20e6984,5,archive_and_working_sources | legacy_PD_future_window_mean | v2.2_point_target_and_audits,D:\2026_PD\conference_paper_support_package_20260706\02_TABLE_CANDIDATE_DATA\Table03_candidate_data\Table03_file_inventory.csv | D:\2026_PD\GitHub\repo_push\2026-PanBorneo-FCD-Forecasting-Reproducibility\conference_paper_support_package_20260706\02_TABLE_CANDIDATE_DATA\Table03_candidate_data\Table03_file_inventory.csv | D:\2026_PD\outputs\paper_data_package_for_gpt_review\02_TABLE_CANDIDATE_DATA\Table03_candidate_data\Table03_file_inventory.csv
150,2c5806549721ec01536263356341aced5fae838590be24ca9d1952007a10e409,5,archive_and_working_sources,D:\2026_07_23\多数据源数据\20260719\T2_FINAL_EXPERIMENT_PACKAGE\00_final_freeze\dataset_manifest.csv | D:\2026_07_23\多数据源数据\20260719\T2_FINAL_EXPERIMENT_PACKAGE\01_final_data\00_final_freeze\dataset_manifest.csv | D:\2026_07_23\多数据源数据\2026071901\GPT_REVIEW_BUNDLE\T2_EVIDENCE\00_final_freeze\dataset_manifest.csv
151,2d9b93c1ccd452cbb0ead97822a4196e41b598da8972767eeaad17fdd00a35d5,5,archive_and_working_sources | legacy_PD_future_window_mean | v2.2_point_target_and_audits,D:\2026_PD\conference_paper_support_package_20260706\05_PHASE16_ROBUSTNESS_RESULTS\phase16_small_sample_metrics_combined.csv | D:\2026_PD\GitHub\repo_push\2026-PanBorneo-FCD-Forecasting-Reproducibility\conference_paper_support_package_20260706\05_PHASE16_ROBUSTNESS_RESULTS\phase16_small_sample_metrics_combined.csv | D:\2026_PD\outputs\paper_data_package_for_gpt_review\05_PHASE16_ROBUSTNESS_RESULTS\phase16_small_sample_metrics_combined.csv
152,312da9cfd501b8428078146c2a74bdb63906c1df9bb138cf73b4dbf4eaa80c43,5,archive_and_working_sources | legacy_PD_future_window_mean | v2.2_point_target_and_audits,D:\2026_PD\conference_paper_support_package_20260706\04_PHASE15_ABLATION_RESULTS\phase15_readiness_report.md | D:\2026_PD\GitHub\repo_push\2026-PanBorneo-FCD-Forecasting-Reproducibility\conference_paper_support_package_20260706\04_PHASE15_ABLATION_RESULTS\phase15_readiness_report.md | D:\2026_PD\outputs\paper_data_package_for_gpt_review\04_PHASE15_ABLATION_RESULTS\phase15_readiness_report.md
153,31f410f824600c99f0737fcc40382a33c23f18cd586b7b2b574a298ab3262459,5,archive_and_working_sources | legacy_PD_future_window_mean | v2.2_point_target_and_audits,D:\2026_PD\conference_paper_support_package_20260706\05_PHASE16_ROBUSTNESS_RESULTS\phase16_missingness_metrics_combined.csv | D:\2026_PD\GitHub\repo_push\2026-PanBorneo-FCD-Forecasting-Reproducibility\conference_paper_support_package_20260706\05_PHASE16_ROBUSTNESS_RESULTS\phase16_missingness_metrics_combined.csv | D:\2026_PD\outputs\paper_data_package_for_gpt_review\05_PHASE16_ROBUSTNESS_RESULTS\phase16_missingness_metrics_combined.csv
154,32ddabf269a10bd45147a6477993e1bfe0e49a0b911385eddd2c647a03f4e049,5,archive_and_working_sources | legacy_PD_future_window_mean | v2.2_point_target_and_audits,D:\2026_PD\conference_paper_support_package_20260706\10_CONFIGS_ENVIRONMENT_LOGS\configs\phase20_metr_la_mini_sanity.yaml | D:\2026_PD\configs\phase20_metr_la_mini_sanity.yaml | D:\2026_PD\outputs\paper_data_package_for_gpt_review\10_CONFIGS_ENVIRONMENT_LOGS\configs\phase20_metr_la_mini_sanity.yaml
155,3316a0407c3ba5a8ed42ee7e20b41201dbc99af52207eab3765215678b0bc08c,5,legacy_PD_future_window_mean,D:\2026_PD\backups\reports_before_ai_exp\locked_phase3\phase3_baseline_metrics_by_point.csv | D:\2026_PD\outputs\tables\phase3_baseline_metrics_by_point.csv | D:\2026_PD\PanBorneo_prediction_paper_support_data_20260626_120445\03_experiment_metrics_tables\outputs__tables__phase3_baseline_metrics_by_point.csv
156,363437bccd3ee7317add9080f3a42084bbfe6ab0fbb11a3e437eb2d3680b302a,5,archive_and_working_sources | legacy_PD_future_window_mean | v2.2_point_target_and_audits,D:\2026_PD\conference_paper_support_package_20260706\08_STATISTICAL_TESTS\table3_corrected_pvalue_and_effect_size_check.csv | D:\2026_PD\GitHub\repo_push\2026-PanBorneo-FCD-Forecasting-Reproducibility\conference_paper_support_package_20260706\08_STATISTICAL_TESTS\table3_corrected_pvalue_and_effect_size_check.csv | D:\2026_PD\outputs\paper_data_package_for_gpt_review\08_STATISTICAL_TESTS\table3_corrected_pvalue_and_effect_size_check.csv
157,3dd63da240ce8f1f1c8c36f029dc9ac4f37fcb3f91f92469eb454e2f2f74dee7,5,archive_and_working_sources | legacy_PD_future_window_mean | v2.2_point_target_and_audits,D:\2026_PD\conference_paper_support_package_20260706\01_FIGURE_CANDIDATE_DATA\Fig02_candidate_data\Fig02_readiness_notes.md | D:\2026_PD\GitHub\repo_push\2026-PanBorneo-FCD-Forecasting-Reproducibility\conference_paper_support_package_20260706\01_FIGURE_CANDIDATE_DATA\Fig02_candidate_data\Fig02_readiness_notes.md | D:\2026_PD\outputs\paper_data_package_for_gpt_review\01_FIGURE_CANDIDATE_DATA\Fig02_candidate_data\Fig02_readiness_notes.md
158,3fea5b9af26e20355dcf78608bb0fcc62345d39e9fc8bf408a0dfb259e6854be,5,archive_and_working_sources | legacy_PD_future_window_mean | v2.2_point_target_and_audits,D:\2026_PD\conference_paper_support_package_20260706\03_PHASE13_MAIN_RESULTS\phase13_metric_summary_by_model_horizon.csv | D:\2026_PD\GitHub\repo_push\2026-PanBorneo-FCD-Forecasting-Reproducibility\conference_paper_support_package_20260706\03_PHASE13_MAIN_RESULTS\phase13_metric_summary_by_model_horizon.csv | D:\2026_PD\outputs\paper_data_package_for_gpt_review\03_PHASE13_MAIN_RESULTS\phase13_metric_summary_by_model_horizon.csv
159,47dbaec3a2a3456b9e62c52f1a17a7835100ecf728351f9380e89b079f1baea6,5,archive_and_working_sources | legacy_PD_future_window_mean,D:\2026_PD\conference_paper_support_package_20260706\10_CONFIGS_ENVIRONMENT_LOGS\reports\phase17_validation_report.md | D:\2026_PD\GitHub\repo_push\2026-PanBorneo-FCD-Forecasting-Reproducibility\conference_paper_support_package_20260706\10_CONFIGS_ENVIRONMENT_LOGS\reports\phase17_validation_report.md | D:\2026_PD\outputs\paper_data_package_for_gpt_review\10_CONFIGS_ENVIRONMENT_LOGS\reports\phase17_validation_report.md
160,4af7210ddcdd29f3329e5b32184c095ad3281f78d4cf576a8958a222d7cd01fa,5,archive_and_working_sources | legacy_PD_future_window_mean | v2.2_point_target_and_audits,D:\2026_PD\conference_paper_support_package_20260706\10_CONFIGS_ENVIRONMENT_LOGS\configs\phase14_final_statistical_tests.yaml | D:\2026_PD\configs\phase14_final_statistical_tests.yaml | D:\2026_PD\outputs\paper_data_package_for_gpt_review\10_CONFIGS_ENVIRONMENT_LOGS\configs\phase14_final_statistical_tests.yaml
161,517d379edf7376d3944de21ec513eab1da50e256cf405090991fcd9acd8e8e22,5,archive_and_working_sources | legacy_PD_future_window_mean | v2.2_point_target_and_audits,D:\2026_PD\conference_paper_support_package_20260706\02_TABLE_CANDIDATE_DATA\Table02_candidate_data\Table02_data_dictionary.csv | D:\2026_PD\GitHub\repo_push\2026-PanBorneo-FCD-Forecasting-Reproducibility\conference_paper_support_package_20260706\02_TABLE_CANDIDATE_DATA\Table02_candidate_data\Table02_data_dictionary.csv | D:\2026_PD\outputs\paper_data_package_for_gpt_review\02_TABLE_CANDIDATE_DATA\Table02_candidate_data\Table02_data_dictionary.csv
162,51eb37da583d8627bf44e82090f2813905a443b6496787cd7f5a2e037c2d31e4,5,archive_and_working_sources | legacy_PD_future_window_mean | v2.2_point_target_and_audits,D:\2026_PD\conference_paper_support_package_20260706\02_TABLE_CANDIDATE_DATA\Table02_candidate_data\Table02_readiness_notes.md | D:\2026_PD\GitHub\repo_push\2026-PanBorneo-FCD-Forecasting-Reproducibility\conference_paper_support_package_20260706\02_TABLE_CANDIDATE_DATA\Table02_candidate_data\Table02_readiness_notes.md | D:\2026_PD\outputs\paper_data_package_for_gpt_review\02_TABLE_CANDIDATE_DATA\Table02_candidate_data\Table02_readiness_notes.md
163,542c93dd6d6b78ff6c77c8d015b9367ea46e02c40897c77f3621ee5a2d54ea2c,5,T2_environment_multimodal | archive_and_working_sources,D:\2026_07_23\多数据源数据\20260714_2227\target_definition.md | D:\2026_07_23\多数据源数据\20260714_2227\t2_final_experiment_ready_package_extracted_v2\11_experiment_ready\target_definition.md | D:\2026_07_23\多数据源数据\20260715\target_definition.md
164,5593dbefafe804a95ce73e3f8c14b347f5c482f9a73da8580f12189f9d2223ba,5,v2.2_point_target_and_audits,D:\CRG_TCN_20260729\01_实验主工程\CRG_TCN_review_v2\package_extracted\03_CRG_TCN_experiment_framework_v2_final_week_blind\manifests\v2_2_2of4\phase2_pip_freeze.txt | D:\CRG_TCN_20260729\01_实验主工程\CRG_TCN_review_v2\package_extracted\03_CRG_TCN_experiment_framework_v2_final_week_blind\manifests\v2_2_2of4\phase3_pip_freeze.txt | D:\CRG_TCN_20260729\02_论文审计与投稿\AJSE_Audit_Export\20260729_GitHub\Final_result_set_20260729\01_SOURCE_SNAPSHOT\00_SOURCE_PROJECT_SNAPSHOT\source_python_packages.txt
165,57a18ccf1b976609c74e02940339b7437f23eee887657e0ec58dad36bbe676c2,5,legacy_PD_future_window_mean,D:\2026_PD\backups\reports_before_ai_exp\locked_phase9b\phase9b_new_seed_metrics.csv | D:\2026_PD\outputs\tables\phase9b_new_seed_metrics.csv | D:\2026_PD\PanBorneo_prediction_paper_support_data_20260626_120445\03_experiment_metrics_tables\outputs__tables__phase9b_new_seed_metrics.csv
166,59baf5150cd0585dc59ee0e7dc3a3cf4433f421b1cdfb4c3574ee5447d7cd5ae,5,archive_and_working_sources | legacy_PD_future_window_mean | v2.2_point_target_and_audits,D:\2026_PD\conference_paper_support_package_20260706\01_FIGURE_CANDIDATE_DATA\Fig07_candidate_data\Fig07_readiness_notes.md | D:\2026_PD\GitHub\repo_push\2026-PanBorneo-FCD-Forecasting-Reproducibility\conference_paper_support_package_20260706\01_FIGURE_CANDIDATE_DATA\Fig07_candidate_data\Fig07_readiness_notes.md | D:\2026_PD\outputs\paper_data_package_for_gpt_review\01_FIGURE_CANDIDATE_DATA\Fig07_candidate_data\Fig07_readiness_notes.md
167,5a4f04f227240ed87bae47a4908a7241c9f7260fe40aabaf4d7e8c9280e3710b,5,legacy_PD_future_window_mean,D:\2026_PD\backups\reports_before_ai_exp\locked_phase4\phase4_smoke_metrics.csv | D:\2026_PD\outputs\tables\phase4_smoke_metrics.csv | D:\2026_PD\PanBorneo_prediction_paper_support_data_20260626_120445\03_experiment_metrics_tables\outputs__tables__phase4_smoke_metrics.csv
168,5ddf909dd08f13f5a72248fef2de68e1703a300ccc541e3804d50fa8a48a0c89,5,archive_and_working_sources | legacy_PD_future_window_mean,D:\2026_PD\conference_paper_support_package_20260706\10_CONFIGS_ENVIRONMENT_LOGS\reports\phase14_final_statistical_tests_report.md | D:\2026_PD\GitHub\repo_push\2026-PanBorneo-FCD-Forecasting-Reproducibility\conference_paper_support_package_20260706\10_CONFIGS_ENVIRONMENT_LOGS\reports\phase14_final_statistical_tests_report.md | D:\2026_PD\outputs\paper_data_package_for_gpt_review\10_CONFIGS_ENVIRONMENT_LOGS\reports\phase14_final_statistical_tests_report.md
169,75fcd6711b33f5be9e891f8e06e95cd8f8f469760ae98b6a5d3d94007f787148,5,archive_and_working_sources | legacy_PD_future_window_mean | v2.2_point_target_and_audits,D:\2026_PD\conference_paper_support_package_20260706\02_TABLE_CANDIDATE_DATA\Table01_candidate_data\coverage_by_granularity.csv | D:\2026_PD\outputs\paper_data_package_for_gpt_review\02_TABLE_CANDIDATE_DATA\Table01_candidate_data\coverage_by_granularity.csv | D:\2026_07_23\多数据源数据\多数据源数据补全\source_package_extracted\paper_data_package_for_gpt_review\02_TABLE_CANDIDATE_DATA\Table01_candidate_data\coverage_by_granularity.csv
170,7634d0107745db1fdfa1ee541af96abbc08070afa17fad04d187546495276164,5,archive_and_working_sources,D:\2026_07_23\多数据源数据\20260719\T2_FINAL_EXPERIMENT_PACKAGE\00_final_freeze\sample_manifest.csv | D:\2026_07_23\多数据源数据\20260719\T2_FINAL_EXPERIMENT_PACKAGE\01_final_data\00_final_freeze\sample_manifest.csv | D:\2026_07_23\多数据源数据\2026071901\GPT_REVIEW_BUNDLE\T2_EVIDENCE\00_final_freeze\sample_manifest.csv
171,79a6ca717da964171a617a79fbf5999959cf414cc2b77ce94c47dea900bb5ab9,5,archive_and_working_sources | legacy_PD_future_window_mean,D:\2026_PD\conference_paper_support_package_20260706\10_CONFIGS_ENVIRONMENT_LOGS\reports\phase14_validation_report.md | D:\2026_PD\GitHub\repo_push\2026-PanBorneo-FCD-Forecasting-Reproducibility\conference_paper_support_package_20260706\10_CONFIGS_ENVIRONMENT_LOGS\reports\phase14_validation_report.md | D:\2026_PD\outputs\paper_data_package_for_gpt_review\10_CONFIGS_ENVIRONMENT_LOGS\reports\phase14_validation_report.md
172,79bc8db1d5f1eed35dce330b616f598b64a16f8f68a5a144b8e30422abf4836b,5,archive_and_working_sources | legacy_PD_future_window_mean | v2.2_point_target_and_audits,D:\2026_PD\conference_paper_support_package_20260706\05_PHASE16_ROBUSTNESS_RESULTS\phase16_readiness_report.md | D:\2026_PD\GitHub\repo_push\2026-PanBorneo-FCD-Forecasting-Reproducibility\conference_paper_support_package_20260706\05_PHASE16_ROBUSTNESS_RESULTS\phase16_readiness_report.md | D:\2026_PD\outputs\paper_data_package_for_gpt_review\05_PHASE16_ROBUSTNESS_RESULTS\phase16_readiness_report.md
173,811792f84a4ad01ce362bd88e48a3c02a225601a897697737223ad5048f97ec5,5,archive_and_working_sources | legacy_PD_future_window_mean,D:\2026_PD\conference_paper_support_package_20260706\10_CONFIGS_ENVIRONMENT_LOGS\reports\applied_intelligence_7fig4table_readiness_report.md | D:\2026_PD\GitHub\repo_push\2026-PanBorneo-FCD-Forecasting-Reproducibility\conference_paper_support_package_20260706\10_CONFIGS_ENVIRONMENT_LOGS\reports\applied_intelligence_7fig4table_readiness_report.md | D:\2026_PD\outputs\paper_data_package_for_gpt_review\10_CONFIGS_ENVIRONMENT_LOGS\reports\applied_intelligence_7fig4table_readiness_report.md
174,8b1b8a2325dfc00078867bed882672e8e5b3f58ba4e31a185cb2e81570499266,5,archive_and_working_sources | legacy_PD_future_window_mean,D:\2026_PD\conference_paper_support_package_20260706\10_CONFIGS_ENVIRONMENT_LOGS\reports\phase15_feature_ablation_report.md | D:\2026_PD\GitHub\repo_push\2026-PanBorneo-FCD-Forecasting-Reproducibility\conference_paper_support_package_20260706\10_CONFIGS_ENVIRONMENT_LOGS\reports\phase15_feature_ablation_report.md | D:\2026_PD\outputs\paper_data_package_for_gpt_review\10_CONFIGS_ENVIRONMENT_LOGS\reports\phase15_feature_ablation_report.md
175,8fceae170e61002be8e750077ce1eab55349f12f571a59283432bf1d22cbcf13,5,archive_and_working_sources | legacy_PD_future_window_mean,D:\2026_PD\conference_paper_support_package_20260706\10_CONFIGS_ENVIRONMENT_LOGS\reports\phase13_full_validation_report.md | D:\2026_PD\GitHub\repo_push\2026-PanBorneo-FCD-Forecasting-Reproducibility\conference_paper_support_package_20260706\10_CONFIGS_ENVIRONMENT_LOGS\reports\phase13_full_validation_report.md | D:\2026_PD\outputs\paper_data_package_for_gpt_review\10_CONFIGS_ENVIRONMENT_LOGS\reports\phase13_full_validation_report.md
176,94d661d80acbe7929c6f3a75da3dd3514d2dc1955ede75d343fa3fa2a45c2a5d,5,archive_and_working_sources | legacy_PD_future_window_mean | v2.2_point_target_and_audits,D:\2026_PD\conference_paper_support_package_20260706\03_PHASE13_MAIN_RESULTS\phase13_metric_inventory.csv | D:\2026_PD\GitHub\repo_push\2026-PanBorneo-FCD-Forecasting-Reproducibility\conference_paper_support_package_20260706\03_PHASE13_MAIN_RESULTS\phase13_metric_inventory.csv | D:\2026_PD\outputs\paper_data_package_for_gpt_review\03_PHASE13_MAIN_RESULTS\phase13_metric_inventory.csv
177,995f05316a050bb969ed34fb55d536c5cdd8ee678305cd149b28e2b579356d84,5,legacy_PD_future_window_mean,D:\2026_PD\README.md | D:\2026_PD\PanBorneo_prediction_paper_support_data_20260626_120445\09_other_usable_support_files\README.md | D:\2026_PD\PanBorneo_prediction_paper_support_data_20260626_120906\09_other_usable_support_files\README.md
178,99e4adfa20294b45a06517200d0efd4b12621975db5c9da55526d0f622ff8ccf,5,archive_and_working_sources | legacy_PD_future_window_mean | v2.2_point_target_and_audits,D:\2026_PD\conference_paper_support_package_20260706\03_PHASE13_MAIN_RESULTS\phase13_all_metrics_combined.csv | D:\2026_PD\GitHub\repo_push\2026-PanBorneo-FCD-Forecasting-Reproducibility\conference_paper_support_package_20260706\03_PHASE13_MAIN_RESULTS\phase13_all_metrics_combined.csv | D:\2026_PD\outputs\paper_data_package_for_gpt_review\03_PHASE13_MAIN_RESULTS\phase13_all_metrics_combined.csv
179,a29adadea211ddcbb6a857cef65b55224db121343b04c6d05057d5b167b9f73b,5,legacy_PD_future_window_mean,D:\2026_PD\backups\reports_before_ai_exp\locked_phase10\phase10_benchmark_seed_metrics.csv | D:\2026_PD\outputs\tables\phase10_benchmark_seed_metrics.csv | D:\2026_PD\PanBorneo_prediction_paper_support_data_20260626_120445\03_experiment_metrics_tables\outputs__tables__phase10_benchmark_seed_metrics.csv
180,a2bcbf8576995cf6e269eb3c05b92d96203f18ecb2c17c03f87dddd642f67332,5,archive_and_working_sources | legacy_PD_future_window_mean | v2.2_point_target_and_audits,D:\2026_PD\conference_paper_support_package_20260706\01_FIGURE_CANDIDATE_DATA\Fig05_candidate_data\Fig05_readiness_notes.md | D:\2026_PD\GitHub\repo_push\2026-PanBorneo-FCD-Forecasting-Reproducibility\conference_paper_support_package_20260706\01_FIGURE_CANDIDATE_DATA\Fig05_candidate_data\Fig05_readiness_notes.md | D:\2026_PD\outputs\paper_data_package_for_gpt_review\01_FIGURE_CANDIDATE_DATA\Fig05_candidate_data\Fig05_readiness_notes.md
181,afe1d557ad039cba0395041bfd15f00cbe63d8b4665f06b01b97f3ca34df4e43,5,archive_and_working_sources | legacy_PD_future_window_mean | v2.2_point_target_and_audits,D:\2026_PD\conference_paper_support_package_20260706\01_FIGURE_CANDIDATE_DATA\Fig06_candidate_data\Fig06_readiness_notes.md | D:\2026_PD\GitHub\repo_push\2026-PanBorneo-FCD-Forecasting-Reproducibility\conference_paper_support_package_20260706\01_FIGURE_CANDIDATE_DATA\Fig06_candidate_data\Fig06_readiness_notes.md | D:\2026_PD\outputs\paper_data_package_for_gpt_review\01_FIGURE_CANDIDATE_DATA\Fig06_candidate_data\Fig06_readiness_notes.md
182,b2c72d671b907adb9656e56a7f7db67f2fe1f56b08c6563c9592c87283cc5184,5,archive_and_working_sources,D:\2026_07_23\多数据源数据\20260719\T2_FINAL_EXPERIMENT_PACKAGE\02_audit\metric_reproduction_audit.csv | D:\2026_07_23\多数据源数据\20260719\T2_FINAL_EXPERIMENT_PACKAGE\audit\metric_reproduction_audit.csv | D:\2026_07_23\多数据源数据\2026071901\GPT_REVIEW_BUNDLE\T2_EVIDENCE\02_audit\metric_reproduction_audit.csv
183,bb5b7e30f18f2875b486921780b862325f3c8693a7646b1fe9a439b01fd94ca8,5,archive_and_working_sources | legacy_PD_future_window_mean | v2.2_point_target_and_audits,D:\2026_PD\conference_paper_support_package_20260706\03_PHASE13_MAIN_RESULTS\phase13_readiness_report.md | D:\2026_PD\GitHub\repo_push\2026-PanBorneo-FCD-Forecasting-Reproducibility\conference_paper_support_package_20260706\03_PHASE13_MAIN_RESULTS\phase13_readiness_report.md | D:\2026_PD\outputs\paper_data_package_for_gpt_review\03_PHASE13_MAIN_RESULTS\phase13_readiness_report.md
184,bd3c3b67a71a19382561418aacdc8983dc2b3083ea1c63f73d892240f4c5159c,5,archive_and_working_sources | legacy_PD_future_window_mean | v2.2_point_target_and_audits,D:\2026_PD\conference_paper_support_package_20260706\04_PHASE15_ABLATION_RESULTS\phase15_all_metrics_combined.csv | D:\2026_PD\GitHub\repo_push\2026-PanBorneo-FCD-Forecasting-Reproducibility\conference_paper_support_package_20260706\04_PHASE15_ABLATION_RESULTS\phase15_all_metrics_combined.csv | D:\2026_PD\outputs\paper_data_package_for_gpt_review\04_PHASE15_ABLATION_RESULTS\phase15_all_metrics_combined.csv
185,ca8c6fb2318bf2348a393999ab56c6bf1cbf430bf4fbda77041eddb14caaa3fc,5,archive_and_working_sources | legacy_PD_future_window_mean | v2.2_point_target_and_audits,D:\2026_PD\conference_paper_support_package_20260706\02_TABLE_CANDIDATE_DATA\Table04_candidate_data\Table04_file_inventory.csv | D:\2026_PD\GitHub\repo_push\2026-PanBorneo-FCD-Forecasting-Reproducibility\conference_paper_support_package_20260706\02_TABLE_CANDIDATE_DATA\Table04_candidate_data\Table04_file_inventory.csv | D:\2026_PD\outputs\paper_data_package_for_gpt_review\02_TABLE_CANDIDATE_DATA\Table04_candidate_data\Table04_file_inventory.csv
186,ccfbb9e32e4afe40f34748a6c268bf9bfa389af606803ed81b8a8bd46dd37f0e,5,archive_and_working_sources | legacy_PD_future_window_mean | v2.2_point_target_and_audits,D:\2026_PD\conference_paper_support_package_20260706\00_READ_FIRST\GPT_FIRST_REVIEW_SUMMARY.md | D:\2026_PD\GitHub\repo_push\2026-PanBorneo-FCD-Forecasting-Reproducibility\conference_paper_support_package_20260706\00_READ_FIRST\GPT_FIRST_REVIEW_SUMMARY.md | D:\2026_PD\outputs\paper_data_package_for_gpt_review\00_READ_FIRST\GPT_FIRST_REVIEW_SUMMARY.md
187,d0bf447d60b630ff9201bbecacf4e960fc63a212a40f196822ed14d19a765a65,5,archive_and_working_sources | legacy_PD_future_window_mean | v2.2_point_target_and_audits,D:\2026_PD\conference_paper_support_package_20260706\02_TABLE_CANDIDATE_DATA\Table01_candidate_data\Table01_data_dictionary.csv | D:\2026_PD\GitHub\repo_push\2026-PanBorneo-FCD-Forecasting-Reproducibility\conference_paper_support_package_20260706\02_TABLE_CANDIDATE_DATA\Table01_candidate_data\Table01_data_dictionary.csv | D:\2026_PD\outputs\paper_data_package_for_gpt_review\02_TABLE_CANDIDATE_DATA\Table01_candidate_data\Table01_data_dictionary.csv
188,d38df39f090ae5ffb465d16624c9da4d67552bff9076528ed8392c8c344039c2,5,archive_and_working_sources | legacy_PD_future_window_mean | v2.2_point_target_and_audits,D:\2026_PD\conference_paper_support_package_20260706\02_TABLE_CANDIDATE_DATA\Table04_candidate_data\Table04_data_dictionary.csv | D:\2026_PD\GitHub\repo_push\2026-PanBorneo-FCD-Forecasting-Reproducibility\conference_paper_support_package_20260706\02_TABLE_CANDIDATE_DATA\Table04_candidate_data\Table04_data_dictionary.csv | D:\2026_PD\outputs\paper_data_package_for_gpt_review\02_TABLE_CANDIDATE_DATA\Table04_candidate_data\Table04_data_dictionary.csv
189,d881542a2e98bd738277e3d19606ed64041741de786155e987334e98442ff233,5,legacy_PD_future_window_mean,D:\2026_PD\GitHub\outputs\github_release\PanBorneo_FCD_Forecasting_Reproducibility_Package\data\processed\phase6_ablation_metrics.csv | D:\2026_PD\GitHub\repo_push\2026-PanBorneo-FCD-Forecasting-Reproducibility\data\processed\phase6_ablation_metrics.csv | D:\2026_PD\outputs\tables\phase6_ablation_metrics.csv
190,d916ca2a2146cb43fbd1f1bf7034d52051bce3c2d5676e925477cafd4b613f7a,5,archive_and_working_sources | legacy_PD_future_window_mean | v2.2_point_target_and_audits,D:\2026_PD\conference_paper_support_package_20260706\02_TABLE_CANDIDATE_DATA\Table02_candidate_data\Table02_file_inventory.csv | D:\2026_PD\GitHub\repo_push\2026-PanBorneo-FCD-Forecasting-Reproducibility\conference_paper_support_package_20260706\02_TABLE_CANDIDATE_DATA\Table02_candidate_data\Table02_file_inventory.csv | D:\2026_PD\outputs\paper_data_package_for_gpt_review\02_TABLE_CANDIDATE_DATA\Table02_candidate_data\Table02_file_inventory.csv
191,da3e54d9e956ca96e4b7a813e1c054f1818b959bfeebad04c257e099bdd2f0f1,5,v2.2_point_target_and_audits | v2.2_point_target_quarantine,D:\2026_AJSE_FINAL_QUARANTINE\AJSE_non_Phase2A_20260730_093635\AJSE_P8_GPT_Review_Core_20260729_2047\manifests\v2_2_2of4\final_week_blind_split_manifest.json | D:\CRG_TCN_20260729\01_实验主工程\CRG_TCN_review_v2\package_extracted\03_CRG_TCN_experiment_framework_v2_final_week_blind\manifests\final_week_blind_split_manifest.json | D:\CRG_TCN_20260729\01_实验主工程\CRG_TCN_review_v2\package_extracted\03_CRG_TCN_experiment_framework_v2_final_week_blind\manifests\v2_2_2of4\final_week_blind_split_manifest.json
192,da73201c82eca2aefacce763e6f286ab93263d5591f38286a3dd0c41bdc8cd04,5,archive_and_working_sources | legacy_PD_future_window_mean | v2.2_point_target_and_audits,D:\2026_PD\conference_paper_support_package_20260706\04_PHASE15_ABLATION_RESULTS\phase15_metric_inventory.csv | D:\2026_PD\GitHub\repo_push\2026-PanBorneo-FCD-Forecasting-Reproducibility\conference_paper_support_package_20260706\04_PHASE15_ABLATION_RESULTS\phase15_metric_inventory.csv | D:\2026_PD\outputs\paper_data_package_for_gpt_review\04_PHASE15_ABLATION_RESULTS\phase15_metric_inventory.csv
193,e02eabbf006f16390f68b0cbf03d5a2a54ad1b0eb3dbe66f26811a3e74c41f1d,5,archive_and_working_sources | legacy_PD_future_window_mean | v2.2_point_target_and_audits,D:\2026_PD\conference_paper_support_package_20260706\08_STATISTICAL_TESTS\statistical_test_readiness_report.md | D:\2026_PD\GitHub\repo_push\2026-PanBorneo-FCD-Forecasting-Reproducibility\conference_paper_support_package_20260706\08_STATISTICAL_TESTS\statistical_test_readiness_report.md | D:\2026_PD\outputs\paper_data_package_for_gpt_review\08_STATISTICAL_TESTS\statistical_test_readiness_report.md
194,e481d26beb2e1f7eb74ba5cd439602397936e7d76c9679ffb892cbc74f60a564,5,T2_environment_multimodal | archive_and_working_sources,D:\2026_07_23\多数据源数据\20260714_2227\final_imputation_and_scaling_protocol.md | D:\2026_07_23\多数据源数据\20260714_2227\t2_final_experiment_ready_package_extracted_v2\11_experiment_ready\final_imputation_and_scaling_protocol.md | D:\2026_07_23\多数据源数据\20260715\final_imputation_and_scaling_protocol.md
195,ec2a21dea0167a5cec56bf3f8de22c28be6991b03dc122e0f7648b801ff24f87,5,legacy_PD_future_window_mean,D:\2026_PD\GitHub\outputs\github_release\PanBorneo_FCD_Forecasting_Reproducibility_Package\data\plot_data\Table_main_results_for_paper.csv | D:\2026_PD\GitHub\repo_push\2026-PanBorneo-FCD-Forecasting-Reproducibility\data\plot_data\Table_main_results_for_paper.csv | D:\2026_PD\outputs\plot_data\Table_main_results_for_paper.csv
196,ee3f5468285aff7647620a32dc856cff36300f19704122b757504c57c0a8101f,5,archive_and_working_sources | legacy_PD_future_window_mean | v2.2_point_target_and_audits,D:\2026_PD\conference_paper_support_package_20260706\01_FIGURE_CANDIDATE_DATA\Fig04_candidate_data\Fig04_readiness_notes.md | D:\2026_PD\GitHub\repo_push\2026-PanBorneo-FCD-Forecasting-Reproducibility\conference_paper_support_package_20260706\01_FIGURE_CANDIDATE_DATA\Fig04_candidate_data\Fig04_readiness_notes.md | D:\2026_PD\outputs\paper_data_package_for_gpt_review\01_FIGURE_CANDIDATE_DATA\Fig04_candidate_data\Fig04_readiness_notes.md
197,ef9204d1bde28ff23babf428def5580c7542a15138eac05c675bf2f48b77331b,5,archive_and_working_sources | legacy_PD_future_window_mean | v2.2_point_target_and_audits,D:\2026_PD\conference_paper_support_package_20260706\12_AUDIT_REPORTS\audit_metric_consistency.csv | D:\2026_PD\GitHub\repo_push\2026-PanBorneo-FCD-Forecasting-Reproducibility\conference_paper_support_package_20260706\12_AUDIT_REPORTS\audit_metric_consistency.csv | D:\2026_PD\outputs\paper_data_package_for_gpt_review\12_AUDIT_REPORTS\audit_metric_consistency.csv
198,f5ef5b5270a965c182b8f03d6e8b36e768be99932333c140a2890e64cdefea6b,5,archive_and_working_sources | legacy_PD_future_window_mean | v2.2_point_target_and_audits,D:\2026_PD\conference_paper_support_package_20260706\01_FIGURE_CANDIDATE_DATA\Fig01_candidate_data\Fig01_readiness_notes.md | D:\2026_PD\GitHub\repo_push\2026-PanBorneo-FCD-Forecasting-Reproducibility\conference_paper_support_package_20260706\01_FIGURE_CANDIDATE_DATA\Fig01_candidate_data\Fig01_readiness_notes.md | D:\2026_PD\outputs\paper_data_package_for_gpt_review\01_FIGURE_CANDIDATE_DATA\Fig01_candidate_data\Fig01_readiness_notes.md
199,fae5c0eb4dd1dd9f6d17a87ae7831a9df7bfdf3e439823f141a5eadb59c2f7dc,5,T2_environment_multimodal | archive_and_working_sources,D:\2026_07_23\多数据源数据\20260714_2227\corridor_rain_scenario_definition.md | D:\2026_07_23\多数据源数据\20260714_2227\t2_final_experiment_ready_package_extracted_v2\11_experiment_ready\corridor_rain_scenario_definition.md | D:\2026_07_23\多数据源数据\20260715\corridor_rain_scenario_definition.md
200,fc07a41002347be63745f822ea7da20ce2d1826347d46ba628a9e55dfbf30cee,5,archive_and_working_sources | legacy_PD_future_window_mean | v2.2_point_target_and_audits,D:\2026_PD\conference_paper_support_package_20260706\02_TABLE_CANDIDATE_DATA\Table03_candidate_data\Table03_data_dictionary.csv | D:\2026_PD\GitHub\repo_push\2026-PanBorneo-FCD-Forecasting-Reproducibility\conference_paper_support_package_20260706\02_TABLE_CANDIDATE_DATA\Table03_candidate_data\Table03_data_dictionary.csv | D:\2026_PD\outputs\paper_data_package_for_gpt_review\02_TABLE_CANDIDATE_DATA\Table03_candidate_data\Table03_data_dictionary.csv
201,fd96e0f18a9371253ec03b6cdf23b75a15923213f6ce0ec60cef96fe238ea2d0,5,archive_and_working_sources | legacy_PD_future_window_mean | v2.2_point_target_and_audits,D:\2026_PD\conference_paper_support_package_20260706\03_PHASE13_MAIN_RESULTS\phase13_metric_parquet_recompute_check.csv | D:\2026_PD\GitHub\repo_push\2026-PanBorneo-FCD-Forecasting-Reproducibility\conference_paper_support_package_20260706\03_PHASE13_MAIN_RESULTS\phase13_metric_parquet_recompute_check.csv | D:\2026_PD\outputs\paper_data_package_for_gpt_review\03_PHASE13_MAIN_RESULTS\phase13_metric_parquet_recompute_check.csv
202,01d5e766d3676ff74e2059eb7bdda7262b35bc16907088ac27902f6a0d67a3dd,4,v2.2_point_target_and_audits,D:\CRG_TCN_20260729\01_实验主工程\CRG_TCN_review_v2\package_extracted\03_CRG_TCN_experiment_framework_v2_final_week_blind\results\P7_v2_2_formal\P7_xgboost_final_week_s101\resolved_config.json | D:\CRG_TCN_20260729\01_实验主工程\CRG_TCN_review_v2\package_extracted\03_CRG_TCN_experiment_framework_v2_final_week_blind\results\P7_v2_2_interrupted_20260729T005525Z\P7_xgboost_final_week_s101\resolved_config.json | D:\CRG_TCN_20260729\02_论文审计与投稿\AJSE_Audit_Export\20260729_GitHub\results\P7_v2_2_formal\P7_xgboost_final_week_s101\resolved_config.json
203,0eacbe2a0d3d96c35b4c7e16ced2dfe2dbbf337dffa1f4fe434650d378892995,4,legacy_PD_future_window_mean,D:\2026_PD\backups\reports_before_ai_exp\locked_phase6\phase6_reliability_ablation_report.md | D:\2026_PD\PanBorneo_prediction_paper_support_data_20260626_120445\05_reports_logs\reports__locked_phase6__phase6_reliability_ablation_report.md | D:\2026_PD\PanBorneo_prediction_paper_support_data_20260626_120906\05_reports_logs\reports__locked_phase6__phase6_reliability_ablation_report.md
204,1494ba350b8e74f3454b9af28359e421faffc71b68d56a4ba837a2e760680c66,4,legacy_PD_future_window_mean,D:\2026_PD\backups\scripts_before_ai_exp\phase4_deep_smoke_test.py | D:\2026_PD\PanBorneo_prediction_paper_support_data_20260626_120445\06_configs_scripts\scripts__phase4_deep_smoke_test.py | D:\2026_PD\PanBorneo_prediction_paper_support_data_20260626_120906\06_configs_scripts\scripts__phase4_deep_smoke_test.py
205,16e9f409422e6a88e5926771d2bd47d86450460fbd29ba1321f90bf177ee7940,4,archive_and_working_sources,D:\2026_07_23\多数据源数据\20260718\12_experiments\sensitivity_analysis\STATUS.md | D:\2026_07_23\多数据源数据\20260719\T2_FINAL_EXPERIMENT_PACKAGE\archive\E0_E5_20260718_FROZEN\12_experiments\sensitivity_analysis\STATUS.md | D:\2026_07_23\多数据源数据\2026071901\T2_FINAL_EXPERIMENT_PACKAGE\archive\E0_E5_20260718_FROZEN\12_experiments\sensitivity_analysis\STATUS.md
206,190cfa11c41a1ec2c9831095c1bf75daf8047ca9f4125a49ed4fc226c819f294,4,v2.2_point_target_and_audits,D:\CRG_TCN_20260729\AllResult_20260729\CODEX_FINAL_AUDIT_20260729\07_STATISTICAL_REANALYSIS\SHA256SUMS.txt | D:\CRG_TCN_20260729\AllResult_20260729\CODEX_FINAL_AUDIT_20260729\10_RELEASE_PACKAGES\FULL_LOCAL_AUDIT_PACKAGE\07_STATISTICAL_REANALYSIS\SHA256SUMS.txt | D:\CRG_TCN_20260729\AllResult_20260729\CODEX_FINAL_AUDIT_20260729\10_RELEASE_PACKAGES\GPT_REVIEW_PACKAGE\scientific_evidence\07_STATISTICAL_REANALYSIS\SHA256SUMS.txt
207,19574d0f94c304276a82600340bf948f5e5037ec812a1de8d46b634f338c7f09,4,archive_and_working_sources,D:\2026_07_23\多数据源数据\20260718\T2_TABLE_SOURCE_DATA\Table03_E1_E5_seed_level_comparison.csv | D:\2026_07_23\多数据源数据\20260719\T2_FINAL_EXPERIMENT_PACKAGE\archive\E0_E5_20260718_FROZEN\T2_TABLE_SOURCE_DATA\Table03_E1_E5_seed_level_comparison.csv | D:\2026_07_23\多数据源数据\2026071901\T2_FINAL_EXPERIMENT_PACKAGE\archive\E0_E5_20260718_FROZEN\T2_TABLE_SOURCE_DATA\Table03_E1_E5_seed_level_comparison.csv
208,1ac40845d180a1a993ccef16d5dc172c3e6113c2b5c38b18908aa964ca56c67b,4,legacy_PD_future_window_mean,D:\2026_PD\GitHub\outputs\github_release\PanBorneo_FCD_Forecasting_Reproducibility_Package\docs\github_upload_checklist.md | D:\2026_PD\GitHub\repo_push\2026-PanBorneo-FCD-Forecasting-Reproducibility\docs\github_upload_checklist.md | D:\2026_PD\PanBorneo_prediction_paper_support_data_20260626_120445\09_other_usable_support_files\GitHub__outputs__github_release__PanBorneo_FCD_Forecasting_Reproducibility_Package__docs__github_upload_checklist.md
209,1d73c0898a560789f56678fd4c534dada6dcc063c14adfdb9ee7adce3f56aa1c,4,v2.2_point_target_and_audits,D:\CRG_TCN_20260729\AllResult_20260729\CODEX_FINAL_AUDIT_20260729\10_RELEASE_PACKAGES\COMPLETENESS_SCOPE.md | D:\CRG_TCN_20260729\AllResult_20260729\CODEX_FINAL_AUDIT_20260729\10_RELEASE_PACKAGES\FULL_LOCAL_AUDIT_PACKAGE\10_RELEASE_PACKAGES\COMPLETENESS_SCOPE.md | D:\CRG_TCN_20260729\AllResult_20260729\CODEX_FINAL_AUDIT_20260729\10_RELEASE_PACKAGES\GITHUB_CANDIDATE_PACKAGE\COMPLETENESS_SCOPE.md
210,1f50dfb297cb585dc477b1f49edc0b54517503f8da6c755f67fcd7ea620a5bc2,4,v2.2_point_target_and_audits,D:\CRG_TCN_20260729\AllResult_20260729\CODEX_FINAL_AUDIT_20260729\06_DIRECT_RECURSIVE_ANALYSIS\REPORT.md | D:\CRG_TCN_20260729\AllResult_20260729\CODEX_FINAL_AUDIT_20260729\10_RELEASE_PACKAGES\FULL_LOCAL_AUDIT_PACKAGE\06_DIRECT_RECURSIVE_ANALYSIS\REPORT.md | D:\CRG_TCN_20260729\AllResult_20260729\CODEX_FINAL_AUDIT_20260729\10_RELEASE_PACKAGES\GPT_REVIEW_PACKAGE\scientific_evidence\06_DIRECT_RECURSIVE_ANALYSIS\REPORT.md
211,20dcc0e57cdeeade71ddb57ea9bd97e479386668d36cc300da93d6250fb3e695,4,archive_and_working_sources | v2.2_point_target_and_audits,D:\2026_07_23\AJSE_Phase6_GPT_Review_20260729\01_phase6_evidence\P6_formal_resolved.yaml | D:\CRG_TCN_20260729\01_实验主工程\CRG_TCN_review_v2\package_extracted\03_CRG_TCN_experiment_framework_v2_final_week_blind\configs\matrices\v2_2\P6_formal_resolved.yaml | D:\CRG_TCN_20260729\02_论文审计与投稿\AJSE_Audit_Export\20260729_GitHub\configs\matrices\v2_2\P6_formal_resolved.yaml
212,2714e3d3515efca8c7b756228b305e76f0ec473186396e4769c0188141e7569a,4,legacy_PD_future_window_mean,D:\2026_PD\backups\scripts_before_ai_exp\phase12a_prepare_plot_data.py | D:\2026_PD\PanBorneo_prediction_paper_support_data_20260626_120445\02_plotting_data\scripts__phase12a_prepare_plot_data.py | D:\2026_PD\PanBorneo_prediction_paper_support_data_20260626_120906\02_plotting_data\scripts__phase12a_prepare_plot_data.py
213,28fa4fd239042b321acccbc877d3cf36319b74ce2bcf9807e3754aef6ffff149,4,archive_and_working_sources | legacy_PD_future_window_mean,D:\2026_PD\conference_paper_support_package_20260706\09_SUPPLEMENTARY_DATA\supplementary_usage_notes.md | D:\2026_PD\GitHub\repo_push\2026-PanBorneo-FCD-Forecasting-Reproducibility\conference_paper_support_package_20260706\09_SUPPLEMENTARY_DATA\supplementary_usage_notes.md | D:\2026_PD\outputs\paper_data_package_for_gpt_review\09_SUPPLEMENTARY_DATA\supplementary_usage_notes.md
214,30b0265b3486fc2c99fbabffc081193571e12550e60d5e519a93e47be8135586,4,archive_and_working_sources | legacy_PD_future_window_mean,D:\2026_PD\conference_paper_support_package_20260706\07_PREDICTION_PARQUETS\parquet_usage_notes.md | D:\2026_PD\GitHub\repo_push\2026-PanBorneo-FCD-Forecasting-Reproducibility\conference_paper_support_package_20260706\07_PREDICTION_PARQUETS\parquet_usage_notes.md | D:\2026_PD\outputs\paper_data_package_for_gpt_review\07_PREDICTION_PARQUETS\parquet_usage_notes.md
215,318a2bfbf5b00262a3fd58614823f507a9cb04428f0ff4fd7498c7eb82b2bdc9,4,archive_and_working_sources,D:\2026_07_23\多数据源数据\20260718\T2_TABLE_SOURCE_DATA\Table_pending_work_inventory.csv | D:\2026_07_23\多数据源数据\20260719\T2_FINAL_EXPERIMENT_PACKAGE\archive\E0_E5_20260718_FROZEN\T2_TABLE_SOURCE_DATA\Table_pending_work_inventory.csv | D:\2026_07_23\多数据源数据\2026071901\T2_FINAL_EXPERIMENT_PACKAGE\archive\E0_E5_20260718_FROZEN\T2_TABLE_SOURCE_DATA\Table_pending_work_inventory.csv
216,3251926063826ea420118accbd248fe3f06ae14ecb21356f1c60ec7a23dfa838,4,v2.2_point_target_and_audits,D:\CRG_TCN_20260729\AllResult_20260729\CODEX_FINAL_AUDIT_20260729\04_METRIC_RECALCULATION\WARNINGS.md | D:\CRG_TCN_20260729\AllResult_20260729\CODEX_FINAL_AUDIT_20260729\10_RELEASE_PACKAGES\FULL_LOCAL_AUDIT_PACKAGE\04_METRIC_RECALCULATION\WARNINGS.md | D:\CRG_TCN_20260729\AllResult_20260729\CODEX_FINAL_AUDIT_20260729\10_RELEASE_PACKAGES\GPT_REVIEW_PACKAGE\scientific_evidence\04_METRIC_RECALCULATION\WARNINGS.md
217,32a79b583cfe0da276935d6d0c35fa5721e4ecd221171a435951e04accd74b98,4,v2.2_point_target_and_audits,D:\CRG_TCN_20260729\AllResult_20260729\CODEX_FINAL_AUDIT_20260729\09_TABLES_FIGURES\STAGE_STATUS.json | D:\CRG_TCN_20260729\AllResult_20260729\CODEX_FINAL_AUDIT_20260729\10_RELEASE_PACKAGES\FULL_LOCAL_AUDIT_PACKAGE\09_TABLES_FIGURES\STAGE_STATUS.json | D:\CRG_TCN_20260729\AllResult_20260729\CODEX_FINAL_AUDIT_20260729\10_RELEASE_PACKAGES\GPT_REVIEW_PACKAGE\stages\09_TABLES_FIGURES\STAGE_STATUS.json
218,358ea17e0a483e1092f7fa27fcd6ddb1550abd6b6bff0e5aad547b6bf4446552,4,v2.2_point_target_and_audits,D:\CRG_TCN_20260729\AllResult_20260729\CODEX_FINAL_AUDIT_20260729\07_STATISTICAL_REANALYSIS\moving_block_bootstrap_config.json | D:\CRG_TCN_20260729\AllResult_20260729\CODEX_FINAL_AUDIT_20260729\10_RELEASE_PACKAGES\FULL_LOCAL_AUDIT_PACKAGE\07_STATISTICAL_REANALYSIS\moving_block_bootstrap_config.json | D:\CRG_TCN_20260729\AllResult_20260729\CODEX_FINAL_AUDIT_20260729\10_RELEASE_PACKAGES\GITHUB_CANDIDATE_PACKAGE\aggregate_results\moving_block_bootstrap_config.json
219,391b6f2a02fc4ee9fb754aaf517733329b1aeb6956e3cdc8117e6e765d98a5f2,4,legacy_PD_future_window_mean,D:\2026_PD\GitHub\outputs\github_release\PanBorneo_FCD_Forecasting_Reproducibility_Package\scripts\01_validate_data_package.py | D:\2026_PD\GitHub\repo_push\2026-PanBorneo-FCD-Forecasting-Reproducibility\scripts\01_validate_data_package.py | D:\2026_PD\PanBorneo_prediction_paper_support_data_20260626_120445\06_configs_scripts\GitHub__outputs__github_release__PanBorneo_FCD_Forecasting_Reproducibility_Package__scripts__01_validate_data_package.py
220,45b36d2c6af2e734c405842e0baa008fc37c3ae68fcb3a6685fc51af6159382d,4,archive_and_working_sources | legacy_PD_future_window_mean,D:\2026_PD\conference_paper_support_package_20260706\11_GITHUB_ZENODO_METADATA\REPRODUCIBILITY.md | D:\2026_PD\GitHub\repo_push\2026-PanBorneo-FCD-Forecasting-Reproducibility\conference_paper_support_package_20260706\11_GITHUB_ZENODO_METADATA\REPRODUCIBILITY.md | D:\2026_PD\outputs\paper_data_package_for_gpt_review\11_GITHUB_ZENODO_METADATA\REPRODUCIBILITY.md
221,490e6ed4ec13deed8abbf138ace88bb80dcfb4aef1ad75e99c2f7f662d197572,4,legacy_PD_future_window_mean,D:\2026_PD\GitHub\outputs\github_release\PanBorneo_FCD_Forecasting_Reproducibility_Package\reports\missing_files_report.md | D:\2026_PD\GitHub\repo_push\2026-PanBorneo-FCD-Forecasting-Reproducibility\reports\missing_files_report.md | D:\2026_PD\PanBorneo_prediction_paper_support_data_20260626_120445\05_reports_logs\GitHub__outputs__github_release__PanBorneo_FCD_Forecasting_Reproducibility_Package__reports__missing_files_report.md
222,4ad7f1a3b7d0599f7de87fbc7911c0b162550213008a55bcc22a7071cbf3b612,4,archive_and_working_sources | v2.2_point_target_and_audits,D:\2026_07_23\PanBorneo基准数据\07_原始数据来源清单\01_weather_request_manifest.csv | D:\2026_07_23\多数据源数据\02_weather_raw\weather_request_manifest.csv | D:\2026_07_23\多数据源数据\多数据源数据补全\T2_environment_aware_forecasting\02_weather_raw\weather_request_manifest.csv
223,4d6eb32b8f44e739b45134861bc3cbd6162803f2b51b87daa280375b5f0bc274,4,archive_and_working_sources | legacy_PD_future_window_mean,D:\2026_PD\conference_paper_support_package_20260706\11_GITHUB_ZENODO_METADATA\DATA_DICTIONARY.md | D:\2026_PD\GitHub\repo_push\2026-PanBorneo-FCD-Forecasting-Reproducibility\conference_paper_support_package_20260706\11_GITHUB_ZENODO_METADATA\DATA_DICTIONARY.md | D:\2026_PD\outputs\paper_data_package_for_gpt_review\11_GITHUB_ZENODO_METADATA\DATA_DICTIONARY.md
224,4dd7c969e28814c0e40bcd7c40b2ba03274aa1bb4324f7730d4e93d6f8169e18,4,legacy_PD_future_window_mean,D:\2026_PD\backups\reports_before_ai_exp\locked_phase5\phase5_controlled_deep_training_report.md | D:\2026_PD\PanBorneo_prediction_paper_support_data_20260626_120445\05_reports_logs\reports__locked_phase5__phase5_controlled_deep_training_report.md | D:\2026_PD\PanBorneo_prediction_paper_support_data_20260626_120906\05_reports_logs\reports__locked_phase5__phase5_controlled_deep_training_report.md
225,4fec8aa7de3068db6ba1cfff176510a0c0fedc855bb4dc0ba1573bd58751b21c,4,v2.2_point_target_and_audits,D:\CRG_TCN_20260729\01_实验主工程\CRG_TCN_review_v2\package_extracted\01_CRG_TCN_瀹為獙鎬讳綋鏂规_Codex鎵ц鎸囧崡_v3_鏈€鍚庝竴鍛ㄧ洸娴嬪寮虹増.docx | D:\CRG_TCN_20260729\01_实验主工程\CRG_TCN_review_v2\package_extracted\03_CRG_TCN_experiment_framework_v2_final_week_blind\docs\CRG_TCN_瀹為獙鎬讳綋鏂规_Codex鎵ц鎸囧崡_v3_鏈€鍚庝竴鍛ㄧ洸娴嬪寮虹増.docx | D:\CRG_TCN_20260729\01_实验主工程\CRG_TCN_review_v2\review_inputs\manual_01.docx
226,51938654a840ecd8cf679b9debeea3c949e9f91fc4bcb8f9e51efbef97682703,4,v2.2_point_target_and_audits,D:\CRG_TCN_20260729\AllResult_20260729\CODEX_FINAL_AUDIT_20260729\10_RELEASE_PACKAGES\WARNINGS.md | D:\CRG_TCN_20260729\AllResult_20260729\CODEX_FINAL_AUDIT_20260729\10_RELEASE_PACKAGES\FULL_LOCAL_AUDIT_PACKAGE\10_RELEASE_PACKAGES\WARNINGS.md | D:\CRG_TCN_20260729\AllResult_20260729\CODEX_FINAL_AUDIT_20260729\10_RELEASE_PACKAGES\FULL_LOCAL_AUDIT_PACKAGE\stages\10_RELEASE_PACKAGES\WARNINGS.md
227,5d46e59ba43ceaac4c3ca511797df8661d3f979ec3803bef3b56405cfcce2647,4,legacy_PD_future_window_mean,D:\2026_PD\GitHub\repo_push\2026-PanBorneo-FCD-Forecasting-Reproducibility\data\plot_data\plot_data_manifest.csv | D:\2026_PD\outputs\figure7_fix_backup\20260626_114812\manifest_plot_data_manifest.csv | D:\2026_PD\PanBorneo_prediction_paper_support_data_20260626_120445\00_manifest_sources\GitHub__repo_push__2026-PanBorneo-FCD-Forecasting-Reproducibility__data__plot_data__plot_data_manifest.csv
228,6191203529d7e5d1eb61c7b2d49892ba9b7a1b27c0f5d4f934ae6fb8ad553657,4,archive_and_working_sources,D:\2026_07_23\多数据源数据\20260718\12_experiments\E6_ablation\STATUS.md | D:\2026_07_23\多数据源数据\20260719\T2_FINAL_EXPERIMENT_PACKAGE\archive\E0_E5_20260718_FROZEN\12_experiments\E6_ablation\STATUS.md | D:\2026_07_23\多数据源数据\2026071901\T2_FINAL_EXPERIMENT_PACKAGE\archive\E0_E5_20260718_FROZEN\12_experiments\E6_ablation\STATUS.md
229,6437c0207bcd7d360f9b7842bf4cc41dd2476e59f55652e01cd1cd8d216a6e9a,4,v2.2_point_target_and_audits,D:\CRG_TCN_20260729\AllResult_20260729\CODEX_FINAL_AUDIT_20260729\08_CLAIM_EVIDENCE\manuscript_allowed_claims.md | D:\CRG_TCN_20260729\AllResult_20260729\CODEX_FINAL_AUDIT_20260729\10_RELEASE_PACKAGES\FULL_LOCAL_AUDIT_PACKAGE\08_CLAIM_EVIDENCE\manuscript_allowed_claims.md | D:\CRG_TCN_20260729\AllResult_20260729\CODEX_FINAL_AUDIT_20260729\10_RELEASE_PACKAGES\GITHUB_CANDIDATE_PACKAGE\aggregate_results\manuscript_allowed_claims.md
230,6459a61b4cb6293fad09d38e09b4ff0b0ca6337d3946d691d354360f184b68e7,4,archive_and_working_sources | legacy_PD_future_window_mean,D:\2026_PD\conference_paper_support_package_20260706\06_PHASE20_FULL_RESULTS\phase20_all_metrics_combined.csv | D:\2026_PD\GitHub\repo_push\2026-PanBorneo-FCD-Forecasting-Reproducibility\conference_paper_support_package_20260706\06_PHASE20_FULL_RESULTS\phase20_all_metrics_combined.csv | D:\2026_PD\outputs\paper_data_package_for_gpt_review\06_PHASE20_FULL_RESULTS\phase20_all_metrics_combined.csv
231,66be81fcb6c749540b673c9932349fc6acf4cf1f107d2c0ed099f3cdf1a2a889,4,legacy_PD_future_window_mean,D:\2026_PD\GitHub\outputs\github_release\PanBorneo_FCD_Forecasting_Reproducibility_Package\DATA_USE_NOTICE.md | D:\2026_PD\GitHub\repo_push\2026-PanBorneo-FCD-Forecasting-Reproducibility\DATA_USE_NOTICE.md | D:\2026_PD\PanBorneo_prediction_paper_support_data_20260626_120445\09_other_usable_support_files\GitHub__outputs__github_release__PanBorneo_FCD_Forecasting_Reproducibility_Package__DATA_USE_NOTICE.md
232,6cdf3c84b5e4ea2544ee8c6fd59688c21d4e074ed1af3ae68b7d0b69a4b5f4a7,4,T2_environment_multimodal | archive_and_working_sources,D:\2026_07_23\多数据源数据\20260714_2227\t2_final_experiment_ready_package_extracted_v2\scripts\package_t2_v2.py | D:\2026_07_23\多数据源数据\20260714_2227\v2_scripts\package_t2_v2.py | D:\2026_07_23\多数据源数据\20260715\T2_final_V2_complete\scripts\package_t2_v2.py
233,6d3e65a065a38123c8a7fd132d7f623a9adbf0ebe7467b34de677e6f57628f94,4,archive_and_working_sources | legacy_PD_future_window_mean,D:\2026_PD\conference_paper_support_package_20260706\11_GITHUB_ZENODO_METADATA\README.md | D:\2026_PD\GitHub\repo_push\2026-PanBorneo-FCD-Forecasting-Reproducibility\conference_paper_support_package_20260706\11_GITHUB_ZENODO_METADATA\README.md | D:\2026_PD\outputs\paper_data_package_for_gpt_review\11_GITHUB_ZENODO_METADATA\README.md
234,6f2fef476424271545bd726d6f5ed6b922090350a65967a48a03d5974f97f2fc,4,archive_and_working_sources | legacy_PD_future_window_mean,D:\2026_PD\conference_paper_support_package_20260706\11_GITHUB_ZENODO_METADATA\DATA_AVAILABILITY_STATEMENT.txt | D:\2026_PD\GitHub\repo_push\2026-PanBorneo-FCD-Forecasting-Reproducibility\conference_paper_support_package_20260706\11_GITHUB_ZENODO_METADATA\DATA_AVAILABILITY_STATEMENT.txt | D:\2026_PD\outputs\paper_data_package_for_gpt_review\11_GITHUB_ZENODO_METADATA\DATA_AVAILABILITY_STATEMENT.txt
235,728dd570f57c2d5423222fcd406ab28613796988874e8cf4bf1a3c0161853275,4,v2.2_point_target_and_audits,D:\CRG_TCN_20260729\AllResult_20260729\CODEX_FINAL_AUDIT_20260729\09_TABLES_FIGURES\SHA256SUMS.txt | D:\CRG_TCN_20260729\AllResult_20260729\CODEX_FINAL_AUDIT_20260729\10_RELEASE_PACKAGES\FULL_LOCAL_AUDIT_PACKAGE\09_TABLES_FIGURES\SHA256SUMS.txt | D:\CRG_TCN_20260729\AllResult_20260729\CODEX_FINAL_AUDIT_20260729\10_RELEASE_PACKAGES\GPT_REVIEW_PACKAGE\stages\09_TABLES_FIGURES\SHA256SUMS.txt
236,73ef73b37c6d0f3eb0dbba5169f9877fe324cb1d2570957ffd335932fd35df1f,4,archive_and_working_sources,D:\2026_07_23\多数据源数据\20260718\scripts\validate_release.py | D:\2026_07_23\多数据源数据\20260719\T2_FINAL_EXPERIMENT_PACKAGE\archive\E0_E5_20260718_FROZEN\scripts\validate_release.py | D:\2026_07_23\多数据源数据\2026071901\T2_FINAL_EXPERIMENT_PACKAGE\archive\E0_E5_20260718_FROZEN\scripts\validate_release.py
237,7ace34d2aa00f27fe6e94f69ab890d4d9b995b8b650dc9bab395b5b5706c3782,4,archive_and_working_sources,D:\2026_07_23\多数据源数据\20260718\12_experiments\statistical_tests\STATUS.md | D:\2026_07_23\多数据源数据\20260719\T2_FINAL_EXPERIMENT_PACKAGE\archive\E0_E5_20260718_FROZEN\12_experiments\statistical_tests\STATUS.md | D:\2026_07_23\多数据源数据\2026071901\T2_FINAL_EXPERIMENT_PACKAGE\archive\E0_E5_20260718_FROZEN\12_experiments\statistical_tests\STATUS.md
238,7d2fbc84a81e0da60eeb01e3db9ee6468b434a132f38a8809a84d7b31dbabd41,4,v2.2_point_target_and_audits,D:\CRG_TCN_20260729\AllResult_20260729\CODEX_FINAL_AUDIT_20260729\05_ROBUSTNESS_ANALYSIS\SHA256SUMS.txt | D:\CRG_TCN_20260729\AllResult_20260729\CODEX_FINAL_AUDIT_20260729\10_RELEASE_PACKAGES\FULL_LOCAL_AUDIT_PACKAGE\05_ROBUSTNESS_ANALYSIS\SHA256SUMS.txt | D:\CRG_TCN_20260729\AllResult_20260729\CODEX_FINAL_AUDIT_20260729\10_RELEASE_PACKAGES\GPT_REVIEW_PACKAGE\scientific_evidence\05_ROBUSTNESS_ANALYSIS\SHA256SUMS.txt
239,801bf0b100884a6de7f416b27c24981b6d517795252b6af96aea14c19c38059e,4,legacy_PD_future_window_mean,D:\2026_PD\GitHub\outputs\github_release\PanBorneo_FCD_Forecasting_Reproducibility_Package\scripts\00_check_environment.py | D:\2026_PD\GitHub\repo_push\2026-PanBorneo-FCD-Forecasting-Reproducibility\scripts\00_check_environment.py | D:\2026_PD\PanBorneo_prediction_paper_support_data_20260626_120445\06_configs_scripts\GitHub__outputs__github_release__PanBorneo_FCD_Forecasting_Reproducibility_Package__scripts__00_check_environment.py
240,807dbc0aa8b14429ac18585b9ce9524aa67b726e94f09354901ea0f7c5cf3fe4,4,v2.2_point_target_and_audits,D:\CRG_TCN_20260729\AllResult_20260729\CODEX_FINAL_AUDIT_20260729\04_METRIC_RECALCULATION\SHA256SUMS.txt | D:\CRG_TCN_20260729\AllResult_20260729\CODEX_FINAL_AUDIT_20260729\10_RELEASE_PACKAGES\FULL_LOCAL_AUDIT_PACKAGE\04_METRIC_RECALCULATION\SHA256SUMS.txt | D:\CRG_TCN_20260729\AllResult_20260729\CODEX_FINAL_AUDIT_20260729\10_RELEASE_PACKAGES\GPT_REVIEW_PACKAGE\scientific_evidence\04_METRIC_RECALCULATION\SHA256SUMS.txt
241,8232d9765f2aa4f936b99a4fdc932fd5ec6fecbbae54a2f0aacb278fff9348a0,4,legacy_PD_future_window_mean,D:\2026_PD\GitHub\outputs\github_release\PanBorneo_FCD_Forecasting_Reproducibility_Package\LICENSE_CODE.md | D:\2026_PD\GitHub\repo_push\2026-PanBorneo-FCD-Forecasting-Reproducibility\LICENSE_CODE.md | D:\2026_PD\PanBorneo_prediction_paper_support_data_20260626_120445\09_other_usable_support_files\GitHub__outputs__github_release__PanBorneo_FCD_Forecasting_Reproducibility_Package__LICENSE_CODE.md
242,83fc8288fbdbed675834c672307c08bce5a60f24a2b550463ab8c48356b2b15c,4,v2.2_point_target_and_audits,D:\CRG_TCN_20260729\01_实验主工程\CRG_TCN_review_v2\package_extracted\03_CRG_TCN_experiment_framework_v2_final_week_blind\manifests\pip_freeze.txt | D:\CRG_TCN_20260729\01_实验主工程\CRG_TCN_review_v2\package_extracted\03_CRG_TCN_experiment_framework_v2_final_week_blind\manifests\v2_2_2of4\pip_freeze.txt | D:\CRG_TCN_20260729\02_论文审计与投稿\AJSE_Audit_Export\20260729_GitHub\manifests\pip_freeze.txt
243,8451587ef0acecac76a46ebf26612f9874c8656a6ec8d91b935a2dfa4a25ee62,4,archive_and_working_sources,D:\2026_07_23\多数据源数据\20260718\T2_TABLE_SOURCE_DATA\Table02_scenario_sample_count.csv | D:\2026_07_23\多数据源数据\20260719\T2_FINAL_EXPERIMENT_PACKAGE\archive\E0_E5_20260718_FROZEN\T2_TABLE_SOURCE_DATA\Table02_scenario_sample_count.csv | D:\2026_07_23\多数据源数据\2026071901\T2_FINAL_EXPERIMENT_PACKAGE\archive\E0_E5_20260718_FROZEN\T2_TABLE_SOURCE_DATA\Table02_scenario_sample_count.csv
244,84a9d4442df8b4440b79bb363196a04659f3044d4f59135d7889e2a24f7ba34d,4,v2.2_point_target_and_audits,D:\CRG_TCN_20260729\01_实验主工程\CRG_TCN_review_v2\package_extracted\03_CRG_TCN_experiment_framework_v2_final_week_blind\results\P7_v2_2_formal\P7_xgboost_final_week_s17\resolved_config.json | D:\CRG_TCN_20260729\01_实验主工程\CRG_TCN_review_v2\package_extracted\03_CRG_TCN_experiment_framework_v2_final_week_blind\results\P7_v2_2_interrupted_20260729T005525Z\P7_xgboost_final_week_s17\resolved_config.json | D:\CRG_TCN_20260729\02_论文审计与投稿\AJSE_Audit_Export\20260729_GitHub\results\P7_v2_2_formal\P7_xgboost_final_week_s17\resolved_config.json
245,84c974e3a39942dd3cad9a3273835ffaa48a64200601a2ee4e2e2f2248d4ee0f,4,v2.2_point_target_and_audits,D:\CRG_TCN_20260729\AllResult_20260729\CODEX_FINAL_AUDIT_20260729\05_ROBUSTNESS_ANALYSIS\WARNINGS.md | D:\CRG_TCN_20260729\AllResult_20260729\CODEX_FINAL_AUDIT_20260729\10_RELEASE_PACKAGES\FULL_LOCAL_AUDIT_PACKAGE\05_ROBUSTNESS_ANALYSIS\WARNINGS.md | D:\CRG_TCN_20260729\AllResult_20260729\CODEX_FINAL_AUDIT_20260729\10_RELEASE_PACKAGES\GPT_REVIEW_PACKAGE\scientific_evidence\05_ROBUSTNESS_ANALYSIS\WARNINGS.md
246,88d3ce09c91939a5e83cbc4def5be9377d24a3e9ad492688c30b8be5d0d67502,4,v2.2_point_target_and_audits,D:\CRG_TCN_20260729\AllResult_20260729\CODEX_FINAL_AUDIT_20260729\04_METRIC_RECALCULATION\metric_definitions.md | D:\CRG_TCN_20260729\AllResult_20260729\CODEX_FINAL_AUDIT_20260729\10_RELEASE_PACKAGES\FULL_LOCAL_AUDIT_PACKAGE\04_METRIC_RECALCULATION\metric_definitions.md | D:\CRG_TCN_20260729\AllResult_20260729\CODEX_FINAL_AUDIT_20260729\10_RELEASE_PACKAGES\GITHUB_CANDIDATE_PACKAGE\aggregate_results\metric_definitions.md
247,89927148ce6d64731965ff1f7de7d26357bda2329c4f798f35d8fadccfea4748,4,archive_and_working_sources,D:\2026_07_23\多数据源数据\20260718\T2_EXPERIMENT_READINESS_REPORT.md | D:\2026_07_23\多数据源数据\20260719\T2_FINAL_EXPERIMENT_PACKAGE\archive\E0_E5_20260718_FROZEN\T2_EXPERIMENT_READINESS_REPORT.md | D:\2026_07_23\多数据源数据\2026071901\T2_FINAL_EXPERIMENT_PACKAGE\archive\E0_E5_20260718_FROZEN\T2_EXPERIMENT_READINESS_REPORT.md
248,9187e45d1876e2a768d77527be57f7aaea2c2f0c9bdd638833c92873f59bc2c4,4,archive_and_working_sources,D:\2026_07_23\多数据源数据\20260718\12_experiments\scenario_analysis\STATUS.md | D:\2026_07_23\多数据源数据\20260719\T2_FINAL_EXPERIMENT_PACKAGE\archive\E0_E5_20260718_FROZEN\12_experiments\scenario_analysis\STATUS.md | D:\2026_07_23\多数据源数据\2026071901\T2_FINAL_EXPERIMENT_PACKAGE\archive\E0_E5_20260718_FROZEN\12_experiments\scenario_analysis\STATUS.md
249,9239c9b3134156d86c7d8386c2653218a5ce3cfafd2586bca5a8d22bf24e00c5,4,archive_and_working_sources,D:\2026_07_23\多数据源数据\T2_FINAL_20260718_E0_E5.sha256.txt | D:\2026_07_23\多数据源数据\20260718\T2_FINAL_20260718_E0_E5.sha256.txt | D:\2026_07_23\多数据源数据\20260719\T2_FINAL_EXPERIMENT_PACKAGE\archive\E0_E5_20260718_FROZEN\T2_FINAL_20260718_E0_E5.sha256.txt
250,9294efe8726dc289bed1ed8c0ab3a88f339d8f18bea07d6d459733a01bd5e3cc,4,archive_and_working_sources,D:\2026_07_23\多数据源数据\20260718\T2_TABLE_SOURCE_DATA\Table02_split_summary.csv | D:\2026_07_23\多数据源数据\20260719\T2_FINAL_EXPERIMENT_PACKAGE\archive\E0_E5_20260718_FROZEN\T2_TABLE_SOURCE_DATA\Table02_split_summary.csv | D:\2026_07_23\多数据源数据\2026071901\T2_FINAL_EXPERIMENT_PACKAGE\archive\E0_E5_20260718_FROZEN\T2_TABLE_SOURCE_DATA\Table02_split_summary.csv
251,929a042eb1d0a4c2bbf98a404aae91c50be85025f1e7ef4d9181e7e8e268cf7c,4,archive_and_working_sources | legacy_PD_future_window_mean,D:\2026_PD\conference_paper_support_package_20260706\11_GITHUB_ZENODO_METADATA\GITHUB_UPLOAD_CHECKLIST.md | D:\2026_PD\GitHub\repo_push\2026-PanBorneo-FCD-Forecasting-Reproducibility\conference_paper_support_package_20260706\11_GITHUB_ZENODO_METADATA\GITHUB_UPLOAD_CHECKLIST.md | D:\2026_PD\outputs\paper_data_package_for_gpt_review\11_GITHUB_ZENODO_METADATA\GITHUB_UPLOAD_CHECKLIST.md
252,92accc1124d380e7e71cba13bc7b33ce11c4eeced7a80dbd27de6fa92e207d0b,4,legacy_PD_future_window_mean,D:\2026_PD\GitHub\outputs\github_release\PanBorneo_FCD_Forecasting_Reproducibility_Package\docs\variable_definitions.md | D:\2026_PD\GitHub\repo_push\2026-PanBorneo-FCD-Forecasting-Reproducibility\docs\variable_definitions.md | D:\2026_PD\PanBorneo_prediction_paper_support_data_20260626_120445\09_other_usable_support_files\GitHub__outputs__github_release__PanBorneo_FCD_Forecasting_Reproducibility_Package__docs__variable_definitions.md
253,95fb12d8c1facff45199aba8c4f422d523f6d14b3a7ba021dc3f11b98b095011,4,archive_and_working_sources | legacy_PD_future_window_mean,D:\2026_PD\conference_paper_support_package_20260706\06_PHASE20_FULL_RESULTS\phase20_metric_summary_by_model_horizon.csv | D:\2026_PD\GitHub\repo_push\2026-PanBorneo-FCD-Forecasting-Reproducibility\conference_paper_support_package_20260706\06_PHASE20_FULL_RESULTS\phase20_metric_summary_by_model_horizon.csv | D:\2026_PD\outputs\paper_data_package_for_gpt_review\06_PHASE20_FULL_RESULTS\phase20_metric_summary_by_model_horizon.csv
254,9a21e954a69a752fdb878c94fcddebe8c1f79849dacffd82beae0fc3caeb3199,4,archive_and_working_sources | legacy_PD_future_window_mean,D:\2026_PD\conference_paper_support_package_20260706\06_PHASE20_FULL_RESULTS\phase20_readiness_report.md | D:\2026_PD\GitHub\repo_push\2026-PanBorneo-FCD-Forecasting-Reproducibility\conference_paper_support_package_20260706\06_PHASE20_FULL_RESULTS\phase20_readiness_report.md | D:\2026_PD\outputs\paper_data_package_for_gpt_review\06_PHASE20_FULL_RESULTS\phase20_readiness_report.md
255,9b7eae5a047c82b653438789bcbc6c6c829abef26540ebac71eb3f60fb33d83c,4,v2.2_point_target_and_audits,D:\CRG_TCN_20260729\AllResult_20260729\CODEX_FINAL_AUDIT_20260729\08_CLAIM_EVIDENCE\manuscript_prohibited_claims.md | D:\CRG_TCN_20260729\AllResult_20260729\CODEX_FINAL_AUDIT_20260729\10_RELEASE_PACKAGES\FULL_LOCAL_AUDIT_PACKAGE\08_CLAIM_EVIDENCE\manuscript_prohibited_claims.md | D:\CRG_TCN_20260729\AllResult_20260729\CODEX_FINAL_AUDIT_20260729\10_RELEASE_PACKAGES\GITHUB_CANDIDATE_PACKAGE\aggregate_results\manuscript_prohibited_claims.md
256,a16701afcce165a68500052643725fbcf779538765a80a089a6ef2d29e595526,4,archive_and_working_sources,D:\2026_07_23\多数据源数据\20260718\T2_FINAL_EXPERIMENT_SUMMARY.md | D:\2026_07_23\多数据源数据\20260719\T2_FINAL_EXPERIMENT_PACKAGE\archive\E0_E5_20260718_FROZEN\T2_FINAL_EXPERIMENT_SUMMARY.md | D:\2026_07_23\多数据源数据\2026071901\T2_FINAL_EXPERIMENT_PACKAGE\archive\E0_E5_20260718_FROZEN\T2_FINAL_EXPERIMENT_SUMMARY.md
257,a332abe09b204c2a7a088d5013720ba363b0df74c41a6c3b3a080fed1f1e7167,4,legacy_PD_future_window_mean,D:\2026_PD\GitHub\outputs\github_release\PanBorneo_FCD_Forecasting_Reproducibility_Package\scripts\reproduce_figures_placeholder.py | D:\2026_PD\GitHub\repo_push\2026-PanBorneo-FCD-Forecasting-Reproducibility\scripts\reproduce_figures_placeholder.py | D:\2026_PD\PanBorneo_prediction_paper_support_data_20260626_120445\04_figure_sources\GitHub__outputs__github_release__PanBorneo_FCD_Forecasting_Reproducibility_Package__scripts__reproduce_figures_placeholder.py
258,a5605e3e739d0bda821641277411d144077aeb8ca4e2e5059cd65348843d7711,4,legacy_PD_future_window_mean,D:\2026_PD\GitHub\outputs\github_release\PanBorneo_FCD_Forecasting_Reproducibility_Package\reports\preprocessing_report.md | D:\2026_PD\GitHub\repo_push\2026-PanBorneo-FCD-Forecasting-Reproducibility\reports\preprocessing_report.md | D:\2026_PD\PanBorneo_prediction_paper_support_data_20260626_120445\05_reports_logs\GitHub__outputs__github_release__PanBorneo_FCD_Forecasting_Reproducibility_Package__reports__preprocessing_report.md
259,a8b7c995b5fc0ae479fa886b0a828a37f80f109bf600d79cde385f283b968265,4,archive_and_working_sources | legacy_PD_future_window_mean,D:\2026_PD\conference_paper_support_package_20260706\09_SUPPLEMENTARY_DATA\metr_la_mini_warning_notes.md | D:\2026_PD\GitHub\repo_push\2026-PanBorneo-FCD-Forecasting-Reproducibility\conference_paper_support_package_20260706\09_SUPPLEMENTARY_DATA\metr_la_mini_warning_notes.md | D:\2026_PD\outputs\paper_data_package_for_gpt_review\09_SUPPLEMENTARY_DATA\metr_la_mini_warning_notes.md
260,ac5c9b037e1380c8e341226d8bb9b73dc02e8c893d47084146353b0954febb21,4,legacy_PD_future_window_mean,D:\2026_PD\backups\reports_before_ai_exp\locked_phase6\phase6_ablation_metrics.csv | D:\2026_PD\PanBorneo_prediction_paper_support_data_20260626_120445\05_reports_logs\reports__locked_phase6__phase6_ablation_metrics.csv | D:\2026_PD\PanBorneo_prediction_paper_support_data_20260626_120906\05_reports_logs\reports__locked_phase6__phase6_ablation_metrics.csv
261,afc3dc68642a4d28074b9fcba7ae889b8c54443a41f8a4e539807b6dc1dcd92d,4,archive_and_working_sources,D:\2026_07_23\多数据源数据\20260718\scripts\generate_reports.py | D:\2026_07_23\多数据源数据\20260719\T2_FINAL_EXPERIMENT_PACKAGE\archive\E0_E5_20260718_FROZEN\scripts\generate_reports.py | D:\2026_07_23\多数据源数据\2026071901\T2_FINAL_EXPERIMENT_PACKAGE\archive\E0_E5_20260718_FROZEN\scripts\generate_reports.py
262,b0a2f12fd8c42415fb7a1e4eba6b5748e9d3ae23eb25492e8d31c5b6725516b3,4,legacy_PD_future_window_mean | v2.2_point_target_and_audits,D:\2026_PD\PanBorneo_prediction_paper_support_data_20260626_120445\06_configs_scripts\conda_pkgs__https__conda.anaconda.org__conda-forge__win-64__matplotlib-base-3.10.9-py310h0bdd906_0__Lib__site-packages__mpl_toolkits__axes_grid1__tests____init__.py | D:\CRG_TCN_20260729\02_论文审计与投稿\AJSE_Audit_Export\_paper_plot_deps\mpl_toolkits\axes_grid1\tests\__init__.py | D:\CRG_TCN_20260729\02_论文审计与投稿\AJSE_Audit_Export\_paper_plot_deps\mpl_toolkits\axisartist\tests\__init__.py
263,b20bb36dfe2b7955a496b4f96f72598d1238c8d3a6c97ed7ba4c3fa8939289e9,4,legacy_PD_future_window_mean,D:\2026_PD\20260623\PanBorneo_TomTom数据清洗说明文档.docx | D:\2026_PD\data\raw\package_extracted\08_documentation\PanBorneo_TomTom数据清洗说明文档.docx | D:\2026_PD\PanBorneo_prediction_paper_support_data_20260626_120445\09_other_usable_support_files\20260623__PanBorneo_TomTom数据清洗说明文档.docx
264,b4b431afc6f884a7f46835d0e12d3f7452f66473f6b32ef7250aa0f72cfa34cf,4,v2.2_point_target_and_audits,D:\CRG_TCN_20260729\AllResult_20260729\CODEX_FINAL_AUDIT_20260729\08_CLAIM_EVIDENCE\SHA256SUMS.txt | D:\CRG_TCN_20260729\AllResult_20260729\CODEX_FINAL_AUDIT_20260729\10_RELEASE_PACKAGES\FULL_LOCAL_AUDIT_PACKAGE\08_CLAIM_EVIDENCE\SHA256SUMS.txt | D:\CRG_TCN_20260729\AllResult_20260729\CODEX_FINAL_AUDIT_20260729\10_RELEASE_PACKAGES\GPT_REVIEW_PACKAGE\scientific_evidence\08_CLAIM_EVIDENCE\SHA256SUMS.txt
265,b84fd44503b00d04a2f40a74daa488449c2caffd45b28b6dcb1889c3235bb405,4,archive_and_working_sources,D:\2026_07_23\多数据源数据\20260718\T2_TABLE_SOURCE_DATA\Table03_E5_vs_E1_gain_summary.csv | D:\2026_07_23\多数据源数据\20260719\T2_FINAL_EXPERIMENT_PACKAGE\archive\E0_E5_20260718_FROZEN\T2_TABLE_SOURCE_DATA\Table03_E5_vs_E1_gain_summary.csv | D:\2026_07_23\多数据源数据\2026071901\T2_FINAL_EXPERIMENT_PACKAGE\archive\E0_E5_20260718_FROZEN\T2_TABLE_SOURCE_DATA\Table03_E5_vs_E1_gain_summary.csv
266,b9444dfc24cf970089447bb91045e54142faac27a0060cc57126dd1e043d105f,4,v2.2_point_target_and_audits,D:\CRG_TCN_20260729\AllResult_20260729\CODEX_FINAL_AUDIT_20260729\08_CLAIM_EVIDENCE\WARNINGS.md | D:\CRG_TCN_20260729\AllResult_20260729\CODEX_FINAL_AUDIT_20260729\10_RELEASE_PACKAGES\FULL_LOCAL_AUDIT_PACKAGE\08_CLAIM_EVIDENCE\WARNINGS.md | D:\CRG_TCN_20260729\AllResult_20260729\CODEX_FINAL_AUDIT_20260729\10_RELEASE_PACKAGES\GPT_REVIEW_PACKAGE\scientific_evidence\08_CLAIM_EVIDENCE\WARNINGS.md
267,b98551b17b9bcf83bd13d2adbf7d1987633ab860b80e8188ddb31d9af5adda34,4,archive_and_working_sources,D:\2026_07_23\多数据源数据\20260718\T2_TABLE_SOURCE_DATA\Table03_E0_best_by_horizon.csv | D:\2026_07_23\多数据源数据\20260719\T2_FINAL_EXPERIMENT_PACKAGE\archive\E0_E5_20260718_FROZEN\T2_TABLE_SOURCE_DATA\Table03_E0_best_by_horizon.csv | D:\2026_07_23\多数据源数据\2026071901\T2_FINAL_EXPERIMENT_PACKAGE\archive\E0_E5_20260718_FROZEN\T2_TABLE_SOURCE_DATA\Table03_E0_best_by_horizon.csv
268,c2c1f0d0c90b70ff6ab22ac460f8bfb98d580afd7c19543c9a73e3272a5ee44c,4,v2.2_point_target_and_audits,D:\CRG_TCN_20260729\AllResult_20260729\CODEX_FINAL_AUDIT_20260729\08_CLAIM_EVIDENCE\REPORT.md | D:\CRG_TCN_20260729\AllResult_20260729\CODEX_FINAL_AUDIT_20260729\10_RELEASE_PACKAGES\FULL_LOCAL_AUDIT_PACKAGE\08_CLAIM_EVIDENCE\REPORT.md | D:\CRG_TCN_20260729\AllResult_20260729\CODEX_FINAL_AUDIT_20260729\10_RELEASE_PACKAGES\GPT_REVIEW_PACKAGE\scientific_evidence\08_CLAIM_EVIDENCE\REPORT.md
269,c41a0013d306c9c935d9d9b86afce8cc7bd55c6393a41d0f4929ec77e4ecc922,4,v2.2_point_target_and_audits,D:\CRG_TCN_20260729\01_实验主工程\CRG_TCN_review_v2\package_extracted\03_CRG_TCN_experiment_framework_v2_final_week_blind\src\rolling_dataset.py | D:\CRG_TCN_20260729\02_论文审计与投稿\AJSE_Audit_Export\20260729_GitHub\src\rolling_dataset.py | D:\CRG_TCN_20260729\02_论文审计与投稿\AJSE_Audit_Export\AJSE_Audit_Core\01_target_definition_audit\version2_current_repo\rolling_dataset.py
270,c5bfdf77806ab5054298a0fe5359842a7cb5aa287cd97a1888ddc1c50b18870c,4,legacy_PD_future_window_mean,D:\2026_PD\GitHub\outputs\github_release\PanBorneo_FCD_Forecasting_Reproducibility_Package\data\README_DATA.md | D:\2026_PD\GitHub\repo_push\2026-PanBorneo-FCD-Forecasting-Reproducibility\data\README_DATA.md | D:\2026_PD\PanBorneo_prediction_paper_support_data_20260626_120445\09_other_usable_support_files\GitHub__outputs__github_release__PanBorneo_FCD_Forecasting_Reproducibility_Package__data__README_DATA.md
271,c8bb2853de77b9d605228178da5221fceba5a5df33fd5202a46e7e4a86768a73,4,archive_and_working_sources | legacy_PD_future_window_mean,D:\2026_PD\conference_paper_support_package_20260706\06_PHASE20_FULL_RESULTS\phase20_metric_inventory.csv | D:\2026_PD\GitHub\repo_push\2026-PanBorneo-FCD-Forecasting-Reproducibility\conference_paper_support_package_20260706\06_PHASE20_FULL_RESULTS\phase20_metric_inventory.csv | D:\2026_PD\outputs\paper_data_package_for_gpt_review\06_PHASE20_FULL_RESULTS\phase20_metric_inventory.csv
272,c8dd01e6822544772f035d86c3f0faa5ae2cb1d44e8182e4cd872c821f0dae9b,4,v2.2_point_target_and_audits,D:\CRG_TCN_20260729\01_实验主工程\CRG_TCN_review_v2\package_extracted\03_CRG_TCN_experiment_framework_v2_final_week_blind\results\P7_v2_2_formal\P7_gru_final_week_s42\resolved_config.json | D:\CRG_TCN_20260729\01_实验主工程\CRG_TCN_review_v2\package_extracted\03_CRG_TCN_experiment_framework_v2_final_week_blind\results\P7_v2_2_interrupted_20260729T005525Z\P7_gru_final_week_s42\resolved_config.json | D:\CRG_TCN_20260729\02_论文审计与投稿\AJSE_Audit_Export\20260729_GitHub\results\P7_v2_2_formal\P7_gru_final_week_s42\resolved_config.json
273,cab03b20ada46ce7d90b6b102068b4284be3e65e05c1f21e33d1fe2ed2a8c161,4,archive_and_working_sources | legacy_PD_future_window_mean,D:\2026_PD\conference_paper_support_package_20260706\11_GITHUB_ZENODO_METADATA\ZENODO_RELEASE_NOTES_DRAFT.md | D:\2026_PD\GitHub\repo_push\2026-PanBorneo-FCD-Forecasting-Reproducibility\conference_paper_support_package_20260706\11_GITHUB_ZENODO_METADATA\ZENODO_RELEASE_NOTES_DRAFT.md | D:\2026_PD\outputs\paper_data_package_for_gpt_review\11_GITHUB_ZENODO_METADATA\ZENODO_RELEASE_NOTES_DRAFT.md
274,d03d3e603a66b8b202c6bfcc3dfd7e18e37cd9b8dc82304b6337c0eeb3805c01,4,archive_and_working_sources,D:\2026_07_23\多数据源数据\20260718\T2_TABLE_SOURCE_DATA\Table03_main_E1_E5_performance.csv | D:\2026_07_23\多数据源数据\20260719\T2_FINAL_EXPERIMENT_PACKAGE\archive\E0_E5_20260718_FROZEN\T2_TABLE_SOURCE_DATA\Table03_main_E1_E5_performance.csv | D:\2026_07_23\多数据源数据\2026071901\T2_FINAL_EXPERIMENT_PACKAGE\archive\E0_E5_20260718_FROZEN\T2_TABLE_SOURCE_DATA\Table03_main_E1_E5_performance.csv
275,d2f43db02cbbd7f7639ae6602a1768cd3a5b4868c56c35f7bda20c6d81f8a9b3,4,v2.2_point_target_and_audits,D:\CRG_TCN_20260729\AllResult_20260729\CODEX_FINAL_AUDIT_20260729\05_ROBUSTNESS_ANALYSIS\REPORT.md | D:\CRG_TCN_20260729\AllResult_20260729\CODEX_FINAL_AUDIT_20260729\10_RELEASE_PACKAGES\FULL_LOCAL_AUDIT_PACKAGE\05_ROBUSTNESS_ANALYSIS\REPORT.md | D:\CRG_TCN_20260729\AllResult_20260729\CODEX_FINAL_AUDIT_20260729\10_RELEASE_PACKAGES\GPT_REVIEW_PACKAGE\scientific_evidence\05_ROBUSTNESS_ANALYSIS\REPORT.md
276,d4aceab4751d819bbcb9c5e42b3f23689cd5b23c0eca61f70ad3b880515aa810,4,v2.2_point_target_and_audits,D:\CRG_TCN_20260729\AllResult_20260729\CODEX_FINAL_AUDIT_20260729\06_DIRECT_RECURSIVE_ANALYSIS\WARNINGS.md | D:\CRG_TCN_20260729\AllResult_20260729\CODEX_FINAL_AUDIT_20260729\10_RELEASE_PACKAGES\FULL_LOCAL_AUDIT_PACKAGE\06_DIRECT_RECURSIVE_ANALYSIS\WARNINGS.md | D:\CRG_TCN_20260729\AllResult_20260729\CODEX_FINAL_AUDIT_20260729\10_RELEASE_PACKAGES\GPT_REVIEW_PACKAGE\scientific_evidence\06_DIRECT_RECURSIVE_ANALYSIS\WARNINGS.md
277,d7115d0fe06afaa9ce2be62cd318b0ea979cd82b7f211c7ef4af1aaaf55491aa,4,v2.2_point_target_and_audits,D:\CRG_TCN_20260729\AllResult_20260729\CODEX_FINAL_AUDIT_20260729\07_STATISTICAL_REANALYSIS\WARNINGS.md | D:\CRG_TCN_20260729\AllResult_20260729\CODEX_FINAL_AUDIT_20260729\10_RELEASE_PACKAGES\FULL_LOCAL_AUDIT_PACKAGE\07_STATISTICAL_REANALYSIS\WARNINGS.md | D:\CRG_TCN_20260729\AllResult_20260729\CODEX_FINAL_AUDIT_20260729\10_RELEASE_PACKAGES\GPT_REVIEW_PACKAGE\scientific_evidence\07_STATISTICAL_REANALYSIS\WARNINGS.md
278,d718635b667945d8d0e2e67c0070aaf32ff67c4cbee755f9fdc8dae2bdb98054,4,v2.2_point_target_and_audits,D:\CRG_TCN_20260729\AllResult_20260729\CODEX_FINAL_AUDIT_20260729\04_METRIC_RECALCULATION\model_overall_metrics.csv | D:\CRG_TCN_20260729\AllResult_20260729\CODEX_FINAL_AUDIT_20260729\10_RELEASE_PACKAGES\FULL_LOCAL_AUDIT_PACKAGE\04_METRIC_RECALCULATION\model_overall_metrics.csv | D:\CRG_TCN_20260729\AllResult_20260729\CODEX_FINAL_AUDIT_20260729\10_RELEASE_PACKAGES\GITHUB_CANDIDATE_PACKAGE\aggregate_results\model_overall_metrics.csv
279,d88c9c777bfde815886256aa418e806ecc9279d8057685f94d8f27e5de33ae42,4,v2.2_point_target_and_audits,D:\CRG_TCN_20260729\01_实验主工程\CRG_TCN_review_v2\package_extracted\03_CRG_TCN_experiment_framework_v2_final_week_blind\results\P7_v2_2_formal\P7_xgboost_final_week_s73\resolved_config.json | D:\CRG_TCN_20260729\01_实验主工程\CRG_TCN_review_v2\package_extracted\03_CRG_TCN_experiment_framework_v2_final_week_blind\results\P7_v2_2_interrupted_20260729T005525Z\P7_xgboost_final_week_s73\resolved_config.json | D:\CRG_TCN_20260729\02_论文审计与投稿\AJSE_Audit_Export\20260729_GitHub\results\P7_v2_2_formal\P7_xgboost_final_week_s73\resolved_config.json
280,d92f384b349210e36f3986fd386ff7550978d85ff004be33001492052886d402,4,v2.2_point_target_and_audits,D:\CRG_TCN_20260729\AllResult_20260729\CODEX_FINAL_AUDIT_20260729\09_TABLES_FIGURES\WARNINGS.md | D:\CRG_TCN_20260729\AllResult_20260729\CODEX_FINAL_AUDIT_20260729\10_RELEASE_PACKAGES\FULL_LOCAL_AUDIT_PACKAGE\09_TABLES_FIGURES\WARNINGS.md | D:\CRG_TCN_20260729\AllResult_20260729\CODEX_FINAL_AUDIT_20260729\10_RELEASE_PACKAGES\GPT_REVIEW_PACKAGE\stages\09_TABLES_FIGURES\WARNINGS.md
281,da654a367cf71883dd255dc57c8d1b37bb9c6a53dcceac01f83508fb6708375e,4,v2.2_point_target_and_audits,D:\CRG_TCN_20260729\01_实验主工程\CRG_TCN_review_v2\package_extracted\03_CRG_TCN_experiment_framework_v2_final_week_blind\results\P7_v2_2_formal\P7_xgboost_final_week_s42\resolved_config.json | D:\CRG_TCN_20260729\01_实验主工程\CRG_TCN_review_v2\package_extracted\03_CRG_TCN_experiment_framework_v2_final_week_blind\results\P7_v2_2_interrupted_20260729T005525Z\P7_xgboost_final_week_s42\resolved_config.json | D:\CRG_TCN_20260729\02_论文审计与投稿\AJSE_Audit_Export\20260729_GitHub\results\P7_v2_2_formal\P7_xgboost_final_week_s42\resolved_config.json
282,dc60a0cb893f7041b52271351e0ae9ed7f51c47d6355f2cedeb1b0226cd4e11a,4,v2.2_point_target_and_audits | v2.2_point_target_quarantine,D:\2026_AJSE_FINAL_QUARANTINE\AJSE_non_Phase2A_20260730_093635\AJSE_P8_GPT_Review_Core_20260729_2047\configs\p8_postunlock_v2_2_resolved.yaml | D:\CRG_TCN_20260729\01_实验主工程\CRG_TCN_review_v2\package_extracted\03_CRG_TCN_experiment_framework_v2_final_week_blind\configs\p8_postunlock_v2_2_resolved.yaml | D:\CRG_TCN_20260729\02_论文审计与投稿\AJSE_Audit_Export\20260729_GitHub\configs\p8_postunlock_v2_2_resolved.yaml
283,deab6bbc3cdbe8004495823c4de6dea0790a3c3875623ffe9c7adc81d44b4b59,4,T2_environment_multimodal | archive_and_working_sources,D:\2026_07_23\多数据源数据\20260714_2227\file_manifest_v2.csv | D:\2026_07_23\多数据源数据\20260714_2227\t2_final_experiment_ready_package_extracted_v2\11_experiment_ready\file_manifest_v2.csv | D:\2026_07_23\多数据源数据\20260715\T2_final_V2_complete\11_experiment_ready\file_manifest_v2.csv
284,e028f1b046c4afe1d3547f6c7d27639e0b0a134dbe87120965353cd18f9fdd32,4,legacy_PD_future_window_mean,D:\2026_PD\GitHub\outputs\github_release\PanBorneo_FCD_Forecasting_Reproducibility_Package\docs\workflow_overview.md | D:\2026_PD\GitHub\repo_push\2026-PanBorneo-FCD-Forecasting-Reproducibility\docs\workflow_overview.md | D:\2026_PD\PanBorneo_prediction_paper_support_data_20260626_120445\09_other_usable_support_files\GitHub__outputs__github_release__PanBorneo_FCD_Forecasting_Reproducibility_Package__docs__workflow_overview.md
285,e04ee2f9dcc38f0c0dfa1a8b3190f106bb36ae59c9969294c1790ca2402e3d87,4,v2.2_point_target_and_audits,D:\CRG_TCN_20260729\AllResult_20260729\CODEX_FINAL_AUDIT_20260729\09_TABLES_FIGURES\REPORT.md | D:\CRG_TCN_20260729\AllResult_20260729\CODEX_FINAL_AUDIT_20260729\10_RELEASE_PACKAGES\FULL_LOCAL_AUDIT_PACKAGE\09_TABLES_FIGURES\REPORT.md | D:\CRG_TCN_20260729\AllResult_20260729\CODEX_FINAL_AUDIT_20260729\10_RELEASE_PACKAGES\GPT_REVIEW_PACKAGE\stages\09_TABLES_FIGURES\REPORT.md
286,e05c24036484f63eb24253e5befab0155e7e21aebe0fbfdf0b8d088892f1dc26,4,v2.2_point_target_and_audits,D:\CRG_TCN_20260729\AllResult_20260729\CODEX_FINAL_AUDIT_20260729\04_METRIC_RECALCULATION\model_horizon_metrics.csv | D:\CRG_TCN_20260729\AllResult_20260729\CODEX_FINAL_AUDIT_20260729\10_RELEASE_PACKAGES\FULL_LOCAL_AUDIT_PACKAGE\04_METRIC_RECALCULATION\model_horizon_metrics.csv | D:\CRG_TCN_20260729\AllResult_20260729\CODEX_FINAL_AUDIT_20260729\10_RELEASE_PACKAGES\GITHUB_CANDIDATE_PACKAGE\aggregate_results\model_horizon_metrics.csv
287,e0e743124f456104e52aa4109919675128e0b91f8c084273849b06d21990078f,4,v2.2_point_target_and_audits,D:\CRG_TCN_20260729\AllResult_20260729\CODEX_FINAL_AUDIT_20260729\07_STATISTICAL_REANALYSIS\REPORT.md | D:\CRG_TCN_20260729\AllResult_20260729\CODEX_FINAL_AUDIT_20260729\10_RELEASE_PACKAGES\FULL_LOCAL_AUDIT_PACKAGE\07_STATISTICAL_REANALYSIS\REPORT.md | D:\CRG_TCN_20260729\AllResult_20260729\CODEX_FINAL_AUDIT_20260729\10_RELEASE_PACKAGES\GPT_REVIEW_PACKAGE\scientific_evidence\07_STATISTICAL_REANALYSIS\REPORT.md
288,e368460fb70372a984f81a8a7377607aaecd26892083b8fd978624a2ee833284,4,v2.2_point_target_and_audits,D:\CRG_TCN_20260729\AllResult_20260729\CODEX_FINAL_AUDIT_20260729\04_METRIC_RECALCULATION\REPORT.md | D:\CRG_TCN_20260729\AllResult_20260729\CODEX_FINAL_AUDIT_20260729\10_RELEASE_PACKAGES\FULL_LOCAL_AUDIT_PACKAGE\04_METRIC_RECALCULATION\REPORT.md | D:\CRG_TCN_20260729\AllResult_20260729\CODEX_FINAL_AUDIT_20260729\10_RELEASE_PACKAGES\GPT_REVIEW_PACKAGE\scientific_evidence\04_METRIC_RECALCULATION\REPORT.md
289,e71ba2dd680550f8e5e7bc92775610581efefbcb506ae8d19345d8781139ff3d,4,legacy_PD_future_window_mean,D:\2026_PD\GitHub\outputs\github_release\PanBorneo_FCD_Forecasting_Reproducibility_Package\reports\experiment_summary_report.md | D:\2026_PD\GitHub\repo_push\2026-PanBorneo-FCD-Forecasting-Reproducibility\reports\experiment_summary_report.md | D:\2026_PD\PanBorneo_prediction_paper_support_data_20260626_120445\05_reports_logs\GitHub__outputs__github_release__PanBorneo_FCD_Forecasting_Reproducibility_Package__reports__experiment_summary_report.md
290,e78310527bd7a10cf81d5fa53763f6e74958b1431dfbbacca0f77332e5cb863e,4,v2.2_point_target_and_audits,D:\CRG_TCN_20260729\01_实验主工程\CRG_TCN_review_v2\package_extracted\02_CRG_TCN_Codex鍒嗛樁娈靛疄楠岃繍琛屾祦绋嬩笌GPT缁撴灉浜や粯鎵嬪唽_v2_鏈€鍚庝竴鍛ㄧ洸娴嬪寮虹増.docx | D:\CRG_TCN_20260729\01_实验主工程\CRG_TCN_review_v2\package_extracted\03_CRG_TCN_experiment_framework_v2_final_week_blind\docs\CRG_TCN_Codex鍒嗛樁娈靛疄楠岃繍琛屾祦绋嬩笌GPT缁撴灉浜や粯鎵嬪唽_v2_鏈€鍚庝竴鍛ㄧ洸娴嬪寮虹増.docx | D:\CRG_TCN_20260729\01_实验主工程\CRG_TCN_review_v2\review_inputs\manual_02.docx
291,e9e1a55a63578321f1b3fa598707a73f4bf419637381d6131f3a109c4f0d4990,4,archive_and_working_sources | legacy_PD_future_window_mean,D:\2026_PD\conference_paper_support_package_20260706\10_CONFIGS_ENVIRONMENT_LOGS\reproducibility_notes.md | D:\2026_PD\GitHub\repo_push\2026-PanBorneo-FCD-Forecasting-Reproducibility\conference_paper_support_package_20260706\10_CONFIGS_ENVIRONMENT_LOGS\reproducibility_notes.md | D:\2026_PD\outputs\paper_data_package_for_gpt_review\10_CONFIGS_ENVIRONMENT_LOGS\reproducibility_notes.md
292,eaa19ed7fd745a80af17e041206c89a5558ad57e1b71a6db17765d8aeae46279,4,T2_environment_multimodal | archive_and_working_sources,D:\2026_07_23\多数据源数据\20260714_2227\checksums_sha256_v2.csv | D:\2026_07_23\多数据源数据\20260714_2227\t2_final_experiment_ready_package_extracted_v2\11_experiment_ready\checksums_sha256_v2.csv | D:\2026_07_23\多数据源数据\20260715\T2_final_V2_complete\11_experiment_ready\checksums_sha256_v2.csv
293,eaa9530f2c42948fa18e121ca55176d9dc4d97804e7ef0559e007bdf14f7ebb4,4,legacy_PD_future_window_mean,D:\2026_PD\GitHub\outputs\github_release\PanBorneo_FCD_Forecasting_Reproducibility_Package\reports\reproducibility_report.md | D:\2026_PD\GitHub\repo_push\2026-PanBorneo-FCD-Forecasting-Reproducibility\reports\reproducibility_report.md | D:\2026_PD\PanBorneo_prediction_paper_support_data_20260626_120445\05_reports_logs\GitHub__outputs__github_release__PanBorneo_FCD_Forecasting_Reproducibility_Package__reports__reproducibility_report.md
294,eb8fb6d02419b6e1081c0b2283040f5100d49e1efc159b9d94f09820bf73b332,4,archive_and_working_sources,D:\2026_07_23\多数据源数据\20260718\scripts\package_release.py | D:\2026_07_23\多数据源数据\20260719\T2_FINAL_EXPERIMENT_PACKAGE\archive\E0_E5_20260718_FROZEN\scripts\package_release.py | D:\2026_07_23\多数据源数据\2026071901\T2_FINAL_EXPERIMENT_PACKAGE\archive\E0_E5_20260718_FROZEN\scripts\package_release.py
295,ece166806c9a8217daba38110a007e9dfd3f031b4093f1ce3df4277bf722b0b4,4,v2.2_point_target_and_audits,D:\CRG_TCN_20260729\AllResult_20260729\CODEX_FINAL_AUDIT_20260729\07_STATISTICAL_REANALYSIS\moving_block_bootstrap_results.csv | D:\CRG_TCN_20260729\AllResult_20260729\CODEX_FINAL_AUDIT_20260729\10_RELEASE_PACKAGES\FULL_LOCAL_AUDIT_PACKAGE\07_STATISTICAL_REANALYSIS\moving_block_bootstrap_results.csv | D:\CRG_TCN_20260729\AllResult_20260729\CODEX_FINAL_AUDIT_20260729\10_RELEASE_PACKAGES\GITHUB_CANDIDATE_PACKAGE\aggregate_results\moving_block_bootstrap_results.csv
296,f061896c6376197cb29acaff1ef0e027a0ac35cd80873c4ef64739271b8306cc,4,legacy_PD_future_window_mean,D:\2026_PD\GitHub\outputs\github_release\PanBorneo_FCD_Forecasting_Reproducibility_Package\docs\leakage_control_protocol.md | D:\2026_PD\GitHub\repo_push\2026-PanBorneo-FCD-Forecasting-Reproducibility\docs\leakage_control_protocol.md | D:\2026_PD\PanBorneo_prediction_paper_support_data_20260626_120445\09_other_usable_support_files\GitHub__outputs__github_release__PanBorneo_FCD_Forecasting_Reproducibility_Package__docs__leakage_control_protocol.md
297,f5c7cef99aa48f3cafa80b4be87072a2a52b9e327f36387fc1e5ea39bd94a72f,4,T2_environment_multimodal | archive_and_working_sources,D:\2026_07_23\多数据源数据\20260714_2227\t2_final_experiment_ready_package_extracted_v2\scripts\build_t2_v2.py | D:\2026_07_23\多数据源数据\20260714_2227\v2_scripts\build_t2_v2.py | D:\2026_07_23\多数据源数据\20260715\T2_final_V2_complete\scripts\build_t2_v2.py
298,f6240798f048ad52f46b5bdc192361813f98b2b7d0b13b3bdf46435d9b47befa,4,archive_and_working_sources | legacy_PD_future_window_mean,D:\2026_PD\conference_paper_support_package_20260706\11_GITHUB_ZENODO_METADATA\LICENSE_NOTE.txt | D:\2026_PD\GitHub\repo_push\2026-PanBorneo-FCD-Forecasting-Reproducibility\conference_paper_support_package_20260706\11_GITHUB_ZENODO_METADATA\LICENSE_NOTE.txt | D:\2026_PD\outputs\paper_data_package_for_gpt_review\11_GITHUB_ZENODO_METADATA\LICENSE_NOTE.txt
299,fc5bf6c3ea90f3a7761d8e88410365203e799e71d6cf2347b887e205c492e816,4,archive_and_working_sources,D:\2026_07_23\多数据源数据\20260718\12_experiments\E7_uq\STATUS.md | D:\2026_07_23\多数据源数据\20260719\T2_FINAL_EXPERIMENT_PACKAGE\archive\E0_E5_20260718_FROZEN\12_experiments\E7_uq\STATUS.md | D:\2026_07_23\多数据源数据\2026071901\T2_FINAL_EXPERIMENT_PACKAGE\archive\E0_E5_20260718_FROZEN\12_experiments\E7_uq\STATUS.md
300,fe3f7065d8037beab387665e4461f43a1b13110ee57250d6ab4316ce80f9fd76,4,archive_and_working_sources,D:\2026_07_23\多数据源数据\20260718\T2_TABLE_SOURCE_DATA\Table01_fcd_imputation_summary.csv | D:\2026_07_23\多数据源数据\20260719\T2_FINAL_EXPERIMENT_PACKAGE\archive\E0_E5_20260718_FROZEN\T2_TABLE_SOURCE_DATA\Table01_fcd_imputation_summary.csv | D:\2026_07_23\多数据源数据\2026071901\T2_FINAL_EXPERIMENT_PACKAGE\archive\E0_E5_20260718_FROZEN\T2_TABLE_SOURCE_DATA\Table01_fcd_imputation_summary.csv
301,fe8cdd558ca558d0a69d25d249010f46f11ce78276ade60439c80b820b8028c5,4,v2.2_point_target_and_audits,D:\CRG_TCN_20260729\AllResult_20260729\CODEX_FINAL_AUDIT_20260729\06_DIRECT_RECURSIVE_ANALYSIS\SHA256SUMS.txt | D:\CRG_TCN_20260729\AllResult_20260729\CODEX_FINAL_AUDIT_20260729\10_RELEASE_PACKAGES\FULL_LOCAL_AUDIT_PACKAGE\06_DIRECT_RECURSIVE_ANALYSIS\SHA256SUMS.txt | D:\CRG_TCN_20260729\AllResult_20260729\CODEX_FINAL_AUDIT_20260729\10_RELEASE_PACKAGES\GPT_REVIEW_PACKAGE\scientific_evidence\06_DIRECT_RECURSIVE_ANALYSIS\SHA256SUMS.txt
302,035d01886886bbb81c906c13d87b19552fefd5b05cb68889f3cd50a25ca44f04,3,archive_and_working_sources,D:\2026_07_23\多数据源数据\20260719\T2_FINAL_EXPERIMENT_PACKAGE\05_E6_ablation\meteorology_ablation\metrics_summary.csv | D:\2026_07_23\多数据源数据\2026071901\GPT_REVIEW_BUNDLE\T2_EVIDENCE\05_E6_ablation\meteorology_ablation\metrics_summary.csv | D:\2026_07_23\多数据源数据\2026071901\T2_FINAL_EXPERIMENT_PACKAGE\05_E6_ablation\meteorology_ablation\metrics_summary.csv
303,03c48a7d46ea2fce827204290f93ad7a5325068502eb15ab82099853a9930f4d,3,v2.2_point_target_and_audits,D:\CRG_TCN_20260729\AllResult_20260729\CODEX_FINAL_AUDIT_20260729\07_STATISTICAL_REANALYSIS\metrics_by_gap.csv | D:\CRG_TCN_20260729\AllResult_20260729\CODEX_FINAL_AUDIT_20260729\10_RELEASE_PACKAGES\FULL_LOCAL_AUDIT_PACKAGE\07_STATISTICAL_REANALYSIS\metrics_by_gap.csv | D:\CRG_TCN_20260729\AllResult_20260729\CODEX_FINAL_AUDIT_20260729\10_RELEASE_PACKAGES\GPT_REVIEW_PACKAGE\scientific_evidence\07_STATISTICAL_REANALYSIS\metrics_by_gap.csv
304,03ca89ae59c4d0eee0cff1f60dc18d3ae79806c5aa65924f053e554fa25e5407,3,v2.2_point_target_and_audits,D:\CRG_TCN_20260729\AllResult_20260729\CODEX_FINAL_AUDIT_20260729\09_TABLES_FIGURES\figure_source_data\Figure_1_source.csv | D:\CRG_TCN_20260729\AllResult_20260729\CODEX_FINAL_AUDIT_20260729\10_RELEASE_PACKAGES\FULL_LOCAL_AUDIT_PACKAGE\09_TABLES_FIGURES\figure_source_data\Figure_1_source.csv | D:\CRG_TCN_20260729\AllResult_20260729\CODEX_FINAL_AUDIT_20260729\10_RELEASE_PACKAGES\GPT_REVIEW_PACKAGE\tables_figures\figure_source_data\Figure_1_source.csv
305,03e19f1d747931979f45f2fa3685660a39dc1e997ab1d953abd1c49439d7fb45,3,archive_and_working_sources | v2.2_point_target_and_audits,D:\2026_07_23\AJSE_Phase6_GPT_Review_20260729\01_phase6_evidence\phase5_frozen_manifest.json | D:\CRG_TCN_20260729\01_实验主工程\CRG_TCN_review_v2\package_extracted\03_CRG_TCN_experiment_framework_v2_final_week_blind\manifests\v2_2_2of4\phase5_frozen_manifest.json | D:\CRG_TCN_20260729\02_论文审计与投稿\AJSE_Audit_Export\20260729_GitHub\manifests\v2_2_2of4\phase5_frozen_manifest.json
306,0407729a221799edd5162fd6c75298ea03cbc6aa94151239719b28814c61d492,3,archive_and_working_sources,D:\2026_07_23\多数据源数据\20260719\T2_FINAL_EXPERIMENT_PACKAGE\12_figure_source_data\Fig1_corridor_environmental_grids\data_definition.txt | D:\2026_07_23\多数据源数据\2026071901\GPT_REVIEW_BUNDLE\T2_EVIDENCE\12_figure_source_data\Fig1_corridor_environmental_grids\data_definition.txt | D:\2026_07_23\多数据源数据\2026071901\T2_FINAL_EXPERIMENT_PACKAGE\12_figure_source_data\Fig1_corridor_environmental_grids\data_definition.txt
307,05582820780dd009309db8339ea6c81867c7302bdf5f6fc743e1c4e9dd856ac6,3,v2.2_point_target_and_audits,D:\CRG_TCN_20260729\AllResult_20260729\CODEX_FINAL_AUDIT_20260729\03_SCIENTIFIC_VALIDITY\REPORT.md | D:\CRG_TCN_20260729\AllResult_20260729\CODEX_FINAL_AUDIT_20260729\10_RELEASE_PACKAGES\FULL_LOCAL_AUDIT_PACKAGE\03_SCIENTIFIC_VALIDITY\REPORT.md | D:\CRG_TCN_20260729\AllResult_20260729\CODEX_FINAL_AUDIT_20260729\10_RELEASE_PACKAGES\GPT_REVIEW_PACKAGE\stages\03_SCIENTIFIC_VALIDITY\REPORT.md
308,05f1262c474c2e85fc7f914180095cebefed8dd5e396940a25436416eec94e4e,3,T2_environment_multimodal | archive_and_working_sources,D:\2026_07_23\多数据源数据\20260714_2227\archive_v1_deprecated\corrected_scripts\check_doe_apims_hourly_completeness.py | D:\2026_07_23\多数据源数据\20260714_2227\corrected_scripts\check_doe_apims_hourly_completeness.py | D:\2026_T2_ENV\scripts\check_doe_apims_hourly_completeness.py
309,06af4e52b091cd66cfabeb30b76a45581af14890bd2fca53f1980d017548986a,3,legacy_PD_future_window_mean,D:\2026_PD\outputs\tables\phase9b_figure_mae_mean_std.csv | D:\2026_PD\PanBorneo_prediction_paper_support_data_20260626_120445\03_experiment_metrics_tables\outputs__tables__phase9b_figure_mae_mean_std.csv | D:\2026_PD\PanBorneo_prediction_paper_support_data_20260626_120906\03_experiment_metrics_tables\outputs__tables__phase9b_figure_mae_mean_std.csv
310,07bb375f10e6f5d401ce73c0de06d1d166e3174626c5096f89c630260c28abde,3,archive_and_working_sources,D:\2026_07_23\多数据源数据\20260719\T2_FINAL_EXPERIMENT_PACKAGE\08_sensitivity_analysis\stratified_sensitivity_metrics.csv | D:\2026_07_23\多数据源数据\2026071901\GPT_REVIEW_BUNDLE\T2_EVIDENCE\08_sensitivity_analysis\stratified_sensitivity_metrics.csv | D:\2026_07_23\多数据源数据\2026071901\T2_FINAL_EXPERIMENT_PACKAGE\08_sensitivity_analysis\stratified_sensitivity_metrics.csv
311,094d37438f811fd5a79f17127a600866eba12eda63565de901dd89752257014d,3,legacy_PD_future_window_mean,D:\2026_PD\outputs\tables\phase10_benchmark_summary_by_horizon.csv | D:\2026_PD\PanBorneo_prediction_paper_support_data_20260626_120445\03_experiment_metrics_tables\outputs__tables__phase10_benchmark_summary_by_horizon.csv | D:\2026_PD\PanBorneo_prediction_paper_support_data_20260626_120906\03_experiment_metrics_tables\outputs__tables__phase10_benchmark_summary_by_horizon.csv
312,0974f577f42544f37553c16bbafb2900ae51136d77fc7d1db945d35d2a597238,3,archive_and_working_sources,D:\2026_07_23\多数据源数据\20260719\T2_FINAL_EXPERIMENT_PACKAGE\14_final_reports\T2_FINAL_EXPERIMENT_REPORT.md | D:\2026_07_23\多数据源数据\2026071901\GPT_REVIEW_BUNDLE\T2_EVIDENCE\14_final_reports\T2_FINAL_EXPERIMENT_REPORT.md | D:\2026_07_23\多数据源数据\2026071901\T2_FINAL_EXPERIMENT_PACKAGE\14_final_reports\T2_FINAL_EXPERIMENT_REPORT.md
313,0983467dbbe63dc2f1831c232b76e95910826ecc4e616a0d0ba0199561d50870,3,v2.2_point_target_and_audits,D:\CRG_TCN_20260729\AllResult_20260729\CODEX_FINAL_AUDIT_20260729\07_STATISTICAL_REANALYSIS\metrics_by_volatility.csv | D:\CRG_TCN_20260729\AllResult_20260729\CODEX_FINAL_AUDIT_20260729\10_RELEASE_PACKAGES\FULL_LOCAL_AUDIT_PACKAGE\07_STATISTICAL_REANALYSIS\metrics_by_volatility.csv | D:\CRG_TCN_20260729\AllResult_20260729\CODEX_FINAL_AUDIT_20260729\10_RELEASE_PACKAGES\GPT_REVIEW_PACKAGE\scientific_evidence\07_STATISTICAL_REANALYSIS\metrics_by_volatility.csv
314,0a14583a8415d944422971c5b655775d506c23e7058ae122230704521b563c84,3,v2.2_point_target_and_audits,D:\CRG_TCN_20260729\AllResult_20260729\CODEX_FINAL_AUDIT_20260729\10_RELEASE_PACKAGES\NEXT_EXPERIMENT_PLAN.md | D:\CRG_TCN_20260729\AllResult_20260729\CODEX_FINAL_AUDIT_20260729\10_RELEASE_PACKAGES\FULL_LOCAL_AUDIT_PACKAGE\10_RELEASE_PACKAGES\NEXT_EXPERIMENT_PLAN.md | D:\CRG_TCN_20260729\AllResult_20260729\CODEX_FINAL_AUDIT_20260729\10_RELEASE_PACKAGES\GPT_REVIEW_PACKAGE\NEXT_EXPERIMENT_PLAN.md
315,0a2aba544268c74ab3851ef95afa3c903e6cbc6f59653530d333d313cf5716b8,3,v2.2_point_target_and_audits,D:\CRG_TCN_20260729\AllResult_20260729\CODEX_FINAL_AUDIT_20260729\07_STATISTICAL_REANALYSIS\metrics_by_spatial_block.csv | D:\CRG_TCN_20260729\AllResult_20260729\CODEX_FINAL_AUDIT_20260729\10_RELEASE_PACKAGES\FULL_LOCAL_AUDIT_PACKAGE\07_STATISTICAL_REANALYSIS\metrics_by_spatial_block.csv | D:\CRG_TCN_20260729\AllResult_20260729\CODEX_FINAL_AUDIT_20260729\10_RELEASE_PACKAGES\GPT_REVIEW_PACKAGE\scientific_evidence\07_STATISTICAL_REANALYSIS\metrics_by_spatial_block.csv
316,0a892947c69d05fd4ca6d87d75231ee1d0837b21a928a27fef4bc0689e7369d6,3,v2.2_point_target_and_audits,D:\CRG_TCN_20260729\AllResult_20260729\CODEX_FINAL_AUDIT_20260729\10_RELEASE_PACKAGES\README_FOR_GITHUB_PREPARATION.md | D:\CRG_TCN_20260729\AllResult_20260729\CODEX_FINAL_AUDIT_20260729\10_RELEASE_PACKAGES\FULL_LOCAL_AUDIT_PACKAGE\10_RELEASE_PACKAGES\README_FOR_GITHUB_PREPARATION.md | D:\CRG_TCN_20260729\AllResult_20260729\CODEX_FINAL_AUDIT_20260729\10_RELEASE_PACKAGES\GPT_REVIEW_PACKAGE\release_audits\README_FOR_GITHUB_PREPARATION.md
317,0a9cd698611030d674a6fbe71c9f7a59d37db1cdf2a4883e7eb0b5c7d177b95d,3,T2_environment_multimodal | archive_and_working_sources,D:\2026_07_23\多数据源数据\20260714_2227\archive_v1_deprecated\corrected_scripts\download_and_audit_openmeteo_weather.py | D:\2026_07_23\多数据源数据\20260714_2227\corrected_scripts\download_and_audit_openmeteo_weather.py | D:\2026_T2_ENV\scripts\download_and_audit_openmeteo_weather.py
318,1159efa72619e166d3a7b3c046ee20091aa693e167a301e644cce1456fee1805,3,v2.2_point_target_and_audits,D:\CRG_TCN_20260729\AllResult_20260729\CODEX_FINAL_AUDIT_20260729\00_MASTER_CONTROL\SHA256SUMS.txt | D:\CRG_TCN_20260729\AllResult_20260729\CODEX_FINAL_AUDIT_20260729\10_RELEASE_PACKAGES\FULL_LOCAL_AUDIT_PACKAGE\00_MASTER_CONTROL\SHA256SUMS.txt | D:\CRG_TCN_20260729\AllResult_20260729\CODEX_FINAL_AUDIT_20260729\10_RELEASE_PACKAGES\GPT_REVIEW_PACKAGE\stages\00_MASTER_CONTROL\SHA256SUMS.txt
319,117d49c98be2887d362538bceda403d47c772f6ab6bf054e8d3d62971e89d35c,3,T2_environment_multimodal | archive_and_working_sources,D:\2026_07_23\多数据源数据\20260714_2227\archive_v1_deprecated\corrected_scripts\fix_wind_gust_ratio.py | D:\2026_07_23\多数据源数据\20260714_2227\corrected_scripts\fix_wind_gust_ratio.py | D:\2026_T2_ENV\scripts\fix_wind_gust_ratio.py
320,11d4e537c66e87b9e676048e60a81494099b8ddf068e345a5cb2ad1c8ce0ca1d,3,archive_and_working_sources | v2.2_point_target_and_audits,D:\2026_07_23\AJSE_Phase6_GPT_Review_20260729\01_phase6_evidence\phase6_frozen_manifest.json | D:\CRG_TCN_20260729\01_实验主工程\CRG_TCN_review_v2\package_extracted\03_CRG_TCN_experiment_framework_v2_final_week_blind\manifests\v2_2_2of4\phase6_frozen_manifest.json | D:\CRG_TCN_20260729\02_论文审计与投稿\AJSE_Audit_Export\20260729_GitHub\manifests\v2_2_2of4\phase6_frozen_manifest.json
321,12538fdafba601bef4c8d86b8cf5fc4184e1491cfcc7dbc4b040712db3ec4c83,3,legacy_PD_future_window_mean | v2.2_point_target_and_audits,D:\2026_PD\outputs\final_plot_table_data\main_figures\Fig06_error_heterogeneity_summary.csv | D:\CRG_TCN_20260729\02_论文审计与投稿\AJSE_Audit_Export\AJSE_Audit_Core\09_figures_tables_sources\figure_candidate_data\Fig06_candidate_data\Fig06_error_heterogeneity_summary.csv | D:\CRG_TCN_20260729\02_论文审计与投稿\AJSE_Audit_Export\AJSE_Audit_Core\09_figures_tables_sources\figure_candidate_data\Fig06_candidate_data\final_stratified_interpretation.csv
322,1287aa02efcf805dd17a2920bae89b9c82a506e9d3bb21a5da81bdb28a66145c,3,legacy_PD_future_window_mean,D:\2026_PD\outputs\tables\phase8_top_difficult_samples.csv | D:\2026_PD\PanBorneo_prediction_paper_support_data_20260626_120445\03_experiment_metrics_tables\outputs__tables__phase8_top_difficult_samples.csv | D:\2026_PD\PanBorneo_prediction_paper_support_data_20260626_120906\03_experiment_metrics_tables\outputs__tables__phase8_top_difficult_samples.csv
323,14646c35dc112b374c700e5f3b7d91f692bd2633a2266254ae0b0d846c4c9c4b,3,archive_and_working_sources,D:\2026_07_23\多数据源数据\20260719\T2_FINAL_EXPERIMENT_PACKAGE\14_final_reports\PHASE1_FINAL_DATA_FREEZE_REPORT.md | D:\2026_07_23\多数据源数据\2026071901\GPT_REVIEW_BUNDLE\T2_EVIDENCE\14_final_reports\PHASE1_FINAL_DATA_FREEZE_REPORT.md | D:\2026_07_23\多数据源数据\2026071901\T2_FINAL_EXPERIMENT_PACKAGE\14_final_reports\PHASE1_FINAL_DATA_FREEZE_REPORT.md
324,15e62d03fff1c2fb932b00c775fc1ebbf75a1e4ba4aaeb4f7f98a8547572f25a,3,legacy_PD_future_window_mean | v2.2_point_target_and_audits,D:\2026_PD\outputs\manuscript_package\phase19_applied_intelligence\source_tables\phase14_robustness_statistical_tests.csv | D:\2026_PD\outputs\tables\phase14_robustness_statistical_tests.csv | D:\CRG_TCN_20260729\02_论文审计与投稿\AJSE_Audit_Export\AJSE_Audit_Core\09_figures_tables_sources\figure_candidate_data\Fig07_candidate_data\phase14_robustness_statistical_tests.csv
325,17668ef642eeb8a88c782e9175e9414c402fe4690ef24490d8169482b7219711,3,v2.2_point_target_and_audits,D:\CRG_TCN_20260729\AllResult_20260729\CODEX_FINAL_AUDIT_20260729\09_TABLES_FIGURES\tables\Table_2.md | D:\CRG_TCN_20260729\AllResult_20260729\CODEX_FINAL_AUDIT_20260729\10_RELEASE_PACKAGES\FULL_LOCAL_AUDIT_PACKAGE\09_TABLES_FIGURES\tables\Table_2.md | D:\CRG_TCN_20260729\AllResult_20260729\CODEX_FINAL_AUDIT_20260729\10_RELEASE_PACKAGES\GPT_REVIEW_PACKAGE\tables_figures\tables\Table_2.md
326,18a9f3a65ebc2d35f0984593ff1048065bc350c629d361b2ae6a383954bbb2d3,3,legacy_PD_future_window_mean,D:\2026_PD\20260623\PanBorneo_二区投稿实验写作执行方案.docx | D:\2026_PD\PanBorneo_prediction_paper_support_data_20260626_120445\09_other_usable_support_files\20260623__PanBorneo_二区投稿实验写作执行方案.docx | D:\2026_PD\PanBorneo_prediction_paper_support_data_20260626_120906\09_other_usable_support_files\20260623__PanBorneo_二区投稿实验写作执行方案.docx
327,1a26036cd1bafe23ceac20e1743d05bc2f51852da577b8a69cdb38b257f9532a,3,archive_and_working_sources,D:\2026_07_23\多数据源数据\20260719\T2_FINAL_EXPERIMENT_PACKAGE\09_E7_UQ\uq_metrics_overall_summary.csv | D:\2026_07_23\多数据源数据\2026071901\GPT_REVIEW_BUNDLE\T2_EVIDENCE\09_E7_UQ\uq_metrics_overall_summary.csv | D:\2026_07_23\多数据源数据\2026071901\T2_FINAL_EXPERIMENT_PACKAGE\09_E7_UQ\uq_metrics_overall_summary.csv
328,1a47cf320f80b2a0477a0799e79eba9ddbdd4b6cd97a51958e8b0db37b313bf0,3,v2.2_point_target_and_audits,D:\CRG_TCN_20260729\AllResult_20260729\CODEX_FINAL_AUDIT_20260729\10_RELEASE_PACKAGES\REPORT.md | D:\CRG_TCN_20260729\AllResult_20260729\CODEX_FINAL_AUDIT_20260729\10_RELEASE_PACKAGES\FULL_LOCAL_AUDIT_PACKAGE\10_RELEASE_PACKAGES\REPORT.md | D:\CRG_TCN_20260729\AllResult_20260729\CODEX_FINAL_AUDIT_20260729\10_RELEASE_PACKAGES\GPT_REVIEW_PACKAGE\stages\10_RELEASE_PACKAGES\REPORT.md
329,1a8aa28ad7f6d87d083ba75b351dc817068e55275dfb420ce78da46f6a79466a,3,archive_and_working_sources,D:\2026_07_23\多数据源数据\20260719\T2_FINAL_EXPERIMENT_PACKAGE\09_E7_UQ\uq_metrics_by_scenario.csv | D:\2026_07_23\多数据源数据\2026071901\GPT_REVIEW_BUNDLE\T2_EVIDENCE\09_E7_UQ\uq_metrics_by_scenario.csv | D:\2026_07_23\多数据源数据\2026071901\T2_FINAL_EXPERIMENT_PACKAGE\09_E7_UQ\uq_metrics_by_scenario.csv
330,1aa8e1a5641524bbf7b8be30ec5741e8df535c3fc794a32e442f206d3f677955,3,T2_environment_multimodal | archive_and_working_sources,D:\2026_07_23\多数据源数据\20260714_2227\archive_v1_deprecated\corrected_scripts\finalize_t2_experiment_ready.py | D:\2026_07_23\多数据源数据\20260714_2227\corrected_scripts\finalize_t2_experiment_ready.py | D:\2026_T2_ENV\scripts\finalize_t2_experiment_ready.py
331,1b6d009dc9ad5c1c6f226cbb6f512a37bb60539e02768d1a4debcba075d924d2,3,legacy_PD_future_window_mean,D:\2026_PD\20260623\PanBorneo_50篇SCI文献研究空白分析报告_中文描述版.docx | D:\2026_PD\PanBorneo_prediction_paper_support_data_20260626_120445\09_other_usable_support_files\20260623__PanBorneo_50篇SCI文献研究空白分析报告_中文描述版.docx | D:\2026_PD\PanBorneo_prediction_paper_support_data_20260626_120906\09_other_usable_support_files\20260623__PanBorneo_50篇SCI文献研究空白分析报告_中文描述版.docx
332,1bda893893ba5b8345ba99692ca4a44af6ac69f6e5b92745535d7d7b32c76b39,3,archive_and_working_sources,D:\2026_07_23\多数据源数据\20260719\T2_FINAL_EXPERIMENT_PACKAGE\07_reliability_analysis\interaction_metrics_by_seed.csv | D:\2026_07_23\多数据源数据\2026071901\GPT_REVIEW_BUNDLE\T2_EVIDENCE\07_reliability_analysis\interaction_metrics_by_seed.csv | D:\2026_07_23\多数据源数据\2026071901\T2_FINAL_EXPERIMENT_PACKAGE\07_reliability_analysis\interaction_metrics_by_seed.csv
333,1be3607d30e0fda4786b6b1f6746c29f4766b80790c9ad861aeb4fa5102fe6de,3,v2.2_point_target_and_audits,D:\CRG_TCN_20260729\AllResult_20260729\CODEX_FINAL_AUDIT_20260729\08_CLAIM_EVIDENCE\discussion_required_limitations.md | D:\CRG_TCN_20260729\AllResult_20260729\CODEX_FINAL_AUDIT_20260729\10_RELEASE_PACKAGES\FULL_LOCAL_AUDIT_PACKAGE\08_CLAIM_EVIDENCE\discussion_required_limitations.md | D:\CRG_TCN_20260729\AllResult_20260729\CODEX_FINAL_AUDIT_20260729\10_RELEASE_PACKAGES\GPT_REVIEW_PACKAGE\scientific_evidence\08_CLAIM_EVIDENCE\discussion_required_limitations.md
334,212254be6c58feffe19bc52dd9adaaa82150978614ad10a4b38e452676a2457d,3,v2.2_point_target_and_audits,D:\CRG_TCN_20260729\AllResult_20260729\CODEX_FINAL_AUDIT_20260729\09_TABLES_FIGURES\tables\Table_1.md | D:\CRG_TCN_20260729\AllResult_20260729\CODEX_FINAL_AUDIT_20260729\10_RELEASE_PACKAGES\FULL_LOCAL_AUDIT_PACKAGE\09_TABLES_FIGURES\tables\Table_1.md | D:\CRG_TCN_20260729\AllResult_20260729\CODEX_FINAL_AUDIT_20260729\10_RELEASE_PACKAGES\GPT_REVIEW_PACKAGE\tables_figures\tables\Table_1.md
335,227e95a410b53e57f64466f49f280fe4e29ebdbaa2593b7ad64ec0fb18dbaf07,3,archive_and_working_sources,D:\2026_07_23\多数据源数据\20260719\T2_FINAL_EXPERIMENT_PACKAGE\05_E6_ablation\modality_ablation\metrics_with_deltas.csv | D:\2026_07_23\多数据源数据\2026071901\GPT_REVIEW_BUNDLE\T2_EVIDENCE\05_E6_ablation\modality_ablation\metrics_with_deltas.csv | D:\2026_07_23\多数据源数据\2026071901\T2_FINAL_EXPERIMENT_PACKAGE\05_E6_ablation\modality_ablation\metrics_with_deltas.csv
336,2331dc48f6befd0ab4061f6df7c8d8d58bc180ff9e8a6dfba8a25208348d812b,3,v2.2_point_target_and_audits,D:\CRG_TCN_20260729\01_实验主工程\CRG_TCN_review_v2\package_extracted\03_CRG_TCN_experiment_framework_v2_final_week_blind\configs\base.yaml | D:\CRG_TCN_20260729\02_论文审计与投稿\AJSE_Audit_Export\20260729_GitHub\configs\base.yaml | D:\CRG_TCN_20260729\AllResult_20260729\CODEX_FINAL_AUDIT_20260729\10_RELEASE_PACKAGES\GPT_REVIEW_PACKAGE\key_configs\base.yaml
337,247cf8c8efac7ed5c1d7b3b0ad41a05357de3d2605f1505343e4d498608999aa,3,legacy_PD_future_window_mean,D:\2026_PD\outputs\tables\phase9_seed_runtime_summary.csv | D:\2026_PD\PanBorneo_prediction_paper_support_data_20260626_120445\03_experiment_metrics_tables\outputs__tables__phase9_seed_runtime_summary.csv | D:\2026_PD\PanBorneo_prediction_paper_support_data_20260626_120906\03_experiment_metrics_tables\outputs__tables__phase9_seed_runtime_summary.csv
338,2670e22c2d1973c1147c80fcf8fda0fbee62b6f17b6ee53772002f3a779eb27e,3,legacy_PD_future_window_mean,D:\2026_PD\GitHub\outputs\github_release\PanBorneo_FCD_Forecasting_Reproducibility_Package\scripts\original_project_scripts\phase12a_prepare_plot_data.py | D:\2026_PD\PanBorneo_prediction_paper_support_data_20260626_120445\02_plotting_data\GitHub__outputs__github_release__PanBorneo_FCD_Forecasting_Reproducibility_Package__scripts__original_project_scripts__phase12a_prepare_plot_data.py | D:\2026_PD\PanBorneo_prediction_paper_support_data_20260626_120906\02_plotting_data\GitHub__outputs__github_release__PanBorneo_FCD_Forecasting_Reproducibility_Package__scripts__original_project_scripts__phase12a_prepare_plot_data.py
339,269c3a004bd282427c9538da7fc543b1358f0a779f3df4063a918e4cd3224897,3,v2.2_point_target_and_audits,D:\CRG_TCN_20260729\AllResult_20260729\CODEX_FINAL_AUDIT_20260729\09_TABLES_FIGURES\FIGURE_SOURCE_MAPPING.csv | D:\CRG_TCN_20260729\AllResult_20260729\CODEX_FINAL_AUDIT_20260729\10_RELEASE_PACKAGES\FULL_LOCAL_AUDIT_PACKAGE\09_TABLES_FIGURES\FIGURE_SOURCE_MAPPING.csv | D:\CRG_TCN_20260729\AllResult_20260729\CODEX_FINAL_AUDIT_20260729\10_RELEASE_PACKAGES\GPT_REVIEW_PACKAGE\tables_figures\FIGURE_SOURCE_MAPPING.csv
340,273d00a32680f01261e33a16f1073f299c210551c3147082b26fc174fe6cbec3,3,v2.2_point_target_and_audits | v2.2_point_target_quarantine,D:\2026_AJSE_FINAL_QUARANTINE\AJSE_non_Phase2A_20260730_093635\AJSE_P8_GPT_Review_Core_20260729_2047\results\P8_v2_2_final_week_comparison\metrics_by_day.csv | D:\CRG_TCN_20260729\01_实验主工程\CRG_TCN_review_v2\package_extracted\03_CRG_TCN_experiment_framework_v2_final_week_blind\results\P8_v2_2_final_week_comparison\metrics_by_day.csv | D:\CRG_TCN_20260729\02_论文审计与投稿\AJSE_Audit_Export\20260729_GitHub\results\P8_v2_2_final_week_comparison\metrics_by_day.csv
341,298c455135dcf5155707740d0657a258d48afda77fee131a6227abedf4d1ddaf,3,legacy_PD_future_window_mean | v2.2_point_target_and_audits,D:\2026_PD\outputs\manuscript_package\phase19_applied_intelligence\source_tables\phase14_feature_ablation_statistical_tests.csv | D:\2026_PD\outputs\tables\phase14_feature_ablation_statistical_tests.csv | D:\CRG_TCN_20260729\02_论文审计与投稿\AJSE_Audit_Export\AJSE_Audit_Core\09_figures_tables_sources\figure_candidate_data\Fig04_candidate_data\phase14_feature_ablation_statistical_tests.csv
342,2995eb8f6bb5e80cc4f2492ae0f9a52100bc894e79c55728f2b6ea135d311d39,3,v2.2_point_target_and_audits,D:\CRG_TCN_20260729\AllResult_20260729\CODEX_FINAL_AUDIT_20260729\00_MASTER_CONTROL\COMMANDS_EXECUTED.txt | D:\CRG_TCN_20260729\AllResult_20260729\CODEX_FINAL_AUDIT_20260729\10_RELEASE_PACKAGES\FULL_LOCAL_AUDIT_PACKAGE\00_MASTER_CONTROL\COMMANDS_EXECUTED.txt | D:\CRG_TCN_20260729\AllResult_20260729\CODEX_FINAL_AUDIT_20260729\10_RELEASE_PACKAGES\GPT_REVIEW_PACKAGE\stages\00_MASTER_CONTROL\COMMANDS_EXECUTED.txt
343,2ac4d6d7f2bef78214065f94a8b4269b23f596dd0a186018a8ae9cea0ba2d327,3,archive_and_working_sources,D:\2026_07_23\多数据源数据\20260719\T2_FINAL_EXPERIMENT_PACKAGE\03_E0_baselines\metrics_summary.csv | D:\2026_07_23\多数据源数据\2026071901\GPT_REVIEW_BUNDLE\T2_EVIDENCE\03_E0_baselines\metrics_summary.csv | D:\2026_07_23\多数据源数据\2026071901\T2_FINAL_EXPERIMENT_PACKAGE\03_E0_baselines\metrics_summary.csv
344,2d7d52d10860845b788ef812743c04a1fc8a21ad6e3db45be652eb450b8875bf,3,v2.2_point_target_and_audits,D:\CRG_TCN_20260729\AllResult_20260729\CODEX_FINAL_AUDIT_20260729\00_MASTER_CONTROL\REPORT.md | D:\CRG_TCN_20260729\AllResult_20260729\CODEX_FINAL_AUDIT_20260729\10_RELEASE_PACKAGES\FULL_LOCAL_AUDIT_PACKAGE\00_MASTER_CONTROL\REPORT.md | D:\CRG_TCN_20260729\AllResult_20260729\CODEX_FINAL_AUDIT_20260729\10_RELEASE_PACKAGES\GPT_REVIEW_PACKAGE\stages\00_MASTER_CONTROL\REPORT.md
345,2f80394d876cac7c4a8371f0db7248ec720515e2b60ea483e855531bbdd3503f,3,v2.2_point_target_and_audits,D:\CRG_TCN_20260729\AllResult_20260729\CODEX_FINAL_AUDIT_20260729\05_ROBUSTNESS_ANALYSIS\COMMANDS_EXECUTED.txt | D:\CRG_TCN_20260729\AllResult_20260729\CODEX_FINAL_AUDIT_20260729\10_RELEASE_PACKAGES\FULL_LOCAL_AUDIT_PACKAGE\05_ROBUSTNESS_ANALYSIS\COMMANDS_EXECUTED.txt | D:\CRG_TCN_20260729\AllResult_20260729\CODEX_FINAL_AUDIT_20260729\10_RELEASE_PACKAGES\GPT_REVIEW_PACKAGE\scientific_evidence\05_ROBUSTNESS_ANALYSIS\COMMANDS_EXECUTED.txt
346,2fc1807dcb08aceddaaff164d7a048fd3def85379ede48482d5c0efdca8510cf,3,T2_environment_multimodal | archive_and_working_sources,D:\2026_07_23\多数据源数据\20260714_2227\archive_v1_deprecated\corrected_scripts\check_rainfall_validation_completeness.py | D:\2026_07_23\多数据源数据\20260714_2227\corrected_scripts\check_rainfall_validation_completeness.py | D:\2026_T2_ENV\scripts\check_rainfall_validation_completeness.py
347,2ffa39b25ef99ee8bde2c91ec9cccd0715f1173b9dd68bbfe70b51b8e2d40b97,3,v2.2_point_target_and_audits | v2.2_point_target_quarantine,D:\2026_AJSE_FINAL_QUARANTINE\AJSE_non_Phase2A_20260730_093635\AJSE_P8_GPT_Review_Core_20260729_2047\results\P8_v2_2_final_week_comparison\metrics_overall.csv | D:\CRG_TCN_20260729\01_实验主工程\CRG_TCN_review_v2\package_extracted\03_CRG_TCN_experiment_framework_v2_final_week_blind\results\P8_v2_2_final_week_comparison\metrics_overall.csv | D:\CRG_TCN_20260729\02_论文审计与投稿\AJSE_Audit_Export\20260729_GitHub\results\P8_v2_2_final_week_comparison\metrics_overall.csv
348,30c0e1904d125f7b3f5b7201735486bce739fa64795e644cfa7ec4e174643fa1,3,v2.2_point_target_and_audits,D:\CRG_TCN_20260729\AllResult_20260729\CODEX_FINAL_AUDIT_20260729\07_STATISTICAL_REANALYSIS\metrics_by_weekpart.csv | D:\CRG_TCN_20260729\AllResult_20260729\CODEX_FINAL_AUDIT_20260729\10_RELEASE_PACKAGES\FULL_LOCAL_AUDIT_PACKAGE\07_STATISTICAL_REANALYSIS\metrics_by_weekpart.csv | D:\CRG_TCN_20260729\AllResult_20260729\CODEX_FINAL_AUDIT_20260729\10_RELEASE_PACKAGES\GPT_REVIEW_PACKAGE\scientific_evidence\07_STATISTICAL_REANALYSIS\metrics_by_weekpart.csv
349,31141d10977e524cc5cfcb1195057301aeb2814501af19476043079364074237,3,v2.2_point_target_and_audits,D:\CRG_TCN_20260729\AllResult_20260729\CODEX_FINAL_AUDIT_20260729\09_TABLES_FIGURES\figure_generation_scripts\generate_figure_5.py | D:\CRG_TCN_20260729\AllResult_20260729\CODEX_FINAL_AUDIT_20260729\10_RELEASE_PACKAGES\FULL_LOCAL_AUDIT_PACKAGE\09_TABLES_FIGURES\figure_generation_scripts\generate_figure_5.py | D:\CRG_TCN_20260729\AllResult_20260729\CODEX_FINAL_AUDIT_20260729\10_RELEASE_PACKAGES\GPT_REVIEW_PACKAGE\tables_figures\figure_generation_scripts\generate_figure_5.py
350,323dd2e7856af6fd7991bac29a5bf2a2bc86c9e7a1de5df1892458d601f90d63,3,v2.2_point_target_and_audits,D:\CRG_TCN_20260729\AllResult_20260729\CODEX_FINAL_AUDIT_20260729\10_RELEASE_PACKAGES\最终补全与复核报告_中文.md | D:\CRG_TCN_20260729\AllResult_20260729\CODEX_FINAL_AUDIT_20260729\10_RELEASE_PACKAGES\FULL_LOCAL_AUDIT_PACKAGE\10_RELEASE_PACKAGES\最终补全与复核报告_中文.md | D:\CRG_TCN_20260729\AllResult_20260729\CODEX_FINAL_AUDIT_20260729\10_RELEASE_PACKAGES\GPT_REVIEW_PACKAGE\最终补全与复核报告_中文.md
351,32e708c09ac06b1155f2841a06185bcd9d80253d85e5a3948eebd5740a2eb9e9,3,v2.2_point_target_and_audits,D:\CRG_TCN_20260729\AllResult_20260729\CODEX_FINAL_AUDIT_20260729\10_RELEASE_PACKAGES\secret_scan_report.md | D:\CRG_TCN_20260729\AllResult_20260729\CODEX_FINAL_AUDIT_20260729\10_RELEASE_PACKAGES\FULL_LOCAL_AUDIT_PACKAGE\10_RELEASE_PACKAGES\secret_scan_report.md | D:\CRG_TCN_20260729\AllResult_20260729\CODEX_FINAL_AUDIT_20260729\10_RELEASE_PACKAGES\GPT_REVIEW_PACKAGE\release_audits\secret_scan_report.md
352,33a48dd60ea9e2b63f64efecbb080cc24da94ac602d7633f69fa4a5c76e29416,3,v2.2_point_target_and_audits,D:\CRG_TCN_20260729\AllResult_20260729\CODEX_FINAL_AUDIT_20260729\09_TABLES_FIGURES\figure_generation_scripts\generate_figure_3.py | D:\CRG_TCN_20260729\AllResult_20260729\CODEX_FINAL_AUDIT_20260729\10_RELEASE_PACKAGES\FULL_LOCAL_AUDIT_PACKAGE\09_TABLES_FIGURES\figure_generation_scripts\generate_figure_3.py | D:\CRG_TCN_20260729\AllResult_20260729\CODEX_FINAL_AUDIT_20260729\10_RELEASE_PACKAGES\GPT_REVIEW_PACKAGE\tables_figures\figure_generation_scripts\generate_figure_3.py
353,36cbd63d5c5462f5c798a6f7ce6837e069c1bdd18baae1b708be54579eff3787,3,v2.2_point_target_and_audits | v2.2_point_target_quarantine,D:\2026_AJSE_FINAL_QUARANTINE\AJSE_non_Phase2A_20260730_093635\AJSE_P8_GPT_Review_Core_20260729_2047\manifests\v2_2_2of4\phase7_final_week_integrity_audit_attempt1_config_placeholder.json | D:\CRG_TCN_20260729\01_实验主工程\CRG_TCN_review_v2\package_extracted\03_CRG_TCN_experiment_framework_v2_final_week_blind\manifests\v2_2_2of4\phase7_final_week_integrity_audit_attempt1_config_placeholder.json | D:\CRG_TCN_20260729\02_论文审计与投稿\AJSE_Audit_Export\20260729_GitHub\manifests\v2_2_2of4\phase7_final_week_integrity_audit_attempt1_config_placeholder.json
354,36d963b27af186b92af2e2935b6c3991ec6485f65513c3ec6d27bf53e91cbd21,3,v2.2_point_target_and_audits,D:\CRG_TCN_20260729\AllResult_20260729\CODEX_FINAL_AUDIT_20260729\02_ENGINEERING_INTEGRITY\hash_validation.csv | D:\CRG_TCN_20260729\AllResult_20260729\CODEX_FINAL_AUDIT_20260729\10_RELEASE_PACKAGES\FULL_LOCAL_AUDIT_PACKAGE\02_ENGINEERING_INTEGRITY\hash_validation.csv | D:\CRG_TCN_20260729\AllResult_20260729\CODEX_FINAL_AUDIT_20260729\10_RELEASE_PACKAGES\GPT_REVIEW_PACKAGE\engineering\hash_validation.csv
355,36f36c4a8a4aa2955d879fbf811adcaee89b3e8b281534df91bb66037de18dfa,3,legacy_PD_future_window_mean,D:\2026_PD\data\raw\package_extracted\06_audit\timestamp_parse_report.csv | D:\2026_PD\PanBorneo_prediction_paper_support_data_20260626_120445\05_reports_logs\data__raw__package_extracted__06_audit__timestamp_parse_report.csv | D:\2026_PD\PanBorneo_prediction_paper_support_data_20260626_120906\05_reports_logs\data__raw__package_extracted__06_audit__timestamp_parse_report.csv
356,376306bdfb4f18a53235f6333ce7a10352648bcf9aa93c1d2872451451f87625,3,archive_and_working_sources,D:\2026_07_23\多数据源数据\20260719\T2_FINAL_EXPERIMENT_PACKAGE\05_E6_ablation\atmospheric_ablation\metrics_summary.csv | D:\2026_07_23\多数据源数据\2026071901\GPT_REVIEW_BUNDLE\T2_EVIDENCE\05_E6_ablation\atmospheric_ablation\metrics_summary.csv | D:\2026_07_23\多数据源数据\2026071901\T2_FINAL_EXPERIMENT_PACKAGE\05_E6_ablation\atmospheric_ablation\metrics_summary.csv
357,3932f048a98b65ec6c30689885e6bc7bd7283f3fabd75ed62702eaaf89a9ae6d,3,legacy_PD_future_window_mean,D:\2026_PD\outputs\tables\data_dictionary.csv | D:\2026_PD\PanBorneo_prediction_paper_support_data_20260626_120445\03_experiment_metrics_tables\outputs__tables__data_dictionary.csv | D:\2026_PD\PanBorneo_prediction_paper_support_data_20260626_120906\03_experiment_metrics_tables\outputs__tables__data_dictionary.csv
358,39a94732681a5e071ba14e4dca6fcb234956baee1509f87085c6366dbab1e540,3,archive_and_working_sources,D:\2026_07_23\多数据源数据\20260719\T2_FINAL_EXPERIMENT_PACKAGE\13_table_source_data\Table3_main_forecasting_results.csv | D:\2026_07_23\多数据源数据\2026071901\GPT_REVIEW_BUNDLE\T2_EVIDENCE\13_table_source_data\Table3_main_forecasting_results.csv | D:\2026_07_23\多数据源数据\2026071901\T2_FINAL_EXPERIMENT_PACKAGE\13_table_source_data\Table3_main_forecasting_results.csv
359,3aec0cc1966cd72c4697cc8e4e26947b4119c0639c5e0668db107346ad0c9a80,3,v2.2_point_target_and_audits,D:\CRG_TCN_20260729\AllResult_20260729\CODEX_FINAL_AUDIT_20260729\09_TABLES_FIGURES\figure_generation_scripts\generate_figure_1.py | D:\CRG_TCN_20260729\AllResult_20260729\CODEX_FINAL_AUDIT_20260729\10_RELEASE_PACKAGES\FULL_LOCAL_AUDIT_PACKAGE\09_TABLES_FIGURES\figure_generation_scripts\generate_figure_1.py | D:\CRG_TCN_20260729\AllResult_20260729\CODEX_FINAL_AUDIT_20260729\10_RELEASE_PACKAGES\GPT_REVIEW_PACKAGE\tables_figures\figure_generation_scripts\generate_figure_1.py
360,3ce99b04a9be2cfad0b57dca62ec67dfcb0d9f46bf2aeb5679cd4c9994befb28,3,v2.2_point_target_and_audits,D:\CRG_TCN_20260729\AllResult_20260729\CODEX_FINAL_AUDIT_20260729\07_STATISTICAL_REANALYSIS\metrics_by_coverage.csv | D:\CRG_TCN_20260729\AllResult_20260729\CODEX_FINAL_AUDIT_20260729\10_RELEASE_PACKAGES\FULL_LOCAL_AUDIT_PACKAGE\07_STATISTICAL_REANALYSIS\metrics_by_coverage.csv | D:\CRG_TCN_20260729\AllResult_20260729\CODEX_FINAL_AUDIT_20260729\10_RELEASE_PACKAGES\GPT_REVIEW_PACKAGE\scientific_evidence\07_STATISTICAL_REANALYSIS\metrics_by_coverage.csv
361,3d25f9abbb2e009257e1fa910e7c3369478980786b45f2b09a2c0dce397c1873,3,v2.2_point_target_and_audits,D:\CRG_TCN_20260729\AllResult_20260729\CODEX_FINAL_AUDIT_20260729\07_STATISTICAL_REANALYSIS\COMMANDS_EXECUTED.txt | D:\CRG_TCN_20260729\AllResult_20260729\CODEX_FINAL_AUDIT_20260729\10_RELEASE_PACKAGES\FULL_LOCAL_AUDIT_PACKAGE\07_STATISTICAL_REANALYSIS\COMMANDS_EXECUTED.txt | D:\CRG_TCN_20260729\AllResult_20260729\CODEX_FINAL_AUDIT_20260729\10_RELEASE_PACKAGES\GPT_REVIEW_PACKAGE\scientific_evidence\07_STATISTICAL_REANALYSIS\COMMANDS_EXECUTED.txt
362,3f3d9281e8080de1cc175262bd447633b13939610d281c149e5c14bd9c2d5c6b,3,T2_environment_multimodal | archive_and_working_sources,D:\2026_07_23\多数据源数据\20260714_2227\archive_v1_deprecated\corrected_scripts\download_and_audit_openmeteo_air_quality.py | D:\2026_07_23\多数据源数据\20260714_2227\corrected_scripts\download_and_audit_openmeteo_air_quality.py | D:\2026_T2_ENV\scripts\download_and_audit_openmeteo_air_quality.py
363,3f7a1a591995471892b0a7411d0df8dbf551b2872575f04ed2f70dc96d0d14e1,3,archive_and_working_sources,D:\2026_07_23\多数据源数据\20260719\T2_FINAL_EXPERIMENT_PACKAGE\12_figure_source_data\Fig4_modality_comparison\data_definition.txt | D:\2026_07_23\多数据源数据\2026071901\GPT_REVIEW_BUNDLE\T2_EVIDENCE\12_figure_source_data\Fig4_modality_comparison\data_definition.txt | D:\2026_07_23\多数据源数据\2026071901\T2_FINAL_EXPERIMENT_PACKAGE\12_figure_source_data\Fig4_modality_comparison\data_definition.txt
364,4282ba1e53a8aad56a5f980ecafd1b2624d7b1505b051ade5227dd71c58da769,3,v2.2_point_target_and_audits,D:\CRG_TCN_20260729\02_论文审计与投稿\AJSE_Audit_Export\_paper_plot_deps\fontTools\encodings\__init__.py | D:\CRG_TCN_20260729\02_论文审计与投稿\AJSE_Audit_Export\_paper_plot_deps\fontTools\misc\__init__.py | D:\CRG_TCN_20260729\02_论文审计与投稿\AJSE_Audit_Export\_paper_plot_deps\fontTools\pens\__init__.py
365,446b68b643b166ab43a5215c1aee132f61b1d9d3be97d48dae22a6aac756fda3,3,v2.2_point_target_and_audits,D:\CRG_TCN_20260729\AllResult_20260729\CODEX_FINAL_AUDIT_20260729\09_TABLES_FIGURES\COMMANDS_EXECUTED.txt | D:\CRG_TCN_20260729\AllResult_20260729\CODEX_FINAL_AUDIT_20260729\10_RELEASE_PACKAGES\FULL_LOCAL_AUDIT_PACKAGE\09_TABLES_FIGURES\COMMANDS_EXECUTED.txt | D:\CRG_TCN_20260729\AllResult_20260729\CODEX_FINAL_AUDIT_20260729\10_RELEASE_PACKAGES\GPT_REVIEW_PACKAGE\tables_figures\COMMANDS_EXECUTED.txt
366,4510bff4a7b9e227224cbf42d6274d51172c19d22cf6026dd556c45120f3b257,3,legacy_PD_future_window_mean,D:\2026_PD\GitHub\repo_push\2026-PanBorneo-FCD-Forecasting-Reproducibility\figures\README_FIGURES.md | D:\2026_PD\outputs\figure7_fix_backup\20260626_114812\README_FIGURES.md | D:\2026_PD\PanBorneo_prediction_paper_support_data_20260626_120445\04_figure_sources\GitHub__repo_push__2026-PanBorneo-FCD-Forecasting-Reproducibility__figures__README_FIGURES.md
367,457758ec41e77853c49ccd9f11cb1564f9e772a27c5c8b4f9a4fb62009895f95,3,v2.2_point_target_and_audits,D:\CRG_TCN_20260729\01_实验主工程\CRG_TCN_review_v2\package_extracted\03_CRG_TCN_experiment_framework_v2_final_week_blind\configs\p7_preunlock_v2_2_resolved.yaml | D:\CRG_TCN_20260729\02_论文审计与投稿\AJSE_Audit_Export\20260729_GitHub\configs\p7_preunlock_v2_2_resolved.yaml | D:\CRG_TCN_20260729\AllResult_20260729\CODEX_FINAL_AUDIT_20260729\10_RELEASE_PACKAGES\GPT_REVIEW_PACKAGE\key_configs\p7_preunlock_v2_2_resolved.yaml
368,4657f39b7526eda826307f472640368dffca1877b60b14a697b620ef0d88d831,3,v2.2_point_target_and_audits,D:\CRG_TCN_20260729\01_实验主工程\CRG_TCN_review_v2\package_extracted\03_CRG_TCN_experiment_framework_v2_final_week_blind\requirements.txt | D:\CRG_TCN_20260729\02_论文审计与投稿\AJSE_Audit_Export\20260729_GitHub\requirements.txt | D:\CRG_TCN_20260729\02_论文审计与投稿\AJSE_Audit_Export\AJSE_Audit_Core\11_reproducibility\requirements_source_1.txt
369,46784f2b5bda3e55b5caa484fed68ca671496f62db5568e68ad2fd280aca0a12,3,v2.2_point_target_and_audits,D:\CRG_TCN_20260729\AllResult_20260729\CODEX_FINAL_AUDIT_20260729\09_TABLES_FIGURES\figure_source_data\Figure_5_source.csv | D:\CRG_TCN_20260729\AllResult_20260729\CODEX_FINAL_AUDIT_20260729\10_RELEASE_PACKAGES\FULL_LOCAL_AUDIT_PACKAGE\09_TABLES_FIGURES\figure_source_data\Figure_5_source.csv | D:\CRG_TCN_20260729\AllResult_20260729\CODEX_FINAL_AUDIT_20260729\10_RELEASE_PACKAGES\GPT_REVIEW_PACKAGE\tables_figures\figure_source_data\Figure_5_source.csv
370,48876bbd1692f178b1a770b8f2ff8a282bad06cc0c3be4ff3d41fd2ef07d4da1,3,archive_and_working_sources,D:\2026_07_23\多数据源数据\20260719\T2_FINAL_EXPERIMENT_PACKAGE\13_table_source_data\Table4_ablation_uq_sensitivity.csv | D:\2026_07_23\多数据源数据\2026071901\GPT_REVIEW_BUNDLE\T2_EVIDENCE\13_table_source_data\Table4_ablation_uq_sensitivity.csv | D:\2026_07_23\多数据源数据\2026071901\T2_FINAL_EXPERIMENT_PACKAGE\13_table_source_data\Table4_ablation_uq_sensitivity.csv
371,49956bbe9e5803a4fc046b8437a0f2e539420b38855989ff24a6d72259a9ceeb,3,v2.2_point_target_and_audits,D:\CRG_TCN_20260729\AllResult_20260729\CODEX_FINAL_AUDIT_20260729\02_ENGINEERING_INTEGRITY\SHA256SUMS.txt | D:\CRG_TCN_20260729\AllResult_20260729\CODEX_FINAL_AUDIT_20260729\10_RELEASE_PACKAGES\FULL_LOCAL_AUDIT_PACKAGE\02_ENGINEERING_INTEGRITY\SHA256SUMS.txt | D:\CRG_TCN_20260729\AllResult_20260729\CODEX_FINAL_AUDIT_20260729\10_RELEASE_PACKAGES\GPT_REVIEW_PACKAGE\stages\02_ENGINEERING_INTEGRITY\SHA256SUMS.txt
372,4af9e33762061fa704414dba1058ab76313e8847b082c23151584c4d2b8cc144,3,T2_environment_multimodal | archive_and_working_sources,D:\2026_07_23\多数据源数据\20260714_2227\archive_v1_deprecated\corrected_scripts\build_corridor_rain_events.py | D:\2026_07_23\多数据源数据\20260714_2227\corrected_scripts\build_corridor_rain_events.py | D:\2026_T2_ENV\scripts\build_corridor_rain_events.py
373,4baf9da0b4357f8ff3292c82bf02c8842c329887d2188d6b26a8e469c171e895,3,v2.2_point_target_and_audits,D:\CRG_TCN_20260729\AllResult_20260729\CODEX_FINAL_AUDIT_20260729\10_RELEASE_PACKAGES\FINAL_EXECUTIVE_SUMMARY.md | D:\CRG_TCN_20260729\AllResult_20260729\CODEX_FINAL_AUDIT_20260729\10_RELEASE_PACKAGES\FULL_LOCAL_AUDIT_PACKAGE\10_RELEASE_PACKAGES\FINAL_EXECUTIVE_SUMMARY.md | D:\CRG_TCN_20260729\AllResult_20260729\CODEX_FINAL_AUDIT_20260729\10_RELEASE_PACKAGES\GPT_REVIEW_PACKAGE\FINAL_EXECUTIVE_SUMMARY.md
374,4d7adce8f58404d0edda56e75c8ad3788b5e7a0802bd55a8f57dcc04f119c304,3,archive_and_working_sources,D:\2026_07_23\多数据源数据\20260719\T2_FINAL_EXPERIMENT_PACKAGE\14_final_reports\T2_TRANSPORTMETRICA_B_EVIDENCE_SUMMARY.md | D:\2026_07_23\多数据源数据\2026071901\GPT_REVIEW_BUNDLE\T2_EVIDENCE\14_final_reports\T2_TRANSPORTMETRICA_B_EVIDENCE_SUMMARY.md | D:\2026_07_23\多数据源数据\2026071901\T2_FINAL_EXPERIMENT_PACKAGE\14_final_reports\T2_TRANSPORTMETRICA_B_EVIDENCE_SUMMARY.md
375,4ddfd50764a390362504e6a375d124d87c6b9a4806b0f8fd5609d0b6642d3986,3,v2.2_point_target_and_audits,D:\CRG_TCN_20260729\AllResult_20260729\CODEX_FINAL_AUDIT_20260729\10_RELEASE_PACKAGES\FINAL_STATUS_CURRENT.txt | D:\CRG_TCN_20260729\AllResult_20260729\CODEX_FINAL_AUDIT_20260729\10_RELEASE_PACKAGES\FULL_LOCAL_AUDIT_PACKAGE\10_RELEASE_PACKAGES\FINAL_STATUS_CURRENT.txt | D:\CRG_TCN_20260729\AllResult_20260729\CODEX_FINAL_AUDIT_20260729\10_RELEASE_PACKAGES\GPT_REVIEW_PACKAGE\FINAL_STATUS_CURRENT.txt
376,4e3696bbd06985796bf409936a9d265c7f0998c69e83a16b4da7fe0d26eeff07,3,archive_and_working_sources,D:\2026_07_23\多数据源数据\20260719\T2_FINAL_EXPERIMENT_PACKAGE\14_final_reports\T2_FINAL_EVIDENCE_AUDIT.md | D:\2026_07_23\多数据源数据\2026071901\GPT_REVIEW_BUNDLE\T2_EVIDENCE\14_final_reports\T2_FINAL_EVIDENCE_AUDIT.md | D:\2026_07_23\多数据源数据\2026071901\T2_FINAL_EXPERIMENT_PACKAGE\14_final_reports\T2_FINAL_EVIDENCE_AUDIT.md
377,5195f346e1fbf515b6830eb265c6956b5139c34cbf2893ea69e43216871e622a,3,archive_and_working_sources,D:\2026_07_23\多数据源数据\20260719\T2_FINAL_EXPERIMENT_PACKAGE\05_E6_ablation\modality_ablation\metrics_summary.csv | D:\2026_07_23\多数据源数据\2026071901\GPT_REVIEW_BUNDLE\T2_EVIDENCE\05_E6_ablation\modality_ablation\metrics_summary.csv | D:\2026_07_23\多数据源数据\2026071901\T2_FINAL_EXPERIMENT_PACKAGE\05_E6_ablation\modality_ablation\metrics_summary.csv
378,5340cb12ac27e27a5086d0f7cb020152eb34f08cee4b8744d288a665afa0aaf4,3,legacy_PD_future_window_mean,D:\2026_PD\outputs\tables\phase10_figure_mae_mean_std.csv | D:\2026_PD\PanBorneo_prediction_paper_support_data_20260626_120445\03_experiment_metrics_tables\outputs__tables__phase10_figure_mae_mean_std.csv | D:\2026_PD\PanBorneo_prediction_paper_support_data_20260626_120906\03_experiment_metrics_tables\outputs__tables__phase10_figure_mae_mean_std.csv
379,54066d7870540df1e5acfc6e4da2634a763cf382441783f98b0cabe10a6aed5a,3,archive_and_working_sources,D:\2026_07_23\多数据源数据\20260719\T2_FINAL_EXPERIMENT_PACKAGE\09_E7_UQ\uq_metrics_by_reliability.csv | D:\2026_07_23\多数据源数据\2026071901\GPT_REVIEW_BUNDLE\T2_EVIDENCE\09_E7_UQ\uq_metrics_by_reliability.csv | D:\2026_07_23\多数据源数据\2026071901\T2_FINAL_EXPERIMENT_PACKAGE\09_E7_UQ\uq_metrics_by_reliability.csv
380,54981324f527aa4c12f39cf3a7bb0288800c8d5c3a52292058e97ea5b449e8e6,3,v2.2_point_target_and_audits,D:\CRG_TCN_20260729\AllResult_20260729\CODEX_FINAL_AUDIT_20260729\09_TABLES_FIGURES\figure_source_data\Figure_6_source.csv | D:\CRG_TCN_20260729\AllResult_20260729\CODEX_FINAL_AUDIT_20260729\10_RELEASE_PACKAGES\FULL_LOCAL_AUDIT_PACKAGE\09_TABLES_FIGURES\figure_source_data\Figure_6_source.csv | D:\CRG_TCN_20260729\AllResult_20260729\CODEX_FINAL_AUDIT_20260729\10_RELEASE_PACKAGES\GPT_REVIEW_PACKAGE\tables_figures\figure_source_data\Figure_6_source.csv
381,55de4a143efcbd37dde2940e4d21620ddd79ad9f11a3ed157ae821e5dead28c5,3,v2.2_point_target_and_audits,D:\CRG_TCN_20260729\AllResult_20260729\CODEX_FINAL_AUDIT_20260729\10_RELEASE_PACKAGES\FULL_LOCAL_AUDIT_PACKAGE\scripts\07_statistical_reanalysis.py | D:\CRG_TCN_20260729\AllResult_20260729\CODEX_FINAL_AUDIT_20260729\10_RELEASE_PACKAGES\GPT_REVIEW_PACKAGE\audit_scripts\07_statistical_reanalysis.py | D:\CRG_TCN_20260729\AllResult_20260729\CODEX_FINAL_AUDIT_20260729\scripts\07_statistical_reanalysis.py
382,5686ef0f88fc04a2212d36e379ba68010867e07c8446594858151821f2872a75,3,v2.2_point_target_and_audits,D:\CRG_TCN_20260729\AllResult_20260729\CODEX_FINAL_AUDIT_20260729\00_MASTER_CONTROL\WARNINGS.md | D:\CRG_TCN_20260729\AllResult_20260729\CODEX_FINAL_AUDIT_20260729\10_RELEASE_PACKAGES\FULL_LOCAL_AUDIT_PACKAGE\00_MASTER_CONTROL\WARNINGS.md | D:\CRG_TCN_20260729\AllResult_20260729\CODEX_FINAL_AUDIT_20260729\10_RELEASE_PACKAGES\GPT_REVIEW_PACKAGE\stages\00_MASTER_CONTROL\WARNINGS.md
383,56add640efc079642386ed30ea0f80acb7290412acdbebaae5df12782beb9d4a,3,archive_and_working_sources,D:\2026_07_23\多数据源数据\20260719\T2_FINAL_EXPERIMENT_PACKAGE\05_E6_ablation\rainfall_ablation\metrics_with_deltas.csv | D:\2026_07_23\多数据源数据\2026071901\GPT_REVIEW_BUNDLE\T2_EVIDENCE\05_E6_ablation\rainfall_ablation\metrics_with_deltas.csv | D:\2026_07_23\多数据源数据\2026071901\T2_FINAL_EXPERIMENT_PACKAGE\05_E6_ablation\rainfall_ablation\metrics_with_deltas.csv
384,574ca7663c23fea4e5e645a80941556bea591ccdf37becad6a9e3efe04614bb7,3,legacy_PD_future_window_mean,D:\2026_PD\outputs\tables\data_dictionary_source.csv | D:\2026_PD\PanBorneo_prediction_paper_support_data_20260626_120445\01_raw_cleaned_data\outputs__tables__data_dictionary_source.csv | D:\2026_PD\PanBorneo_prediction_paper_support_data_20260626_120906\01_raw_cleaned_data\outputs__tables__data_dictionary_source.csv
385,57b543bde2d2e4a47605814441ad2df3fceec733151a3fff143f07096d0ac524,3,v2.2_point_target_and_audits,D:\CRG_TCN_20260729\AllResult_20260729\CODEX_FINAL_AUDIT_20260729\10_RELEASE_PACKAGES\FINAL_RESULT_CLAIM_MATRIX.csv | D:\CRG_TCN_20260729\AllResult_20260729\CODEX_FINAL_AUDIT_20260729\10_RELEASE_PACKAGES\FULL_LOCAL_AUDIT_PACKAGE\10_RELEASE_PACKAGES\FINAL_RESULT_CLAIM_MATRIX.csv | D:\CRG_TCN_20260729\AllResult_20260729\CODEX_FINAL_AUDIT_20260729\10_RELEASE_PACKAGES\GPT_REVIEW_PACKAGE\FINAL_RESULT_CLAIM_MATRIX.csv
386,59e6232103097139d88c4efbe292ba789ab3e58204fbdd1d034689c0a2a7885c,3,legacy_PD_future_window_mean,D:\2026_PD\GitHub\outputs\github_release\PanBorneo_FCD_Forecasting_Reproducibility_Package\data\file_manifest.csv | D:\2026_PD\PanBorneo_prediction_paper_support_data_20260626_120445\00_manifest_sources\GitHub__outputs__github_release__PanBorneo_FCD_Forecasting_Reproducibility_Package__data__file_manifest.csv | D:\2026_PD\PanBorneo_prediction_paper_support_data_20260626_120906\00_manifest_sources\GitHub__outputs__github_release__PanBorneo_FCD_Forecasting_Reproducibility_Package__data__file_manifest.csv
387,5c9670c930a5884d291ab8bf698cda0f606f4b3e705be750390f0c6e2faab751,3,v2.2_point_target_and_audits,D:\CRG_TCN_20260729\AllResult_20260729\CODEX_FINAL_AUDIT_20260729\10_RELEASE_PACKAGES\FULL_LOCAL_AUDIT_PACKAGE\representative_samples\README.md | D:\CRG_TCN_20260729\AllResult_20260729\CODEX_FINAL_AUDIT_20260729\10_RELEASE_PACKAGES\GPT_REVIEW_PACKAGE\representative_samples\README.md | D:\CRG_TCN_20260729\AllResult_20260729\CODEX_FINAL_AUDIT_20260729\representative_samples\README.md
388,5f8aab5ee6dd386ff2aaea5adca121c4c84d008c1667245050c5e0dfd01774a5,3,T2_environment_multimodal | archive_and_working_sources,D:\2026_07_23\多数据源数据\20260714_2227\t2_final_experiment_ready_package_extracted_v2\04_air_quality_raw\air_quality_request_manifest.csv | D:\2026_07_23\多数据源数据\20260715\T2_final_V2_complete\04_air_quality_raw\air_quality_request_manifest.csv | D:\2026_T2_ENV\04_air_quality_raw\air_quality_request_manifest.csv
389,5faeea41bc0b02a2444d9df733bf8507a6c4af37f89f0c5831311dcaf0931bfc,3,v2.2_point_target_and_audits,D:\CRG_TCN_20260729\AllResult_20260729\CODEX_FINAL_AUDIT_20260729\10_RELEASE_PACKAGES\MANIFEST_POLICY.md | D:\CRG_TCN_20260729\AllResult_20260729\CODEX_FINAL_AUDIT_20260729\10_RELEASE_PACKAGES\FULL_LOCAL_AUDIT_PACKAGE\10_RELEASE_PACKAGES\MANIFEST_POLICY.md | D:\CRG_TCN_20260729\AllResult_20260729\CODEX_FINAL_AUDIT_20260729\10_RELEASE_PACKAGES\GPT_REVIEW_PACKAGE\MANIFEST_POLICY.md
390,5ffd960790e7e0972aeb044e97ebaaaccec4149f137a850da3287b56a0088914,3,v2.2_point_target_and_audits,D:\CRG_TCN_20260729\01_实验主工程\CRG_TCN_review_v2\package_extracted\03_CRG_TCN_experiment_framework_v2_final_week_blind\scripts\build_hourly_panel.py | D:\CRG_TCN_20260729\02_论文审计与投稿\AJSE_Audit_Export\20260729_GitHub\scripts\build_hourly_panel.py | D:\CRG_TCN_20260729\02_论文审计与投稿\AJSE_Audit_Export\AJSE_Audit_Core\02_data_aggregation_audit\version2_current_repo\build_hourly_panel.py
391,60248816be0d6c30270ebc5256666a2cfafbc05b6b4b9c4750ed8f8c9ff96198,3,archive_and_working_sources,D:\2026_07_23\多数据源数据\20260719\T2_FINAL_EXPERIMENT_PACKAGE\09_E7_UQ\config.yaml | D:\2026_07_23\多数据源数据\2026071901\GPT_REVIEW_BUNDLE\T2_EVIDENCE\09_E7_UQ\config.yaml | D:\2026_07_23\多数据源数据\2026071901\T2_FINAL_EXPERIMENT_PACKAGE\09_E7_UQ\config.yaml
392,6058ee3476a6b4352bf12c6711541d4842ee76b3d4a469abfe4eca4588ef57ab,3,v2.2_point_target_and_audits,D:\CRG_TCN_20260729\AllResult_20260729\CODEX_FINAL_AUDIT_20260729\10_RELEASE_PACKAGES\FULL_LOCAL_AUDIT_PACKAGE\scripts\10_finalize_delivery.py | D:\CRG_TCN_20260729\AllResult_20260729\CODEX_FINAL_AUDIT_20260729\10_RELEASE_PACKAGES\GPT_REVIEW_PACKAGE\audit_scripts\10_finalize_delivery.py | D:\CRG_TCN_20260729\AllResult_20260729\CODEX_FINAL_AUDIT_20260729\scripts\10_finalize_delivery.py
393,61b4de87951449fbb60ec8773fdd3b380b2760728b1f86b1b6e14bddd7ee20c1,3,archive_and_working_sources,D:\2026_07_23\多数据源数据\20260719\T2_FINAL_EXPERIMENT_PACKAGE\06_scenario_analysis\rain_event_analysis\event_metric_correlations.csv | D:\2026_07_23\多数据源数据\2026071901\GPT_REVIEW_BUNDLE\T2_EVIDENCE\06_scenario_analysis\rain_event_analysis\event_metric_correlations.csv | D:\2026_07_23\多数据源数据\2026071901\T2_FINAL_EXPERIMENT_PACKAGE\06_scenario_analysis\rain_event_analysis\event_metric_correlations.csv
394,6502fc31d67a7367bc2fbe109be2ea25ce69168772c722b0037374a0003d2ba1,3,v2.2_point_target_and_audits,D:\CRG_TCN_20260729\AllResult_20260729\CODEX_FINAL_AUDIT_20260729\10_RELEASE_PACKAGES\FULL_LOCAL_AUDIT_PACKAGE\scripts\08_claim_evidence.py | D:\CRG_TCN_20260729\AllResult_20260729\CODEX_FINAL_AUDIT_20260729\10_RELEASE_PACKAGES\GPT_REVIEW_PACKAGE\audit_scripts\08_claim_evidence.py | D:\CRG_TCN_20260729\AllResult_20260729\CODEX_FINAL_AUDIT_20260729\scripts\08_claim_evidence.py
395,669815001b03958de966c89b897bfa44841c382681274b34ee1607e364270051,3,v2.2_point_target_and_audits | v2.2_point_target_quarantine,D:\2026_AJSE_FINAL_QUARANTINE\AJSE_non_Phase2A_20260730_093635\AJSE_P8_GPT_Review_Core_20260729_2047\manifests\v2_2_2of4\P8_FINAL_REPORT.md | D:\CRG_TCN_20260729\01_实验主工程\CRG_TCN_review_v2\package_extracted\03_CRG_TCN_experiment_framework_v2_final_week_blind\manifests\v2_2_2of4\P8_FINAL_REPORT.md | D:\CRG_TCN_20260729\02_论文审计与投稿\AJSE_Audit_Export\20260729_GitHub\manifests\v2_2_2of4\P8_FINAL_REPORT.md
396,68300d0ffc3a51e719790d0d58954daa576c94dc391b9819343f0b9700a6a74a,3,archive_and_working_sources,D:\2026_07_23\多数据源数据\20260719fig\fig05_full_statistical_results.csv | D:\2026_07_23\多数据源数据\20260719fig\Table_Sx_Fig05_full_statistical_results.csv | D:\2026_07_23\多数据源数据\20260719fig\archive_before_fig05_special_audit_20260719\fig05_full_statistical_results.csv
397,68db672f399ae1aa3eb89b64bc17a11d2582d48884029c651ac6864e475a85d8,3,T2_environment_multimodal | archive_and_working_sources,D:\2026_07_23\多数据源数据\20260714_2227\node_static_context_methodology.md | D:\2026_07_23\多数据源数据\20260714_2227\archive_v1_deprecated\node_static_context_methodology.md | D:\2026_T2_ENV\09_audit_reports\node_static_context_methodology.md
398,69a84ad09e7d05608aa738fc392b464b92d0a778206b3a24f6b7c426bdb814cc,3,v2.2_point_target_and_audits,D:\CRG_TCN_20260729\AllResult_20260729\CODEX_FINAL_AUDIT_20260729\02_ENGINEERING_INTEGRITY\checkpoint_registry.csv | D:\CRG_TCN_20260729\AllResult_20260729\CODEX_FINAL_AUDIT_20260729\10_RELEASE_PACKAGES\FULL_LOCAL_AUDIT_PACKAGE\02_ENGINEERING_INTEGRITY\checkpoint_registry.csv | D:\CRG_TCN_20260729\AllResult_20260729\CODEX_FINAL_AUDIT_20260729\10_RELEASE_PACKAGES\GPT_REVIEW_PACKAGE\engineering\checkpoint_registry.csv
399,6e029ff2dc65e8e62f7582870727b20418feb41397cf127539cb6b4d3e566647,3,archive_and_working_sources,D:\2026_07_23\多数据源数据\20260719\T2_FINAL_EXPERIMENT_PACKAGE\04_E1_E5\metrics_by_seed.csv | D:\2026_07_23\多数据源数据\2026071901\GPT_REVIEW_BUNDLE\T2_EVIDENCE\04_E1_E5\metrics_by_seed.csv | D:\2026_07_23\多数据源数据\2026071901\T2_FINAL_EXPERIMENT_PACKAGE\04_E1_E5\metrics_by_seed.csv
400,6f34bcf649a1020f403484ade046fa88791b55c273dd10c246b55ff7b4d1aca3,3,v2.2_point_target_and_audits,D:\CRG_TCN_20260729\AllResult_20260729\CODEX_FINAL_AUDIT_20260729\09_TABLES_FIGURES\tables\Table_3.csv | D:\CRG_TCN_20260729\AllResult_20260729\CODEX_FINAL_AUDIT_20260729\10_RELEASE_PACKAGES\FULL_LOCAL_AUDIT_PACKAGE\09_TABLES_FIGURES\tables\Table_3.csv | D:\CRG_TCN_20260729\AllResult_20260729\CODEX_FINAL_AUDIT_20260729\10_RELEASE_PACKAGES\GPT_REVIEW_PACKAGE\tables_figures\tables\Table_3.csv
401,6ff3ab22158b56e3bcb721ae2dd90d51acebd45d47375f9da1636adb25f9b41b,3,v2.2_point_target_and_audits,D:\CRG_TCN_20260729\AllResult_20260729\CODEX_FINAL_AUDIT_20260729\09_TABLES_FIGURES\asset_validation.json | D:\CRG_TCN_20260729\AllResult_20260729\CODEX_FINAL_AUDIT_20260729\10_RELEASE_PACKAGES\FULL_LOCAL_AUDIT_PACKAGE\09_TABLES_FIGURES\asset_validation.json | D:\CRG_TCN_20260729\AllResult_20260729\CODEX_FINAL_AUDIT_20260729\10_RELEASE_PACKAGES\GPT_REVIEW_PACKAGE\tables_figures\asset_validation.json
402,71cef75d9d9ca85a0651fce24497e9eeeb1af7ebb39c49d73e0e190e0b901406,3,v2.2_point_target_and_audits,D:\CRG_TCN_20260729\AllResult_20260729\CODEX_FINAL_AUDIT_20260729\08_CLAIM_EVIDENCE\claim_support_matrix.md | D:\CRG_TCN_20260729\AllResult_20260729\CODEX_FINAL_AUDIT_20260729\10_RELEASE_PACKAGES\FULL_LOCAL_AUDIT_PACKAGE\08_CLAIM_EVIDENCE\claim_support_matrix.md | D:\CRG_TCN_20260729\AllResult_20260729\CODEX_FINAL_AUDIT_20260729\10_RELEASE_PACKAGES\GPT_REVIEW_PACKAGE\scientific_evidence\08_CLAIM_EVIDENCE\claim_support_matrix.md
403,7351ada8e4bbecdd268cea38ffa3f39d46aa384236d044cabd0d68687d41d86e,3,archive_and_working_sources | v2.2_point_target_and_audits,D:\2026_07_23\AJSE_Phase6_GPT_Review_20260729\03_code\run_phase6_parallel.py | D:\CRG_TCN_20260729\01_实验主工程\CRG_TCN_review_v2\package_extracted\03_CRG_TCN_experiment_framework_v2_final_week_blind\scripts\run_phase6_parallel.py | D:\CRG_TCN_20260729\02_论文审计与投稿\AJSE_Audit_Export\20260729_GitHub\scripts\run_phase6_parallel.py
404,7512c4866624606d1cdaa3bdbd2ad9fc16d4e4a61f7ae4e4e07663568d85407c,3,legacy_PD_future_window_mean,D:\2026_PD\GitHub\repo_push\2026-PanBorneo-FCD-Forecasting-Reproducibility\scripts\original_project_scripts\phase12a_prepare_plot_data.py | D:\2026_PD\outputs\figure7_fix_backup\20260626_114812\phase12a_prepare_plot_data.py | D:\2026_PD\PanBorneo_prediction_paper_support_data_20260626_120445\02_plotting_data\GitHub__repo_push__2026-PanBorneo-FCD-Forecasting-Reproducibility__scripts__original_project_scripts__phase12a_prepare_plot_data.py
405,752be777e56d25b5b22c5ac3274944a5edfe0b2271b932ea6641dacbe4a6c7d1,3,legacy_PD_future_window_mean,D:\2026_PD\GitHub\outputs\github_release\PanBorneo_FCD_Forecasting_Reproducibility_Package\reports\figure7_recalculation_audit_report.md | D:\2026_PD\PanBorneo_prediction_paper_support_data_20260626_120445\05_reports_logs\GitHub__outputs__github_release__PanBorneo_FCD_Forecasting_Reproducibility_Package__reports__figure7_recalculation_audit_report.md | D:\2026_PD\PanBorneo_prediction_paper_support_data_20260626_120906\05_reports_logs\GitHub__outputs__github_release__PanBorneo_FCD_Forecasting_Reproducibility_Package__reports__figure7_recalculation_audit_report.md
406,780ba3e919dba9d3c6b00b84350be5539213f66365ece3c2099975eca1cbb5db,3,v2.2_point_target_and_audits,D:\CRG_TCN_20260729\AllResult_20260729\CODEX_FINAL_AUDIT_20260729\02_ENGINEERING_INTEGRITY\WARNINGS.md | D:\CRG_TCN_20260729\AllResult_20260729\CODEX_FINAL_AUDIT_20260729\10_RELEASE_PACKAGES\FULL_LOCAL_AUDIT_PACKAGE\02_ENGINEERING_INTEGRITY\WARNINGS.md | D:\CRG_TCN_20260729\AllResult_20260729\CODEX_FINAL_AUDIT_20260729\10_RELEASE_PACKAGES\GPT_REVIEW_PACKAGE\stages\02_ENGINEERING_INTEGRITY\WARNINGS.md
407,78dfe17a616c1f1e474dbae76e28f794e34a785e3ce05d476d2b9bac98d3993d,3,v2.2_point_target_and_audits,D:\CRG_TCN_20260729\AllResult_20260729\CODEX_FINAL_AUDIT_20260729\04_METRIC_RECALCULATION\recalculated_vs_reported.csv | D:\CRG_TCN_20260729\AllResult_20260729\CODEX_FINAL_AUDIT_20260729\10_RELEASE_PACKAGES\FULL_LOCAL_AUDIT_PACKAGE\04_METRIC_RECALCULATION\recalculated_vs_reported.csv | D:\CRG_TCN_20260729\AllResult_20260729\CODEX_FINAL_AUDIT_20260729\10_RELEASE_PACKAGES\GPT_REVIEW_PACKAGE\scientific_evidence\04_METRIC_RECALCULATION\recalculated_vs_reported.csv
408,78e74908a0c6bdf14abc72fb918309da2c153455b2baffbaa38b6a320a904d66,3,v2.2_point_target_and_audits | v2.2_point_target_quarantine,D:\2026_AJSE_FINAL_QUARANTINE\AJSE_non_Phase2A_20260730_093635\AJSE_P8_GPT_Review_Core_20260729_2047\prompts\P7_final_week_blind.md | D:\CRG_TCN_20260729\01_实验主工程\CRG_TCN_review_v2\package_extracted\03_CRG_TCN_experiment_framework_v2_final_week_blind\prompts\P7_final_week_blind.md | D:\CRG_TCN_20260729\02_论文审计与投稿\AJSE_Audit_Export\20260729_GitHub\prompts\P7_final_week_blind.md
409,7a23366c9ce55b21267f64481e105bb49314b8b9ff37c507cd784fa3d4f94822,3,v2.2_point_target_and_audits,D:\CRG_TCN_20260729\AllResult_20260729\CODEX_FINAL_AUDIT_20260729\08_CLAIM_EVIDENCE\required_additional_evidence.md | D:\CRG_TCN_20260729\AllResult_20260729\CODEX_FINAL_AUDIT_20260729\10_RELEASE_PACKAGES\FULL_LOCAL_AUDIT_PACKAGE\08_CLAIM_EVIDENCE\required_additional_evidence.md | D:\CRG_TCN_20260729\AllResult_20260729\CODEX_FINAL_AUDIT_20260729\10_RELEASE_PACKAGES\GPT_REVIEW_PACKAGE\scientific_evidence\08_CLAIM_EVIDENCE\required_additional_evidence.md
410,7be9ce4fc3df6f3e6f6858d1017a2c672e3ccf19cd985b3dd98a7ac7fdf0e473,3,archive_and_working_sources,D:\2026_07_23\多数据源数据\20260719\T2_FINAL_EXPERIMENT_PACKAGE\03_E0_baselines\config.yaml | D:\2026_07_23\多数据源数据\2026071901\GPT_REVIEW_BUNDLE\T2_EVIDENCE\03_E0_baselines\config.yaml | D:\2026_07_23\多数据源数据\2026071901\T2_FINAL_EXPERIMENT_PACKAGE\03_E0_baselines\config.yaml
411,7bf54d7855e95206d95a893cb16a0f32d31943b3843697b93fabd30630c332a2,3,archive_and_working_sources,D:\2026_07_23\多数据源数据\20260719\T2_FINAL_EXPERIMENT_PACKAGE\05_E6_ablation\meteorology_ablation\metrics_by_seed.csv | D:\2026_07_23\多数据源数据\2026071901\GPT_REVIEW_BUNDLE\T2_EVIDENCE\05_E6_ablation\meteorology_ablation\metrics_by_seed.csv | D:\2026_07_23\多数据源数据\2026071901\T2_FINAL_EXPERIMENT_PACKAGE\05_E6_ablation\meteorology_ablation\metrics_by_seed.csv
412,7cda014fd93f134c2dd091fc439ed13a31df5231c32203ab8f1c577ab0a7d0db,3,v2.2_point_target_and_audits,D:\CRG_TCN_20260729\AllResult_20260729\CODEX_FINAL_AUDIT_20260729\03_SCIENTIFIC_VALIDITY\WARNINGS.md | D:\CRG_TCN_20260729\AllResult_20260729\CODEX_FINAL_AUDIT_20260729\10_RELEASE_PACKAGES\FULL_LOCAL_AUDIT_PACKAGE\03_SCIENTIFIC_VALIDITY\WARNINGS.md | D:\CRG_TCN_20260729\AllResult_20260729\CODEX_FINAL_AUDIT_20260729\10_RELEASE_PACKAGES\GPT_REVIEW_PACKAGE\stages\03_SCIENTIFIC_VALIDITY\WARNINGS.md
413,800b0fed085e07829f50438f418d0887bb96a573b6761f28fba2909a72335b5d,3,legacy_PD_future_window_mean,D:\2026_PD\outputs\tables\phase9b_new_seed_runtime_summary.csv | D:\2026_PD\PanBorneo_prediction_paper_support_data_20260626_120445\03_experiment_metrics_tables\outputs__tables__phase9b_new_seed_runtime_summary.csv | D:\2026_PD\PanBorneo_prediction_paper_support_data_20260626_120906\03_experiment_metrics_tables\outputs__tables__phase9b_new_seed_runtime_summary.csv
414,802d4dae277b59402844aeee21e53a8898ae2fc8f8e9332da006d8b60531ccc3,3,v2.2_point_target_and_audits,D:\CRG_TCN_20260729\AllResult_20260729\CODEX_FINAL_AUDIT_20260729\09_TABLES_FIGURES\figure_source_data\Figure_2_source.csv | D:\CRG_TCN_20260729\AllResult_20260729\CODEX_FINAL_AUDIT_20260729\10_RELEASE_PACKAGES\FULL_LOCAL_AUDIT_PACKAGE\09_TABLES_FIGURES\figure_source_data\Figure_2_source.csv | D:\CRG_TCN_20260729\AllResult_20260729\CODEX_FINAL_AUDIT_20260729\10_RELEASE_PACKAGES\GPT_REVIEW_PACKAGE\tables_figures\figure_source_data\Figure_2_source.csv
415,81cf39970889896bccb301875f2a951e1fa1a5c1a9d5d22467eafe851fdb0060,3,v2.2_point_target_and_audits | v2.2_point_target_quarantine,D:\2026_AJSE_FINAL_QUARANTINE\AJSE_non_Phase2A_20260730_093635\AJSE_P8_GPT_Review_Core_20260729_2047\results\P8_v2_2_final_week_comparison\metrics_by_horizon.csv | D:\CRG_TCN_20260729\01_实验主工程\CRG_TCN_review_v2\package_extracted\03_CRG_TCN_experiment_framework_v2_final_week_blind\results\P8_v2_2_final_week_comparison\metrics_by_horizon.csv | D:\CRG_TCN_20260729\02_论文审计与投稿\AJSE_Audit_Export\20260729_GitHub\results\P8_v2_2_final_week_comparison\metrics_by_horizon.csv
416,81fea093f8dd7bc17ea4b451a242c94db9ffcbd79ec41fa0d0ae64b35653ea03,3,v2.2_point_target_and_audits,D:\CRG_TCN_20260729\AllResult_20260729\CODEX_FINAL_AUDIT_20260729\02_ENGINEERING_INTEGRITY\REPORT.md | D:\CRG_TCN_20260729\AllResult_20260729\CODEX_FINAL_AUDIT_20260729\10_RELEASE_PACKAGES\FULL_LOCAL_AUDIT_PACKAGE\02_ENGINEERING_INTEGRITY\REPORT.md | D:\CRG_TCN_20260729\AllResult_20260729\CODEX_FINAL_AUDIT_20260729\10_RELEASE_PACKAGES\GPT_REVIEW_PACKAGE\stages\02_ENGINEERING_INTEGRITY\REPORT.md
417,8227d3653b4994515d62003c9de8611c61ac287ea8c55d54f610a8f980ac16fb,3,archive_and_working_sources | v2.2_point_target_and_audits,D:\2026_07_23\AJSE_Phase6_GPT_Review_20260729\03_code\run_phase6_trial.py | D:\CRG_TCN_20260729\01_实验主工程\CRG_TCN_review_v2\package_extracted\03_CRG_TCN_experiment_framework_v2_final_week_blind\scripts\run_phase6_trial.py | D:\CRG_TCN_20260729\02_论文审计与投稿\AJSE_Audit_Export\20260729_GitHub\scripts\run_phase6_trial.py
418,8305656ff1ee3ea0c8ca29b959d1663b1697d6ee25d0f689a3eb13e101993d8b,3,legacy_PD_future_window_mean,D:\2026_PD\GitHub\outputs\github_release\PanBorneo_FCD_Forecasting_Reproducibility_Package\reports\data_package_validation_report.md | D:\2026_PD\PanBorneo_prediction_paper_support_data_20260626_120445\05_reports_logs\GitHub__outputs__github_release__PanBorneo_FCD_Forecasting_Reproducibility_Package__reports__data_package_validation_report.md | D:\2026_PD\PanBorneo_prediction_paper_support_data_20260626_120906\05_reports_logs\GitHub__outputs__github_release__PanBorneo_FCD_Forecasting_Reproducibility_Package__reports__data_package_validation_report.md
419,84461703317497160780de9cbff07c8e79cc9ca77c52a3b5f84a1b2ef0c94fe7,3,v2.2_point_target_and_audits,D:\CRG_TCN_20260729\AllResult_20260729\CODEX_FINAL_AUDIT_20260729\06_DIRECT_RECURSIVE_ANALYSIS\COMMANDS_EXECUTED.txt | D:\CRG_TCN_20260729\AllResult_20260729\CODEX_FINAL_AUDIT_20260729\10_RELEASE_PACKAGES\FULL_LOCAL_AUDIT_PACKAGE\06_DIRECT_RECURSIVE_ANALYSIS\COMMANDS_EXECUTED.txt | D:\CRG_TCN_20260729\AllResult_20260729\CODEX_FINAL_AUDIT_20260729\10_RELEASE_PACKAGES\GPT_REVIEW_PACKAGE\scientific_evidence\06_DIRECT_RECURSIVE_ANALYSIS\COMMANDS_EXECUTED.txt
420,8534193a2adc55ef95399a1c81f18292ffafddc2ec5bce8b68a1eae83ab8b0e2,3,archive_and_working_sources,D:\2026_07_23\多数据源数据\20260719\T2_FINAL_EXPERIMENT_PACKAGE\12_figure_source_data\Fig3_method_framework\data_definition.txt | D:\2026_07_23\多数据源数据\2026071901\GPT_REVIEW_BUNDLE\T2_EVIDENCE\12_figure_source_data\Fig3_method_framework\data_definition.txt | D:\2026_07_23\多数据源数据\2026071901\T2_FINAL_EXPERIMENT_PACKAGE\12_figure_source_data\Fig3_method_framework\data_definition.txt
421,86a15df1e05e61531edecc70f19f24b3c99da8f4c5ee0fc62534fae2446c8b57,3,v2.2_point_target_and_audits,D:\CRG_TCN_20260729\AllResult_20260729\CODEX_FINAL_AUDIT_20260729\06_DIRECT_RECURSIVE_ANALYSIS\direct_recursive_horizon_metrics.csv | D:\CRG_TCN_20260729\AllResult_20260729\CODEX_FINAL_AUDIT_20260729\10_RELEASE_PACKAGES\FULL_LOCAL_AUDIT_PACKAGE\06_DIRECT_RECURSIVE_ANALYSIS\direct_recursive_horizon_metrics.csv | D:\CRG_TCN_20260729\AllResult_20260729\CODEX_FINAL_AUDIT_20260729\10_RELEASE_PACKAGES\GPT_REVIEW_PACKAGE\scientific_evidence\06_DIRECT_RECURSIVE_ANALYSIS\direct_recursive_horizon_metrics.csv
422,877f39c864fd45dd1334812cf048265180ef4c2ad8a22f7652c5aebef0f4f4a7,3,archive_and_working_sources,D:\2026_07_23\多数据源数据\20260719\T2_FINAL_EXPERIMENT_PACKAGE\05_E6_ablation\atmospheric_ablation\metrics_by_seed.csv | D:\2026_07_23\多数据源数据\2026071901\GPT_REVIEW_BUNDLE\T2_EVIDENCE\05_E6_ablation\atmospheric_ablation\metrics_by_seed.csv | D:\2026_07_23\多数据源数据\2026071901\T2_FINAL_EXPERIMENT_PACKAGE\05_E6_ablation\atmospheric_ablation\metrics_by_seed.csv
423,8884603656d807173d274e381da165957d9e17fbacaff2b9e8d47094b9747f1e,3,v2.2_point_target_and_audits,D:\CRG_TCN_20260729\02_论文审计与投稿\AJSE_Audit_Export\_paper_plot_deps\mpl_toolkits\axes_grid1\tests\conftest.py | D:\CRG_TCN_20260729\02_论文审计与投稿\AJSE_Audit_Export\_paper_plot_deps\mpl_toolkits\axisartist\tests\conftest.py | D:\CRG_TCN_20260729\02_论文审计与投稿\AJSE_Audit_Export\_paper_plot_deps\mpl_toolkits\mplot3d\tests\conftest.py
424,89330fc180569254d95701c2fb60ff068c1a98f35fb2219cca6ffba583c47d64,3,archive_and_working_sources,D:\2026_07_23\多数据源数据\20260719\T2_FINAL_EXPERIMENT_PACKAGE\13_table_source_data\Table2_dataset_split_scenarios.csv | D:\2026_07_23\多数据源数据\2026071901\GPT_REVIEW_BUNDLE\T2_EVIDENCE\13_table_source_data\Table2_dataset_split_scenarios.csv | D:\2026_07_23\多数据源数据\2026071901\T2_FINAL_EXPERIMENT_PACKAGE\13_table_source_data\Table2_dataset_split_scenarios.csv
425,89a70f379c5e416510d9584972c28da3329714b10255537476e9e634966780dd,3,v2.2_point_target_and_audits,D:\CRG_TCN_20260729\AllResult_20260729\CODEX_FINAL_AUDIT_20260729\09_TABLES_FIGURES\figure_source_data\Figure_3_source.csv | D:\CRG_TCN_20260729\AllResult_20260729\CODEX_FINAL_AUDIT_20260729\10_RELEASE_PACKAGES\FULL_LOCAL_AUDIT_PACKAGE\09_TABLES_FIGURES\figure_source_data\Figure_3_source.csv | D:\CRG_TCN_20260729\AllResult_20260729\CODEX_FINAL_AUDIT_20260729\10_RELEASE_PACKAGES\GPT_REVIEW_PACKAGE\tables_figures\figure_source_data\Figure_3_source.csv
426,8a55b5622a5d10bf06ff6e81ef039bbf62090a5b45d23a53bafb5bcbef81ad24,3,v2.2_point_target_and_audits,D:\CRG_TCN_20260729\AllResult_20260729\CODEX_FINAL_AUDIT_20260729\10_RELEASE_PACKAGES\FINAL_SCI_EVIDENCE_REPORT.md | D:\CRG_TCN_20260729\AllResult_20260729\CODEX_FINAL_AUDIT_20260729\10_RELEASE_PACKAGES\FULL_LOCAL_AUDIT_PACKAGE\10_RELEASE_PACKAGES\FINAL_SCI_EVIDENCE_REPORT.md | D:\CRG_TCN_20260729\AllResult_20260729\CODEX_FINAL_AUDIT_20260729\10_RELEASE_PACKAGES\GPT_REVIEW_PACKAGE\FINAL_SCI_EVIDENCE_REPORT.md
427,8b9dba2c4b72b61675f577bcce48949c89ac0f1b30565909cde176b706777996,3,v2.2_point_target_and_audits,D:\CRG_TCN_20260729\AllResult_20260729\CODEX_FINAL_AUDIT_20260729\09_TABLES_FIGURES\figure_generation_scripts\figure_common.py | D:\CRG_TCN_20260729\AllResult_20260729\CODEX_FINAL_AUDIT_20260729\10_RELEASE_PACKAGES\FULL_LOCAL_AUDIT_PACKAGE\09_TABLES_FIGURES\figure_generation_scripts\figure_common.py | D:\CRG_TCN_20260729\AllResult_20260729\CODEX_FINAL_AUDIT_20260729\10_RELEASE_PACKAGES\GPT_REVIEW_PACKAGE\tables_figures\figure_generation_scripts\figure_common.py
428,8bb75eaf91936dc99745b0f2b66c38ffd03651cc0b1df14315aa1e26844cdcbd,3,v2.2_point_target_and_audits,D:\CRG_TCN_20260729\AllResult_20260729\CODEX_FINAL_AUDIT_20260729\09_TABLES_FIGURES\figure_source_data\Figure_4_source.csv | D:\CRG_TCN_20260729\AllResult_20260729\CODEX_FINAL_AUDIT_20260729\10_RELEASE_PACKAGES\FULL_LOCAL_AUDIT_PACKAGE\09_TABLES_FIGURES\figure_source_data\Figure_4_source.csv | D:\CRG_TCN_20260729\AllResult_20260729\CODEX_FINAL_AUDIT_20260729\10_RELEASE_PACKAGES\GPT_REVIEW_PACKAGE\tables_figures\figure_source_data\Figure_4_source.csv
429,8c560af998d343ff4b947eabb66bef447a12d53fd3e5cf2c45b609cd531ef772,3,v2.2_point_target_and_audits,D:\CRG_TCN_20260729\AllResult_20260729\CODEX_FINAL_AUDIT_20260729\10_RELEASE_PACKAGES\github_include_exclude_manifest.csv | D:\CRG_TCN_20260729\AllResult_20260729\CODEX_FINAL_AUDIT_20260729\10_RELEASE_PACKAGES\FULL_LOCAL_AUDIT_PACKAGE\10_RELEASE_PACKAGES\github_include_exclude_manifest.csv | D:\CRG_TCN_20260729\AllResult_20260729\CODEX_FINAL_AUDIT_20260729\10_RELEASE_PACKAGES\GPT_REVIEW_PACKAGE\release_audits\github_include_exclude_manifest.csv
430,8d333cf42a77419890812347dbe442728f354036637048aaaf584e1b5e5505f1,3,v2.2_point_target_and_audits,D:\CRG_TCN_20260729\AllResult_20260729\CODEX_FINAL_AUDIT_20260729\04_METRIC_RECALCULATION\model_fold_seed_metrics.csv | D:\CRG_TCN_20260729\AllResult_20260729\CODEX_FINAL_AUDIT_20260729\10_RELEASE_PACKAGES\FULL_LOCAL_AUDIT_PACKAGE\04_METRIC_RECALCULATION\model_fold_seed_metrics.csv | D:\CRG_TCN_20260729\AllResult_20260729\CODEX_FINAL_AUDIT_20260729\10_RELEASE_PACKAGES\GPT_REVIEW_PACKAGE\scientific_evidence\04_METRIC_RECALCULATION\model_fold_seed_metrics.csv
431,9031279328896b6bff2cb43c71f53005e99f98c20759b1ce5ff698f6066ca537,3,v2.2_point_target_and_audits,D:\CRG_TCN_20260729\AllResult_20260729\CODEX_FINAL_AUDIT_20260729\08_CLAIM_EVIDENCE\abstract_evidence_points.md | D:\CRG_TCN_20260729\AllResult_20260729\CODEX_FINAL_AUDIT_20260729\10_RELEASE_PACKAGES\FULL_LOCAL_AUDIT_PACKAGE\08_CLAIM_EVIDENCE\abstract_evidence_points.md | D:\CRG_TCN_20260729\AllResult_20260729\CODEX_FINAL_AUDIT_20260729\10_RELEASE_PACKAGES\GPT_REVIEW_PACKAGE\scientific_evidence\08_CLAIM_EVIDENCE\abstract_evidence_points.md
432,90b06e8fe039d9616011745e3bd6b2b1ed09f79efb54c19c635e8626d02d4ca6,3,v2.2_point_target_and_audits,D:\CRG_TCN_20260729\AllResult_20260729\CODEX_FINAL_AUDIT_20260729\10_RELEASE_PACKAGES\FULL_LOCAL_AUDIT_PACKAGE\scripts\09_finalize_tables_figures.py | D:\CRG_TCN_20260729\AllResult_20260729\CODEX_FINAL_AUDIT_20260729\10_RELEASE_PACKAGES\GPT_REVIEW_PACKAGE\audit_scripts\09_finalize_tables_figures.py | D:\CRG_TCN_20260729\AllResult_20260729\CODEX_FINAL_AUDIT_20260729\scripts\09_finalize_tables_figures.py
433,92303539665c36a16e0c2a71bf641958ee0d7451eee024dcd14a82acb7a1213a,3,archive_and_working_sources,D:\2026_07_23\多数据源数据\20260719\T2_FINAL_EXPERIMENT_PACKAGE\05_E6_ablation\rainfall_ablation\metrics_summary.csv | D:\2026_07_23\多数据源数据\2026071901\GPT_REVIEW_BUNDLE\T2_EVIDENCE\05_E6_ablation\rainfall_ablation\metrics_summary.csv | D:\2026_07_23\多数据源数据\2026071901\T2_FINAL_EXPERIMENT_PACKAGE\05_E6_ablation\rainfall_ablation\metrics_summary.csv
434,92edf1b11f44ceec84e3ec61a9c2cfa52fc4d6cd33fc32e117980187ddeddc21,3,archive_and_working_sources,D:\2026_07_23\多数据源数据\20260719\T2_FINAL_EXPERIMENT_PACKAGE\08_sensitivity_analysis\all_test_metrics.csv | D:\2026_07_23\多数据源数据\2026071901\GPT_REVIEW_BUNDLE\T2_EVIDENCE\08_sensitivity_analysis\all_test_metrics.csv | D:\2026_07_23\多数据源数据\2026071901\T2_FINAL_EXPERIMENT_PACKAGE\08_sensitivity_analysis\all_test_metrics.csv
435,93a3fe4f3a7194adb4536e92a45c64a696e12b57ca6f5324a5908ff1b37ff42c,3,v2.2_point_target_and_audits,D:\CRG_TCN_20260729\AllResult_20260729\CODEX_FINAL_AUDIT_20260729\03_SCIENTIFIC_VALIDITY\SHA256SUMS.txt | D:\CRG_TCN_20260729\AllResult_20260729\CODEX_FINAL_AUDIT_20260729\10_RELEASE_PACKAGES\FULL_LOCAL_AUDIT_PACKAGE\03_SCIENTIFIC_VALIDITY\SHA256SUMS.txt | D:\CRG_TCN_20260729\AllResult_20260729\CODEX_FINAL_AUDIT_20260729\10_RELEASE_PACKAGES\GPT_REVIEW_PACKAGE\stages\03_SCIENTIFIC_VALIDITY\SHA256SUMS.txt
436,9498f9f442499326a1662c59d24322b947b8afb58cbc6c3a5de839b31776710b,3,Phase2A_definition_freeze | archive_and_working_sources,D:\2026_07_23\AJSE_Phase6_GPT_Review_20260729\05_phase2a0_context\BLIND_TEST_ELIGIBILITY.md | D:\2026_AJSE_FINAL\01_PHASE2A_DEFINITION_FREEZE\AJSE_Phase2A0_Definition_Freeze\01_blind_test_audit\BLIND_TEST_ELIGIBILITY.md | D:\2026_AJSE_FINAL\01_PHASE2A_DEFINITION_FREEZE\AJSE_Phase2A0_Definition_Freeze\11_reports\BLIND_TEST_ELIGIBILITY.md
437,962aa86b62f063116c40862872c7ebdd94d5002f23d2db2355c8da3aa710fa33,3,v2.2_point_target_and_audits,D:\CRG_TCN_20260729\AllResult_20260729\CODEX_FINAL_AUDIT_20260729\08_CLAIM_EVIDENCE\title_options.md | D:\CRG_TCN_20260729\AllResult_20260729\CODEX_FINAL_AUDIT_20260729\10_RELEASE_PACKAGES\FULL_LOCAL_AUDIT_PACKAGE\08_CLAIM_EVIDENCE\title_options.md | D:\CRG_TCN_20260729\AllResult_20260729\CODEX_FINAL_AUDIT_20260729\10_RELEASE_PACKAGES\GPT_REVIEW_PACKAGE\scientific_evidence\08_CLAIM_EVIDENCE\title_options.md
438,98de84150083d40acc14f8bfce60cc29863d4b883a7d967c00fb3c3a1a0a3790,3,v2.2_point_target_and_audits,D:\CRG_TCN_20260729\AllResult_20260729\CODEX_FINAL_AUDIT_20260729\09_TABLES_FIGURES\tables\xlsx\CRG_TCN_Paper_Tables.xlsx | D:\CRG_TCN_20260729\AllResult_20260729\CODEX_FINAL_AUDIT_20260729\10_RELEASE_PACKAGES\FULL_LOCAL_AUDIT_PACKAGE\09_TABLES_FIGURES\tables\xlsx\CRG_TCN_Paper_Tables.xlsx | D:\CRG_TCN_20260729\AllResult_20260729\CODEX_FINAL_AUDIT_20260729\10_RELEASE_PACKAGES\GPT_REVIEW_PACKAGE\tables_figures\tables\xlsx\CRG_TCN_Paper_Tables.xlsx
439,99c56e6d17374f9379e777fcec6b7dd82247288891efb7a6cdfa620a55983f4f,3,archive_and_working_sources,D:\2026_07_23\多数据源数据\20260719\T2_FINAL_EXPERIMENT_PACKAGE\14_final_reports\T2_FINAL_DATA_READINESS_REPORT.md | D:\2026_07_23\多数据源数据\2026071901\GPT_REVIEW_BUNDLE\T2_EVIDENCE\14_final_reports\T2_FINAL_DATA_READINESS_REPORT.md | D:\2026_07_23\多数据源数据\2026071901\T2_FINAL_EXPERIMENT_PACKAGE\14_final_reports\T2_FINAL_DATA_READINESS_REPORT.md
440,99ee3749778b5c8827607242cd6ecf98b0bca56606d13aa4a8a07f72bd231ae3,3,v2.2_point_target_and_audits,D:\CRG_TCN_20260729\AllResult_20260729\CODEX_FINAL_AUDIT_20260729\09_TABLES_FIGURES\FILES_CREATED.csv | D:\CRG_TCN_20260729\AllResult_20260729\CODEX_FINAL_AUDIT_20260729\10_RELEASE_PACKAGES\FULL_LOCAL_AUDIT_PACKAGE\09_TABLES_FIGURES\FILES_CREATED.csv | D:\CRG_TCN_20260729\AllResult_20260729\CODEX_FINAL_AUDIT_20260729\10_RELEASE_PACKAGES\GPT_REVIEW_PACKAGE\tables_figures\FILES_CREATED.csv
441,99f7ab61358cf4015217e0b0de861bbc5c5c358b03a4c86f84f9da5a30074518,3,v2.2_point_target_and_audits | v2.2_point_target_quarantine,D:\2026_AJSE_FINAL_QUARANTINE\AJSE_non_Phase2A_20260730_093635\AJSE_P8_GPT_Review_Core_20260729_2047\configs\matrices\v2_2\P7_final_week_resolved.yaml | D:\CRG_TCN_20260729\01_实验主工程\CRG_TCN_review_v2\package_extracted\03_CRG_TCN_experiment_framework_v2_final_week_blind\configs\matrices\v2_2\P7_final_week_resolved.yaml | D:\CRG_TCN_20260729\02_论文审计与投稿\AJSE_Audit_Export\20260729_GitHub\configs\matrices\v2_2\P7_final_week_resolved.yaml
442,9ab89df5b92d5fe81715dd65312b7ba85500222e92d58b13fd81f9f91a40432f,3,legacy_PD_future_window_mean | v2.2_point_target_and_audits,D:\2026_PD\outputs\manuscript_package\phase19_applied_intelligence\source_tables\phase14_stratified_statistical_tests.csv | D:\2026_PD\outputs\tables\phase14_stratified_statistical_tests.csv | D:\CRG_TCN_20260729\02_论文审计与投稿\AJSE_Audit_Export\AJSE_Audit_Core\09_figures_tables_sources\figure_candidate_data\Fig05_candidate_data\phase14_stratified_statistical_tests.csv
443,9ade1a518b10bc5da432716bb2f50e2f0d78cc5a3049ab24846bc07f320b922c,3,legacy_PD_future_window_mean,D:\2026_PD\GitHub\outputs\github_release\PanBorneo_FCD_Forecasting_Reproducibility_Package\scripts\02_generate_file_manifest.py | D:\2026_PD\PanBorneo_prediction_paper_support_data_20260626_120445\00_manifest_sources\GitHub__outputs__github_release__PanBorneo_FCD_Forecasting_Reproducibility_Package__scripts__02_generate_file_manifest.py | D:\2026_PD\PanBorneo_prediction_paper_support_data_20260626_120906\00_manifest_sources\GitHub__outputs__github_release__PanBorneo_FCD_Forecasting_Reproducibility_Package__scripts__02_generate_file_manifest.py
444,9ce970d0a001b16d3578b005e90ac52dcb451983f424103e225eba88c119d5f3,3,v2.2_point_target_and_audits,D:\CRG_TCN_20260729\AllResult_20260729\CODEX_FINAL_AUDIT_20260729\10_RELEASE_PACKAGES\FULL_LOCAL_AUDIT_PACKAGE\scripts\06_direct_recursive_analysis.py | D:\CRG_TCN_20260729\AllResult_20260729\CODEX_FINAL_AUDIT_20260729\10_RELEASE_PACKAGES\GPT_REVIEW_PACKAGE\audit_scripts\06_direct_recursive_analysis.py | D:\CRG_TCN_20260729\AllResult_20260729\CODEX_FINAL_AUDIT_20260729\scripts\06_direct_recursive_analysis.py
445,9d35971d0e39bca49af7f4d244961910e834893ce7145bb34a4972baf301e6b1,3,v2.2_point_target_and_audits,D:\CRG_TCN_20260729\AllResult_20260729\CODEX_FINAL_AUDIT_20260729\09_TABLES_FIGURES\FIGURE_CAPTIONS.md | D:\CRG_TCN_20260729\AllResult_20260729\CODEX_FINAL_AUDIT_20260729\10_RELEASE_PACKAGES\FULL_LOCAL_AUDIT_PACKAGE\09_TABLES_FIGURES\FIGURE_CAPTIONS.md | D:\CRG_TCN_20260729\AllResult_20260729\CODEX_FINAL_AUDIT_20260729\10_RELEASE_PACKAGES\GPT_REVIEW_PACKAGE\tables_figures\FIGURE_CAPTIONS.md
446,9d921242ecae19a6b55b89c2cb7d5e6ee8d829d3fcae1eaac40423761698d2fb,3,v2.2_point_target_and_audits,D:\CRG_TCN_20260729\AllResult_20260729\CODEX_FINAL_AUDIT_20260729\10_RELEASE_PACKAGES\FULL_LOCAL_AUDIT_PACKAGE\scripts\05_robustness_analysis.py | D:\CRG_TCN_20260729\AllResult_20260729\CODEX_FINAL_AUDIT_20260729\10_RELEASE_PACKAGES\GPT_REVIEW_PACKAGE\audit_scripts\05_robustness_analysis.py | D:\CRG_TCN_20260729\AllResult_20260729\CODEX_FINAL_AUDIT_20260729\scripts\05_robustness_analysis.py
447,9e88b752c37147bc72ac58608b34e6da92458281b3ee7043edf28d2c09a3214c,3,archive_and_working_sources,D:\2026_07_23\多数据源数据\20260719\T2_FINAL_EXPERIMENT_PACKAGE\03_E0_baselines\metrics_by_seed.csv | D:\2026_07_23\多数据源数据\2026071901\GPT_REVIEW_BUNDLE\T2_EVIDENCE\03_E0_baselines\metrics_by_seed.csv | D:\2026_07_23\多数据源数据\2026071901\T2_FINAL_EXPERIMENT_PACKAGE\03_E0_baselines\metrics_by_seed.csv
448,a00ea07c3656bd753f4f68e0337520193b80690cb170acc3ec7472842ef47903,3,archive_and_working_sources,D:\2026_07_23\多数据源数据\20260719\T2_FINAL_EXPERIMENT_PACKAGE\12_figure_source_data\Fig2_data_availability_environmental_conditions\figure_caption_draft.txt | D:\2026_07_23\多数据源数据\2026071901\GPT_REVIEW_BUNDLE\T2_EVIDENCE\12_figure_source_data\Fig2_data_availability_environmental_conditions\figure_caption_draft.txt | D:\2026_07_23\多数据源数据\2026071901\T2_FINAL_EXPERIMENT_PACKAGE\12_figure_source_data\Fig2_data_availability_environmental_conditions\figure_caption_draft.txt
449,a16344b55f594076646f2b9e932d3b4386fadb9d4e28e4bdb1ddc84307d72ce3,3,archive_and_working_sources,D:\2026_07_23\多数据源数据\20260719\T2_FINAL_EXPERIMENT_PACKAGE\12_figure_source_data\Fig7_UQ_environmental_risk\figure_caption_draft.txt | D:\2026_07_23\多数据源数据\2026071901\GPT_REVIEW_BUNDLE\T2_EVIDENCE\12_figure_source_data\Fig7_UQ_environmental_risk\figure_caption_draft.txt | D:\2026_07_23\多数据源数据\2026071901\T2_FINAL_EXPERIMENT_PACKAGE\12_figure_source_data\Fig7_UQ_environmental_risk\figure_caption_draft.txt
450,a7e099d9587d649ae6ff5029d7f957b4972b82b8742cca36c6ccf55b30531a01,3,legacy_PD_future_window_mean,D:\2026_PD\outputs\tables\phase9b_figure_improvement_boxplot.csv | D:\2026_PD\PanBorneo_prediction_paper_support_data_20260626_120445\03_experiment_metrics_tables\outputs__tables__phase9b_figure_improvement_boxplot.csv | D:\2026_PD\PanBorneo_prediction_paper_support_data_20260626_120906\03_experiment_metrics_tables\outputs__tables__phase9b_figure_improvement_boxplot.csv
451,a8868b4624c25ea8d1d53e8a599d447210bb66607975e80ef060af06e339444e,3,archive_and_working_sources,D:\2026_07_23\多数据源数据\20260719\T2_FINAL_EXPERIMENT_PACKAGE\12_figure_source_data\Fig6_environment_reliability_regimes\figure_caption_draft.txt | D:\2026_07_23\多数据源数据\2026071901\GPT_REVIEW_BUNDLE\T2_EVIDENCE\12_figure_source_data\Fig6_environment_reliability_regimes\figure_caption_draft.txt | D:\2026_07_23\多数据源数据\2026071901\T2_FINAL_EXPERIMENT_PACKAGE\12_figure_source_data\Fig6_environment_reliability_regimes\figure_caption_draft.txt
452,a93c8e9c8ed1a5b5e2d8aa52970ee3842ae6481311c8475f6ae9ce8b10645157,3,archive_and_working_sources,D:\2026_07_23\多数据源数据\20260719\T2_FINAL_EXPERIMENT_PACKAGE\10_statistical_tests\holm_corrected_results.csv | D:\2026_07_23\多数据源数据\2026071901\GPT_REVIEW_BUNDLE\T2_EVIDENCE\10_statistical_tests\holm_corrected_results.csv | D:\2026_07_23\多数据源数据\2026071901\T2_FINAL_EXPERIMENT_PACKAGE\10_statistical_tests\holm_corrected_results.csv
453,aa6e728a9565de1be9146f79e471adc12af72b125035eeea4ecc8f9dd2c1927d,3,v2.2_point_target_and_audits | v2.2_point_target_quarantine,D:\2026_AJSE_FINAL_QUARANTINE\AJSE_non_Phase2A_20260730_093635\AJSE_P8_GPT_Review_Core_20260729_2047\results\P8_v2_2_final_week_comparison\metrics_by_state.csv | D:\CRG_TCN_20260729\01_实验主工程\CRG_TCN_review_v2\package_extracted\03_CRG_TCN_experiment_framework_v2_final_week_blind\results\P8_v2_2_final_week_comparison\metrics_by_state.csv | D:\CRG_TCN_20260729\02_论文审计与投稿\AJSE_Audit_Export\20260729_GitHub\results\P8_v2_2_final_week_comparison\metrics_by_state.csv
454,ac1bfb2a91dc1731f8562d308fc4b4788da13b4a8694500f8c92555278d27eb2,3,v2.2_point_target_and_audits,D:\CRG_TCN_20260729\AllResult_20260729\CODEX_FINAL_AUDIT_20260729\10_RELEASE_PACKAGES\SHA256SUMS.txt | D:\CRG_TCN_20260729\AllResult_20260729\CODEX_FINAL_AUDIT_20260729\10_RELEASE_PACKAGES\FULL_LOCAL_AUDIT_PACKAGE\10_RELEASE_PACKAGES\SHA256SUMS.txt | D:\CRG_TCN_20260729\AllResult_20260729\CODEX_FINAL_AUDIT_20260729\10_RELEASE_PACKAGES\GPT_REVIEW_PACKAGE\stages\10_RELEASE_PACKAGES\SHA256SUMS.txt
455,ad0348d269a4262be2cd4eec6f7a84cfc274273db50c32a928d466bc0f6ce9ba,3,archive_and_working_sources | v2.2_point_target_and_audits,D:\2026_07_23\AJSE_Phase6_GPT_Review_20260729\03_code\prepare_phase6_matrix.py | D:\CRG_TCN_20260729\01_实验主工程\CRG_TCN_review_v2\package_extracted\03_CRG_TCN_experiment_framework_v2_final_week_blind\scripts\prepare_phase6_matrix.py | D:\CRG_TCN_20260729\02_论文审计与投稿\AJSE_Audit_Export\20260729_GitHub\scripts\prepare_phase6_matrix.py
456,ad5e024ae4262d1ab78c57fda94686140a0169bfc2d5548669504a3e3d26f863,3,archive_and_working_sources,D:\2026_07_23\多数据源数据\20260719\T2_FINAL_EXPERIMENT_PACKAGE\13_table_source_data\Table1_data_sources_variables.csv | D:\2026_07_23\多数据源数据\2026071901\GPT_REVIEW_BUNDLE\T2_EVIDENCE\13_table_source_data\Table1_data_sources_variables.csv | D:\2026_07_23\多数据源数据\2026071901\T2_FINAL_EXPERIMENT_PACKAGE\13_table_source_data\Table1_data_sources_variables.csv
457,ae0ee596c1e6c10038c9f9daf4a38d79fcd4d0dffc00f64074c18565de26d405,3,v2.2_point_target_and_audits,D:\CRG_TCN_20260729\AllResult_20260729\CODEX_FINAL_AUDIT_20260729\00_MASTER_CONTROL\MASTER_PLAN.md | D:\CRG_TCN_20260729\AllResult_20260729\CODEX_FINAL_AUDIT_20260729\10_RELEASE_PACKAGES\FULL_LOCAL_AUDIT_PACKAGE\00_MASTER_CONTROL\MASTER_PLAN.md | D:\CRG_TCN_20260729\AllResult_20260729\CODEX_FINAL_AUDIT_20260729\10_RELEASE_PACKAGES\GPT_REVIEW_PACKAGE\stages\00_MASTER_CONTROL\MASTER_PLAN.md
458,aece00ef598b0a9e53540ed2b6e67b7d788ea75a88ac83270622948dbd047d61,3,v2.2_point_target_and_audits,D:\CRG_TCN_20260729\AllResult_20260729\CODEX_FINAL_AUDIT_20260729\10_RELEASE_PACKAGES\FULL_LOCAL_AUDIT_PACKAGE\scripts\04_metric_recalculation.py | D:\CRG_TCN_20260729\AllResult_20260729\CODEX_FINAL_AUDIT_20260729\10_RELEASE_PACKAGES\GPT_REVIEW_PACKAGE\audit_scripts\04_metric_recalculation.py | D:\CRG_TCN_20260729\AllResult_20260729\CODEX_FINAL_AUDIT_20260729\scripts\04_metric_recalculation.py
459,af28c1338103ad329e8fc58c0434e204a35ad308ae96db7acb39cb0045c52715,3,archive_and_working_sources,D:\2026_07_23\多数据源数据\20260719\T2_FINAL_EXPERIMENT_PACKAGE\12_figure_source_data\Fig6_environment_reliability_regimes\data_definition.txt | D:\2026_07_23\多数据源数据\2026071901\GPT_REVIEW_BUNDLE\T2_EVIDENCE\12_figure_source_data\Fig6_environment_reliability_regimes\data_definition.txt | D:\2026_07_23\多数据源数据\2026071901\T2_FINAL_EXPERIMENT_PACKAGE\12_figure_source_data\Fig6_environment_reliability_regimes\data_definition.txt
460,af888bd43b6b4bb586db80d7c6ad656f8ee11f6d1d9bf2622bceb7e256f52ca6,3,v2.2_point_target_and_audits,D:\CRG_TCN_20260729\AllResult_20260729\CODEX_FINAL_AUDIT_20260729\10_RELEASE_PACKAGES\FINAL_SHA256SUMS.txt | D:\CRG_TCN_20260729\AllResult_20260729\CODEX_FINAL_AUDIT_20260729\10_RELEASE_PACKAGES\FULL_LOCAL_AUDIT_PACKAGE\10_RELEASE_PACKAGES\FINAL_SHA256SUMS.txt | D:\CRG_TCN_20260729\AllResult_20260729\CODEX_FINAL_AUDIT_20260729\10_RELEASE_PACKAGES\GPT_REVIEW_PACKAGE\FINAL_SHA256SUMS.txt
461,b00d98009773de5246eb6d35a598b95a0f5a4a0fc7e438c9d1514d04b973d0cd,3,legacy_PD_future_window_mean,D:\2026_PD\data\raw\package_extracted\07_scripts\README_reproduce.txt | D:\2026_PD\PanBorneo_prediction_paper_support_data_20260626_120445\06_configs_scripts\data__raw__package_extracted__07_scripts__README_reproduce.txt | D:\2026_PD\PanBorneo_prediction_paper_support_data_20260626_120906\06_configs_scripts\data__raw__package_extracted__07_scripts__README_reproduce.txt
462,b09933ed6d1ca65a138f0317bc92fa309c5eed2bb34e45a72b854c7a369a4887,3,T2_environment_multimodal | archive_and_working_sources,D:\2026_07_23\多数据源数据\20260714_2227\t2_final_experiment_ready_package_extracted_v2\02_weather_raw\weather_request_manifest.csv | D:\2026_07_23\多数据源数据\20260715\T2_final_V2_complete\02_weather_raw\weather_request_manifest.csv | D:\2026_T2_ENV\02_weather_raw\weather_request_manifest.csv
463,b19ac48af07a6ac280913743e5f7728050a87f9949f09cb8f14ee47e36b18675,3,v2.2_point_target_and_audits,D:\CRG_TCN_20260729\AllResult_20260729\CODEX_FINAL_AUDIT_20260729\08_CLAIM_EVIDENCE\current_narrative_recommendation.md | D:\CRG_TCN_20260729\AllResult_20260729\CODEX_FINAL_AUDIT_20260729\10_RELEASE_PACKAGES\FULL_LOCAL_AUDIT_PACKAGE\08_CLAIM_EVIDENCE\current_narrative_recommendation.md | D:\CRG_TCN_20260729\AllResult_20260729\CODEX_FINAL_AUDIT_20260729\10_RELEASE_PACKAGES\GPT_REVIEW_PACKAGE\scientific_evidence\08_CLAIM_EVIDENCE\current_narrative_recommendation.md
464,b1cd0c3602c24347a2461a1e7efb6f0a2f003bfbd98afc30ce013d72b163a90b,3,archive_and_working_sources | v2.2_point_target_and_audits,D:\2026_07_23\PanBorneo基准数据\07_原始数据来源清单\03_air_quality_request_manifest.csv | D:\2026_07_23\多数据源数据\04_air_quality_raw\air_quality_request_manifest.csv | D:\CRG_TCN_20260729\01_实验主工程\CRG_TCN_review_v2\source_data\PanBorneo基准数据\07_原始数据来源清单\03_air_quality_request_manifest.csv
465,b539ce13f9be0f442f66bda8a29bbeecf128e4ac7e7d9c4c467c97b83339fba4,3,v2.2_point_target_and_audits,D:\CRG_TCN_20260729\AllResult_20260729\CODEX_FINAL_AUDIT_20260729\09_TABLES_FIGURES\tables\xlsx\Table_2.xlsx | D:\CRG_TCN_20260729\AllResult_20260729\CODEX_FINAL_AUDIT_20260729\10_RELEASE_PACKAGES\FULL_LOCAL_AUDIT_PACKAGE\09_TABLES_FIGURES\tables\xlsx\Table_2.xlsx | D:\CRG_TCN_20260729\AllResult_20260729\CODEX_FINAL_AUDIT_20260729\10_RELEASE_PACKAGES\GPT_REVIEW_PACKAGE\tables_figures\tables\xlsx\Table_2.xlsx
466,b53e640e4e9e5c404c0432475d6c38526c8ef4eba89ec38df7732398a104cbab,3,v2.2_point_target_and_audits,D:\CRG_TCN_20260729\AllResult_20260729\CODEX_FINAL_AUDIT_20260729\01_FILE_INVENTORY\REPORT.md | D:\CRG_TCN_20260729\AllResult_20260729\CODEX_FINAL_AUDIT_20260729\10_RELEASE_PACKAGES\FULL_LOCAL_AUDIT_PACKAGE\01_FILE_INVENTORY\REPORT.md | D:\CRG_TCN_20260729\AllResult_20260729\CODEX_FINAL_AUDIT_20260729\10_RELEASE_PACKAGES\GPT_REVIEW_PACKAGE\stages\01_FILE_INVENTORY\REPORT.md
467,b5a73b545eb0a8a53de20ce5e3bec38511eb734a0e14ec4d52214b523dd6a6ee,3,v2.2_point_target_and_audits,D:\CRG_TCN_20260729\AllResult_20260729\CODEX_FINAL_AUDIT_20260729\10_RELEASE_PACKAGES\FULL_LOCAL_AUDIT_PACKAGE\scripts\03_scientific_validity.py | D:\CRG_TCN_20260729\AllResult_20260729\CODEX_FINAL_AUDIT_20260729\10_RELEASE_PACKAGES\GPT_REVIEW_PACKAGE\audit_scripts\03_scientific_validity.py | D:\CRG_TCN_20260729\AllResult_20260729\CODEX_FINAL_AUDIT_20260729\scripts\03_scientific_validity.py
468,b9e33ff5fd1ae1db801fc41e2bde488a402a453fa8819184a5548a1ad4dd6751,3,archive_and_working_sources,D:\2026_07_23\多数据源数据\20260719\T2_FINAL_EXPERIMENT_PACKAGE\12_figure_source_data\Fig5_rainfall_lag_and_ablation\figure_caption_draft.txt | D:\2026_07_23\多数据源数据\2026071901\GPT_REVIEW_BUNDLE\T2_EVIDENCE\12_figure_source_data\Fig5_rainfall_lag_and_ablation\figure_caption_draft.txt | D:\2026_07_23\多数据源数据\2026071901\T2_FINAL_EXPERIMENT_PACKAGE\12_figure_source_data\Fig5_rainfall_lag_and_ablation\figure_caption_draft.txt
469,bb34a4a5c4d24c0a88620a3c122da83c1e011955015b3d805d33415149c280fe,3,archive_and_working_sources,D:\2026_07_23\多数据源数据\20260719\T2_FINAL_EXPERIMENT_PACKAGE\06_scenario_analysis\scenario_metrics_by_seed.csv | D:\2026_07_23\多数据源数据\2026071901\GPT_REVIEW_BUNDLE\T2_EVIDENCE\06_scenario_analysis\scenario_metrics_by_seed.csv | D:\2026_07_23\多数据源数据\2026071901\T2_FINAL_EXPERIMENT_PACKAGE\06_scenario_analysis\scenario_metrics_by_seed.csv
470,bb5db2026eafc379138c9ab45e92b956ad0f5d571c8d1483febc5fa0c492a95d,3,legacy_PD_future_window_mean,D:\2026_PD\outputs\tables\phase4_smoke_runtime_summary.csv | D:\2026_PD\PanBorneo_prediction_paper_support_data_20260626_120445\03_experiment_metrics_tables\outputs__tables__phase4_smoke_runtime_summary.csv | D:\2026_PD\PanBorneo_prediction_paper_support_data_20260626_120906\03_experiment_metrics_tables\outputs__tables__phase4_smoke_runtime_summary.csv
471,bc328345d518e693755ca403f0425a4fd52968b0bff8c1fc3b47adbc0857f0a2,3,v2.2_point_target_and_audits,D:\CRG_TCN_20260729\AllResult_20260729\CODEX_FINAL_AUDIT_20260729\09_TABLES_FIGURES\tables\TABLE_NOTES.md | D:\CRG_TCN_20260729\AllResult_20260729\CODEX_FINAL_AUDIT_20260729\10_RELEASE_PACKAGES\FULL_LOCAL_AUDIT_PACKAGE\09_TABLES_FIGURES\tables\TABLE_NOTES.md | D:\CRG_TCN_20260729\AllResult_20260729\CODEX_FINAL_AUDIT_20260729\10_RELEASE_PACKAGES\GPT_REVIEW_PACKAGE\tables_figures\tables\TABLE_NOTES.md
472,bcbe4c77087e228d6ab1e84ae48d3a796f759db936770b8da29957aeb2828a9c,3,archive_and_working_sources,D:\2026_07_23\多数据源数据\20260719\T2_FINAL_EXPERIMENT_PACKAGE\12_figure_source_data\Fig7_UQ_environmental_risk\data_definition.txt | D:\2026_07_23\多数据源数据\2026071901\GPT_REVIEW_BUNDLE\T2_EVIDENCE\12_figure_source_data\Fig7_UQ_environmental_risk\data_definition.txt | D:\2026_07_23\多数据源数据\2026071901\T2_FINAL_EXPERIMENT_PACKAGE\12_figure_source_data\Fig7_UQ_environmental_risk\data_definition.txt
473,bd8026a289f23912f65a9a205a702235d83d85c1b5319a46e8a53f1ab8eafaef,3,archive_and_working_sources,D:\2026_07_23\多数据源数据\20260719\T2_FINAL_EXPERIMENT_PACKAGE\12_figure_source_data\Fig4_modality_comparison\figure_caption_draft.txt | D:\2026_07_23\多数据源数据\2026071901\GPT_REVIEW_BUNDLE\T2_EVIDENCE\12_figure_source_data\Fig4_modality_comparison\figure_caption_draft.txt | D:\2026_07_23\多数据源数据\2026071901\T2_FINAL_EXPERIMENT_PACKAGE\12_figure_source_data\Fig4_modality_comparison\figure_caption_draft.txt
474,bdf23445062c930860fea77c17d6f19cb71d730709a52a43499875446b8c98c2,3,archive_and_working_sources | v2.2_point_target_and_audits,D:\2026_07_23\AJSE_Phase6_GPT_Review_20260729\03_code\validate_phase6.py | D:\CRG_TCN_20260729\01_实验主工程\CRG_TCN_review_v2\package_extracted\03_CRG_TCN_experiment_framework_v2_final_week_blind\scripts\validate_phase6.py | D:\CRG_TCN_20260729\02_论文审计与投稿\AJSE_Audit_Export\20260729_GitHub\scripts\validate_phase6.py
475,be747af19b6120dd554f1967523eabfba6e9eb0a711094722324998729e2b443,3,v2.2_point_target_and_audits | v2.2_point_target_quarantine,D:\2026_AJSE_FINAL_QUARANTINE\AJSE_non_Phase2A_20260730_093635\AJSE_P8_GPT_Review_Core_20260729_2047\scripts\24_audit_final_week_experiment.py | D:\CRG_TCN_20260729\01_实验主工程\CRG_TCN_review_v2\package_extracted\03_CRG_TCN_experiment_framework_v2_final_week_blind\scripts\24_audit_final_week_experiment.py | D:\CRG_TCN_20260729\02_论文审计与投稿\AJSE_Audit_Export\20260729_GitHub\scripts\24_audit_final_week_experiment.py
476,be76b8265b02087c63c5af010fbaf5ad7670573f5b8e1af788ae560f0a6d22a2,3,archive_and_working_sources,D:\2026_07_23\多数据源数据\20260719fig\fig05_full_statistical_results.xlsx | D:\2026_07_23\多数据源数据\20260719fig\Table_Sx_Fig05_full_statistical_results.xlsx | D:\2026_07_23\多数据源数据\20260719fig\archive_before_fig05_special_audit_20260719\fig05_full_statistical_results.xlsx
477,c16764a6b882b19ea5e60bd43f9d61da4a1a0c8eeac0ff76c588dc263a358270,3,v2.2_point_target_and_audits | v2.2_point_target_quarantine,D:\2026_AJSE_FINAL_QUARANTINE\AJSE_non_Phase2A_20260730_093635\AJSE_P8_GPT_Review_Core_20260729_2047\results\P8_v2_2_final_week_comparison\truth_unlock_manifest.json | D:\CRG_TCN_20260729\01_实验主工程\CRG_TCN_review_v2\package_extracted\03_CRG_TCN_experiment_framework_v2_final_week_blind\results\P8_v2_2_final_week_comparison\truth_unlock_manifest.json | D:\CRG_TCN_20260729\02_论文审计与投稿\AJSE_Audit_Export\20260729_GitHub\results\P8_v2_2_final_week_comparison\truth_unlock_manifest.json
478,c3ad1d048a60122fdeab2bda5b2bc6b0e8b1b995b024c9c1186e875b33774d81,3,archive_and_working_sources,D:\2026_07_23\多数据源数据\20260719\T2_FINAL_EXPERIMENT_PACKAGE\12_figure_source_data\Fig2_data_availability_environmental_conditions\data_definition.txt | D:\2026_07_23\多数据源数据\2026071901\GPT_REVIEW_BUNDLE\T2_EVIDENCE\12_figure_source_data\Fig2_data_availability_environmental_conditions\data_definition.txt | D:\2026_07_23\多数据源数据\2026071901\T2_FINAL_EXPERIMENT_PACKAGE\12_figure_source_data\Fig2_data_availability_environmental_conditions\data_definition.txt
479,c46e32a47b7e8e7800e84d03a1278fa997460add64c97ab8f7af0afd1491887d,3,archive_and_working_sources,D:\2026_07_23\多数据源数据\20260719\T2_FINAL_EXPERIMENT_PACKAGE\08_sensitivity_analysis\excluding_20260217_metrics.csv | D:\2026_07_23\多数据源数据\2026071901\GPT_REVIEW_BUNDLE\T2_EVIDENCE\08_sensitivity_analysis\excluding_20260217_metrics.csv | D:\2026_07_23\多数据源数据\2026071901\T2_FINAL_EXPERIMENT_PACKAGE\08_sensitivity_analysis\excluding_20260217_metrics.csv
480,c4c854f8cffe43c31c1910de41d4a1af7baba2eb626d652e7a6b1c027eb56903,3,archive_and_working_sources,D:\2026_07_23\多数据源数据\20260719\T2_FINAL_EXPERIMENT_PACKAGE\11_interpretability\SHAP_NOT_RUN.md | D:\2026_07_23\多数据源数据\2026071901\GPT_REVIEW_BUNDLE\T2_EVIDENCE\11_interpretability\SHAP_NOT_RUN.md | D:\2026_07_23\多数据源数据\2026071901\T2_FINAL_EXPERIMENT_PACKAGE\11_interpretability\SHAP_NOT_RUN.md
481,c536ade763da41bcc14f0cc45b338b045229ca6ea979a102d3961ce32c496005,3,v2.2_point_target_and_audits,D:\CRG_TCN_20260729\AllResult_20260729\CODEX_FINAL_AUDIT_20260729\09_TABLES_FIGURES\figure_generation_scripts\generate_figure_2.py | D:\CRG_TCN_20260729\AllResult_20260729\CODEX_FINAL_AUDIT_20260729\10_RELEASE_PACKAGES\FULL_LOCAL_AUDIT_PACKAGE\09_TABLES_FIGURES\figure_generation_scripts\generate_figure_2.py | D:\CRG_TCN_20260729\AllResult_20260729\CODEX_FINAL_AUDIT_20260729\10_RELEASE_PACKAGES\GPT_REVIEW_PACKAGE\tables_figures\figure_generation_scripts\generate_figure_2.py
482,c5c28bb5747eebb6b5dbd483af9035639918616cfc741b4a6078a50927ca7c3f,3,legacy_PD_future_window_mean,D:\2026_PD\GitHub\outputs\github_release\PanBorneo_FCD_Forecasting_Reproducibility_Package\README.md | D:\2026_PD\PanBorneo_prediction_paper_support_data_20260626_120445\09_other_usable_support_files\GitHub__outputs__github_release__PanBorneo_FCD_Forecasting_Reproducibility_Package__README.md | D:\2026_PD\PanBorneo_prediction_paper_support_data_20260626_120906\09_other_usable_support_files\GitHub__outputs__github_release__PanBorneo_FCD_Forecasting_Reproducibility_Package__README.md
483,c5dd529eddff877591a1b70a11eb4a04cca3419ca25506f0ea944768723761c2,3,legacy_PD_future_window_mean,D:\2026_PD\outputs\tables\phase10_figure_seed_scatter.csv | D:\2026_PD\PanBorneo_prediction_paper_support_data_20260626_120445\03_experiment_metrics_tables\outputs__tables__phase10_figure_seed_scatter.csv | D:\2026_PD\PanBorneo_prediction_paper_support_data_20260626_120906\03_experiment_metrics_tables\outputs__tables__phase10_figure_seed_scatter.csv
484,c60706e369696004678e6014cbf4a163289d7f24707b242dd003b604496dcc2f,3,legacy_PD_future_window_mean,D:\2026_PD\outputs\tables\window_count_by_point.csv | D:\2026_PD\PanBorneo_prediction_paper_support_data_20260626_120445\03_experiment_metrics_tables\outputs__tables__window_count_by_point.csv | D:\2026_PD\PanBorneo_prediction_paper_support_data_20260626_120906\03_experiment_metrics_tables\outputs__tables__window_count_by_point.csv
485,c6ae22e6a74f75a8681dd378b36bc26e69310071acb51d8be2c15d273cebd804,3,v2.2_point_target_and_audits,D:\CRG_TCN_20260729\AllResult_20260729\CODEX_FINAL_AUDIT_20260729\09_TABLES_FIGURES\tables\Table_2.csv | D:\CRG_TCN_20260729\AllResult_20260729\CODEX_FINAL_AUDIT_20260729\10_RELEASE_PACKAGES\FULL_LOCAL_AUDIT_PACKAGE\09_TABLES_FIGURES\tables\Table_2.csv | D:\CRG_TCN_20260729\AllResult_20260729\CODEX_FINAL_AUDIT_20260729\10_RELEASE_PACKAGES\GPT_REVIEW_PACKAGE\tables_figures\tables\Table_2.csv
486,c6d1c880a2c1bd4cd916b30f4130bf8c59a79600df3f934b6f4b8247cd5e50f2,3,archive_and_working_sources,D:\2026_07_23\多数据源数据\20260719\T2_FINAL_EXPERIMENT_PACKAGE\05_E6_ablation\atmospheric_ablation\metrics_with_deltas.csv | D:\2026_07_23\多数据源数据\2026071901\GPT_REVIEW_BUNDLE\T2_EVIDENCE\05_E6_ablation\atmospheric_ablation\metrics_with_deltas.csv | D:\2026_07_23\多数据源数据\2026071901\T2_FINAL_EXPERIMENT_PACKAGE\05_E6_ablation\atmospheric_ablation\metrics_with_deltas.csv
487,c7f6406ebb944c8a2f0cd51324fea3e6aced0281c2547e18d30ce11a808382ef,3,archive_and_working_sources,D:\2026_07_23\多数据源数据\20260719\T2_FINAL_EXPERIMENT_PACKAGE\06_scenario_analysis\scenario_metrics_summary.csv | D:\2026_07_23\多数据源数据\2026071901\GPT_REVIEW_BUNDLE\T2_EVIDENCE\06_scenario_analysis\scenario_metrics_summary.csv | D:\2026_07_23\多数据源数据\2026071901\T2_FINAL_EXPERIMENT_PACKAGE\06_scenario_analysis\scenario_metrics_summary.csv
488,ca2464683cacab351273b141688c62932487e0fda1c4d83ffc4f53fd3d336727,3,archive_and_working_sources,D:\2026_07_23\多数据源数据\20260719\T2_FINAL_EXPERIMENT_PACKAGE\12_figure_source_data\Fig1_corridor_environmental_grids\figure_caption_draft.txt | D:\2026_07_23\多数据源数据\2026071901\GPT_REVIEW_BUNDLE\T2_EVIDENCE\12_figure_source_data\Fig1_corridor_environmental_grids\figure_caption_draft.txt | D:\2026_07_23\多数据源数据\2026071901\T2_FINAL_EXPERIMENT_PACKAGE\12_figure_source_data\Fig1_corridor_environmental_grids\figure_caption_draft.txt
489,cb006f322fd174e17124a0a6ca34b20b7724cad8018cdf96baa6edef37cffdb6,3,v2.2_point_target_and_audits,D:\CRG_TCN_20260729\AllResult_20260729\CODEX_FINAL_AUDIT_20260729\04_METRIC_RECALCULATION\COMMANDS_EXECUTED.txt | D:\CRG_TCN_20260729\AllResult_20260729\CODEX_FINAL_AUDIT_20260729\10_RELEASE_PACKAGES\FULL_LOCAL_AUDIT_PACKAGE\04_METRIC_RECALCULATION\COMMANDS_EXECUTED.txt | D:\CRG_TCN_20260729\AllResult_20260729\CODEX_FINAL_AUDIT_20260729\10_RELEASE_PACKAGES\GPT_REVIEW_PACKAGE\scientific_evidence\04_METRIC_RECALCULATION\COMMANDS_EXECUTED.txt
490,cb2189395169b5de6617e79e682c1090d93d4c39dd055795ce2d44c8b7221407,3,v2.2_point_target_and_audits,D:\CRG_TCN_20260729\AllResult_20260729\CODEX_FINAL_AUDIT_20260729\09_TABLES_FIGURES\tables\Table_4.md | D:\CRG_TCN_20260729\AllResult_20260729\CODEX_FINAL_AUDIT_20260729\10_RELEASE_PACKAGES\FULL_LOCAL_AUDIT_PACKAGE\09_TABLES_FIGURES\tables\Table_4.md | D:\CRG_TCN_20260729\AllResult_20260729\CODEX_FINAL_AUDIT_20260729\10_RELEASE_PACKAGES\GPT_REVIEW_PACKAGE\tables_figures\tables\Table_4.md
491,cbc0008e23f0b16c500e47ffad49f41f0b169842fb4ee7a84bcd7805e9d3fff8,3,v2.2_point_target_and_audits,D:\CRG_TCN_20260729\AllResult_20260729\CODEX_FINAL_AUDIT_20260729\09_TABLES_FIGURES\figure_generation_scripts\generate_figure_4.py | D:\CRG_TCN_20260729\AllResult_20260729\CODEX_FINAL_AUDIT_20260729\10_RELEASE_PACKAGES\FULL_LOCAL_AUDIT_PACKAGE\09_TABLES_FIGURES\figure_generation_scripts\generate_figure_4.py | D:\CRG_TCN_20260729\AllResult_20260729\CODEX_FINAL_AUDIT_20260729\10_RELEASE_PACKAGES\GPT_REVIEW_PACKAGE\tables_figures\figure_generation_scripts\generate_figure_4.py
492,cbc0c122997328135d03f60c26818e833a00fe2b0d1f47cd71335cb703f46bd4,3,v2.2_point_target_and_audits,D:\CRG_TCN_20260729\AllResult_20260729\CODEX_FINAL_AUDIT_20260729\04_METRIC_RECALCULATION\model_date_horizon_metrics.csv | D:\CRG_TCN_20260729\AllResult_20260729\CODEX_FINAL_AUDIT_20260729\10_RELEASE_PACKAGES\FULL_LOCAL_AUDIT_PACKAGE\04_METRIC_RECALCULATION\model_date_horizon_metrics.csv | D:\CRG_TCN_20260729\AllResult_20260729\CODEX_FINAL_AUDIT_20260729\10_RELEASE_PACKAGES\GPT_REVIEW_PACKAGE\scientific_evidence\04_METRIC_RECALCULATION\model_date_horizon_metrics.csv
493,cca7028af292d50bf52cf22be8336f30645c3532438f71a954e7fd15dd554b17,3,archive_and_working_sources,D:\2026_07_23\多数据源数据\20260719\T2_TRANSPORTMETRICA_B_FINAL_EXPERIMENT_PACKAGE.sha256.txt | D:\2026_07_23\多数据源数据\2026071901\T2_TRANSPORTMETRICA_B_FINAL_EXPERIMENT_PACKAGE.sha256.txt | D:\2026_07_23\多数据源数据\2026071901\GPT_REVIEW_BUNDLE\T2_TRANSPORTMETRICA_B_FINAL_EXPERIMENT_PACKAGE.sha256.txt
494,cced5a3039a33432b673f8dceb5cb5a438a7750de0525f2f27db3dc4b31408f2,3,legacy_PD_future_window_mean,D:\2026_PD\outputs\tables\phase9b_figure_seed_scatter.csv | D:\2026_PD\PanBorneo_prediction_paper_support_data_20260626_120445\03_experiment_metrics_tables\outputs__tables__phase9b_figure_seed_scatter.csv | D:\2026_PD\PanBorneo_prediction_paper_support_data_20260626_120906\03_experiment_metrics_tables\outputs__tables__phase9b_figure_seed_scatter.csv
495,cdd7e98bda22f052788bb98415c72bbdc59bc896ba18db1bd6055028f85fdcd5,3,archive_and_working_sources,D:\2026_07_23\多数据源数据\20260719\T2_FINAL_EXPERIMENT_PACKAGE\05_E6_ablation\rainfall_ablation\metrics_by_seed.csv | D:\2026_07_23\多数据源数据\2026071901\GPT_REVIEW_BUNDLE\T2_EVIDENCE\05_E6_ablation\rainfall_ablation\metrics_by_seed.csv | D:\2026_07_23\多数据源数据\2026071901\T2_FINAL_EXPERIMENT_PACKAGE\05_E6_ablation\rainfall_ablation\metrics_by_seed.csv
496,ce70a09554cdb89ff1531af314555edb854b08fcdc1d63ca7559208c4a98a3d8,3,v2.2_point_target_and_audits,D:\CRG_TCN_20260729\AllResult_20260729\CODEX_FINAL_AUDIT_20260729\09_TABLES_FIGURES\tables\TABLE_SOURCE_MAPPING.csv | D:\CRG_TCN_20260729\AllResult_20260729\CODEX_FINAL_AUDIT_20260729\10_RELEASE_PACKAGES\FULL_LOCAL_AUDIT_PACKAGE\09_TABLES_FIGURES\tables\TABLE_SOURCE_MAPPING.csv | D:\CRG_TCN_20260729\AllResult_20260729\CODEX_FINAL_AUDIT_20260729\10_RELEASE_PACKAGES\GPT_REVIEW_PACKAGE\tables_figures\tables\TABLE_SOURCE_MAPPING.csv
497,cebcbc3e465eb031b14db0de67752d884e071dfb414a0ee74d6b2277bc0a5ee3,3,archive_and_working_sources,D:\2026_07_23\多数据源数据\20260719\T2_FINAL_EXPERIMENT_PACKAGE\05_E6_ablation\meteorology_ablation\metrics_with_deltas.csv | D:\2026_07_23\多数据源数据\2026071901\GPT_REVIEW_BUNDLE\T2_EVIDENCE\05_E6_ablation\meteorology_ablation\metrics_with_deltas.csv | D:\2026_07_23\多数据源数据\2026071901\T2_FINAL_EXPERIMENT_PACKAGE\05_E6_ablation\meteorology_ablation\metrics_with_deltas.csv
498,cec58a9fdd44eb5af46bd751a48d016186a88613cedacc61753aefb9ac94bff1,3,legacy_PD_future_window_mean,D:\2026_PD\data\raw\package_extracted\06_audit\record_validity_report.csv | D:\2026_PD\PanBorneo_prediction_paper_support_data_20260626_120445\05_reports_logs\data__raw__package_extracted__06_audit__record_validity_report.csv | D:\2026_PD\PanBorneo_prediction_paper_support_data_20260626_120906\05_reports_logs\data__raw__package_extracted__06_audit__record_validity_report.csv
499,d172a467aef0f970ed7171be07aeb159eeb302cf2c0d12e5fc462fbac22f4a29,3,v2.2_point_target_and_audits,D:\CRG_TCN_20260729\AllResult_20260729\CODEX_FINAL_AUDIT_20260729\09_TABLES_FIGURES\tables\xlsx\Table_1.xlsx | D:\CRG_TCN_20260729\AllResult_20260729\CODEX_FINAL_AUDIT_20260729\10_RELEASE_PACKAGES\FULL_LOCAL_AUDIT_PACKAGE\09_TABLES_FIGURES\tables\xlsx\Table_1.xlsx | D:\CRG_TCN_20260729\AllResult_20260729\CODEX_FINAL_AUDIT_20260729\10_RELEASE_PACKAGES\GPT_REVIEW_PACKAGE\tables_figures\tables\xlsx\Table_1.xlsx
500,d1ec628b688e98c342d6724578d00d5a07fe4385702fbb666be28c4fb99b4e77,3,v2.2_point_target_and_audits,D:\CRG_TCN_20260729\AllResult_20260729\CODEX_FINAL_AUDIT_20260729\09_TABLES_FIGURES\tables\xlsx\Table_3.xlsx | D:\CRG_TCN_20260729\AllResult_20260729\CODEX_FINAL_AUDIT_20260729\10_RELEASE_PACKAGES\FULL_LOCAL_AUDIT_PACKAGE\09_TABLES_FIGURES\tables\xlsx\Table_3.xlsx | D:\CRG_TCN_20260729\AllResult_20260729\CODEX_FINAL_AUDIT_20260729\10_RELEASE_PACKAGES\GPT_REVIEW_PACKAGE\tables_figures\tables\xlsx\Table_3.xlsx
